configuration,direction,metric,undefined_runs,n,mean,sd,median,q25,q75,iqr,ci95_low,ci95_high
baseline_beta_005,recorded,exposed_0_only,0,2000,31.799,11.688409149847,29.0,24.0,37.0,13.0,31.28643194673832,32.31156805326168
baseline_beta_005,recorded,exposed_1_only,0,2000,30.064,11.054908841991976,28.0,23.0,35.0,12.0,29.579212632319656,30.548787367680344
baseline_beta_005,recorded,exposed_both,0,2000,10.38,3.0822638068613695,10.0,8.0,12.0,4.0,10.244834475002738,10.515165524997263
baseline_beta_005,recorded,exposed_union,0,2000,72.243,15.699783202206907,70.0,61.0,80.0,19.0,71.55452244848556,72.93147755151443
baseline_beta_005,recorded,contested_node_fraction,0,2000,0.0005915204011853202,0.00017564758416123603,0.0005698655117392296,0.00045589240939138365,0.0006838386140870754,0.0002279462046956918,0.0005838177840781136,0.0005992230182925269
baseline_beta_005,recorded,contested_fraction_of_exposed,0,2000,0.14600561528584968,0.03914238042406703,0.14473684210526316,0.11764705882352941,0.1724137931034483,0.05476673427991888,0.14428911704585995,0.14772211352583942
baseline_beta_005,recorded,competing_exposure_secondary_adopter_fraction,839,1161,0.4329170255526844,0.4380185147442186,0.3333333333333333,0.0,1.0,1.0,0.40769512387181656,0.45813892723355226
baseline_beta_005,recorded,competing_exposure_all_adopter_fraction,0,2000,0.007398680735140224,0.011866812208936213,0.0,0.0,0.019230769230769232,0.019230769230769232,0.006878289229814112,0.007919072240466337
baseline_beta_005,recorded,competition_resolution_events,0,2000,0.2825,0.5204124946446724,0.0,0.0,1.0,1.0,0.25967851797850805,0.3053214820214919
baseline_beta_005,reversed,exposed_0_only,0,2000,43.985,84.40192899341166,17.0,8.0,35.0,27.0,40.28374930958847,47.686250690411526
baseline_beta_005,reversed,exposed_1_only,0,2000,62.2455,201.22344711187063,19.0,9.0,43.0,34.0,53.42131278731277,71.06968721268723
baseline_beta_005,reversed,exposed_both,0,2000,0.3235,2.3029328040022956,0.0,0.0,0.0,0.0,0.2225102272253729,0.4244897727746271
baseline_beta_005,reversed,exposed_union,0,2000,106.554,219.06442590102955,46.0,27.0,106.0,79.0,96.94743807326866,116.16056192673135
baseline_beta_005,reversed,contested_node_fraction,0,2000,1.8435149304764077e-05,0.0001312361980853827,0.0,0.0,0.0,0.0,1.268009045049994e-05,2.4190208159028213e-05
baseline_beta_005,reversed,contested_fraction_of_exposed,0,2000,0.002245428434433836,0.009962635541826309,0.0,0.0,0.0,0.0,0.001808540177053114,0.002682316691814558
baseline_beta_005,reversed,competing_exposure_secondary_adopter_fraction,1327,673,0.005802567912523336,0.0700403507861425,0.0,0.0,0.0,0.0,0.0005013973652904695,0.011103738459756204
baseline_beta_005,reversed,competing_exposure_all_adopter_fraction,0,2000,7.675582931000888e-05,0.0014077463098884303,0.0,0.0,0.0,0.0,1.5022382414434313e-05,0.00013848927620558346
baseline_beta_005,reversed,competition_resolution_events,0,2000,0.003,0.0631901614038857,0.0,0.0,0.0,0.0,0.00022894214252372697,0.005771057857476274
baseline_beta_005,layer_aware,exposed_0_only,0,2000,31.833,11.72091297213874,29.0,24.0,37.0,13.0,31.31900656705644,32.346993432943556
baseline_beta_005,layer_aware,exposed_1_only,0,2000,30.1105,11.082856337709208,28.0,23.0,35.0,12.0,29.624487059764,30.596512940235996
baseline_beta_005,layer_aware,exposed_both,0,2000,10.3775,3.0831390859498464,10.0,8.0,12.0,4.0,10.242296091669926,10.512703908330073
baseline_beta_005,layer_aware,exposed_union,0,2000,72.321,15.74067480833369,70.0,61.0,80.0,19.0,71.6307292420125,73.01127075798749
baseline_beta_005,layer_aware,contested_node_fraction,0,2000,0.0005913779348073854,0.00017569746329780298,0.0005698655117392296,0.00045589240939138365,0.0006838386140870754,0.0002279462046956918,0.0005836731303664192,0.0005990827392483516
baseline_beta_005,layer_aware,contested_fraction_of_exposed,0,2000,0.14581409446410204,0.03909930660960656,0.14473684210526316,0.11764705882352941,0.1724137931034483,0.05476673427991888,0.14409948512626672,0.14752870380193736
baseline_beta_005,layer_aware,competing_exposure_secondary_adopter_fraction,839,1161,0.43300315819695656,0.43813010026718335,0.3333333333333333,0.0,1.0,1.0,0.4077748312189962,0.4582314851749169
baseline_beta_005,layer_aware,competing_exposure_all_adopter_fraction,0,2000,0.007397840112573741,0.011863864529533608,0.0,0.0,0.019230769230769232,0.019230769230769232,0.006877577870885962,0.007918102354261521
baseline_beta_005,layer_aware,competition_resolution_events,0,2000,0.2825,0.5204124946446724,0.0,0.0,1.0,1.0,0.25967851797850805,0.3053214820214919
symmetric_baseline,recorded,exposed_0_only,0,2000,32.4065,12.375937930913961,30.0,24.0,38.0,14.0,31.86378196786994,32.94921803213006
symmetric_baseline,recorded,exposed_1_only,0,2000,30.5055,11.404692159441472,28.0,23.0,35.0,12.0,30.005373696816118,31.005626303183885
symmetric_baseline,recorded,exposed_both,0,2000,10.497,3.1250398296611333,10.0,8.0,12.0,4.0,10.359958631810422,10.634041368189578
symmetric_baseline,recorded,exposed_union,0,2000,73.409,16.43239881652806,71.0,62.0,81.0,19.0,72.68839529119602,74.129604708804
symmetric_baseline,recorded,contested_node_fraction,0,2000,0.0005981878276726692,0.00017808524217353164,0.0005698655117392296,0.00045589240939138365,0.0006838386140870754,0.0002279462046956918,0.0005903783127313894,0.0006059973426139491
symmetric_baseline,recorded,contested_fraction_of_exposed,0,2000,0.14544922574542846,0.038962582509342585,0.14285714285714285,0.11764705882352941,0.171875,0.05422794117647059,0.14374061212565944,0.14715783936519747
symmetric_baseline,recorded,competing_exposure_secondary_adopter_fraction,184,1816,0.43373486406412687,0.34938542694078734,0.5,0.0,0.6666666666666666,0.6666666666666666,0.417654915118817,0.4498148130094367
symmetric_baseline,recorded,competing_exposure_all_adopter_fraction,0,2000,0.019915761193524076,0.018961683866969777,0.019230769230769232,0.0,0.03636363636363636,0.03636363636363636,0.019084240559564807,0.020747281827483345
symmetric_baseline,recorded,competition_resolution_events,0,2000,0.8185,0.8949626970519816,1.0,0.0,1.0,1.0,0.7792534882216403,0.8577465117783597
symmetric_baseline,reversed,exposed_0_only,0,2000,44.5235,85.16411163574332,17.0,8.0,35.25,27.25,40.78882555891365,48.25817444108635
symmetric_baseline,reversed,exposed_1_only,0,2000,62.7435,202.0078545363947,19.0,9.0,43.0,34.0,53.88491442040091,71.60208557959908
symmetric_baseline,reversed,exposed_both,0,2000,0.331,2.321666226448909,0.0,0.0,0.0,0.0,0.22918871646618505,0.432811283533815
symmetric_baseline,reversed,exposed_union,0,2000,107.598,220.04864484710995,46.0,27.0,108.0,81.0,97.94827743586212,117.24772256413787
symmetric_baseline,reversed,contested_node_fraction,0,2000,1.88625484385685e-05,0.00013230375122229936,0.0,0.0,0.0,0.0,1.3060674519385972e-05,2.4664422357751027e-05
symmetric_baseline,reversed,contested_fraction_of_exposed,0,2000,0.002286574280066729,0.01007749528874534,0.0,0.0,0.0,0.0,0.0018446491150862084,0.0027284994450472496
symmetric_baseline,reversed,competing_exposure_secondary_adopter_fraction,838,1162,0.005695147260288659,0.05437158410102316,0.0,0.0,0.0,0.0,0.002565682960720009,0.00882461155985731
symmetric_baseline,reversed,competing_exposure_all_adopter_fraction,0,2000,0.0002605406908504445,0.0026275966181461318,0.0,0.0,0.0,0.0,0.00014531354008478456,0.0003757678416161044
symmetric_baseline,reversed,competition_resolution_events,0,2000,0.0115,0.13556156708018177,0.0,0.0,0.0,0.0,0.005555262128097125,0.017444737871902875
symmetric_baseline,layer_aware,exposed_0_only,0,2000,32.5125,12.435681196999894,30.0,24.0,38.0,14.0,31.967162065606033,33.05783793439397
symmetric_baseline,layer_aware,exposed_1_only,0,2000,30.6225,11.459435111581122,28.0,23.0,36.0,13.0,30.119973071714075,31.125026928285923
symmetric_baseline,layer_aware,exposed_both,0,2000,10.4955,3.12839786257971,10.0,8.0,12.0,4.0,10.358311373071118,10.632688626928882
symmetric_baseline,layer_aware,exposed_union,0,2000,73.6305,16.509368533492957,71.0,62.0,81.0,19.0,72.90651996291318,74.35448003708682
symmetric_baseline,layer_aware,contested_node_fraction,0,2000,0.0005981023478459083,0.00017827660488828982,0.0005698655117392296,0.00045589240939138365,0.0006838386140870754,0.0002279462046956918,0.0005902844411369454,0.0006059202545548712
symmetric_baseline,layer_aware,contested_fraction_of_exposed,0,2000,0.14498782385554573,0.038862122958473334,0.14285714285714285,0.11751457339692634,0.17105263157894737,0.05353805818202104,0.1432836156562031,0.14669203205488837
symmetric_baseline,layer_aware,competing_exposure_secondary_adopter_fraction,184,1816,0.43369213574496684,0.34935495928100635,0.5,0.0,0.6666666666666666,0.6666666666666666,0.41761358902875984,0.44977068246117385
symmetric_baseline,layer_aware,competing_exposure_all_adopter_fraction,0,2000,0.01991458449348477,0.01895846153344756,0.019230769230769232,0.0,0.03636363636363636,0.03636363636363636,0.019083205167482745,0.020745963819486794
symmetric_baseline,layer_aware,competition_resolution_events,0,2000,0.8185,0.8949626970519816,1.0,0.0,1.0,1.0,0.7792534882216403,0.8577465117783597
baseline_beta_030,recorded,exposed_0_only,0,2000,33.2295,13.063734547600278,30.0,24.0,39.0,15.0,32.656620243692146,33.80237975630786
baseline_beta_030,recorded,exposed_1_only,0,2000,31.353,12.277082486372265,29.0,23.0,36.0,13.0,30.814617043936618,31.891382956063385
baseline_beta_030,recorded,exposed_both,0,2000,10.6775,3.1971244192674355,10.0,8.0,12.0,4.0,10.537297529449015,10.817702470550985
baseline_beta_030,recorded,exposed_union,0,2000,75.26,17.499786320427752,72.0,63.0,84.0,21.0,74.49258748972913,76.02741251027088
baseline_beta_030,recorded,contested_node_fraction,0,2000,0.0006084739001595622,0.00018219309432798245,0.0005698655117392296,0.00045589240939138365,0.0006838386140870754,0.0002279462046956918,0.0006004842448967981,0.0006164635554223263
baseline_beta_030,recorded,contested_fraction_of_exposed,0,2000,0.14442667444999321,0.03859012702945492,0.14285714285714285,0.11666666666666667,0.16957147425647584,0.05290480758980917,0.14273439400078702,0.1461189548991994
baseline_beta_030,recorded,competing_exposure_secondary_adopter_fraction,18,1982,0.42228702945998386,0.24524267144720785,0.4,0.25,0.5555555555555556,0.3055555555555556,0.411483697261098,0.4330903616588697
baseline_beta_030,recorded,competing_exposure_all_adopter_fraction,0,2000,0.03685687831983336,0.02362412789460908,0.03636363636363636,0.018867924528301886,0.05357142857142857,0.03470350404312668,0.03582089702505611,0.037892859614610606
baseline_beta_030,recorded,competition_resolution_events,0,2000,1.601,1.2261936125211605,1.0,1.0,2.0,1.0,1.547228125244905,1.654771874755095
baseline_beta_030,reversed,exposed_0_only,0,2000,45.2265,86.52428227649006,17.0,8.0,36.0,28.0,41.43217843256024,49.02082156743976
baseline_beta_030,reversed,exposed_1_only,0,2000,63.443,202.86432588890332,20.0,9.0,45.0,36.0,54.54685585719511,72.33914414280488
baseline_beta_030,reversed,exposed_both,0,2000,0.342,2.3366141921467203,0.0,0.0,0.0,0.0,0.23953320812627982,0.44446679187372024
baseline_beta_030,reversed,exposed_union,0,2000,109.0115,221.32810357581397,47.0,27.0,109.0,82.0,99.30566974307067,118.71733025692933
baseline_beta_030,reversed,contested_node_fraction,0,2000,1.948940050148165e-05,0.00013315558423448372,0.0,0.0,0.0,0.0,1.3650171422742178e-05,2.532862958022112e-05
baseline_beta_030,reversed,contested_fraction_of_exposed,0,2000,0.0023454043841408846,0.01036061434810312,0.0,0.0,0.0,0.0,0.0018910636899608071,0.002799745078320962
baseline_beta_030,reversed,competing_exposure_secondary_adopter_fraction,472,1528,0.005556982765800117,0.05254461082159428,0.0,0.0,0.0,0.0,0.002920293412295931,0.008193672119304303
baseline_beta_030,reversed,competing_exposure_all_adopter_fraction,0,2000,0.00043719335339499534,0.003154489188452254,0.0,0.0,0.0,0.0,0.00029886055193063555,0.0005755261548593552
baseline_beta_030,reversed,competition_resolution_events,0,2000,0.022,0.20865706047110466,0.0,0.0,0.0,0.0,0.012849828927627935,0.031150171072372064
baseline_beta_030,layer_aware,exposed_0_only,0,2000,33.437,13.16041904023794,31.0,25.0,39.0,14.0,32.85988036968221,34.014119630317786
baseline_beta_030,layer_aware,exposed_1_only,0,2000,31.57,12.364163387311494,29.0,23.75,36.0,12.25,31.027798313149695,32.112201686850305
baseline_beta_030,layer_aware,exposed_both,0,2000,10.679,3.2031373752185934,10.0,8.0,12.0,4.0,10.538533845222469,10.819466154777531
baseline_beta_030,layer_aware,exposed_union,0,2000,75.686,17.626421910719355,73.0,64.0,84.0,20.0,74.91303417985118,76.45896582014883
baseline_beta_030,layer_aware,contested_node_fraction,0,2000,0.0006085593799863232,0.00018253575194999964,0.0005698655117392296,0.00045589240939138365,0.0006838386140870754,0.0002279462046956918,0.0006005546982688892,0.0006165640617037571
baseline_beta_030,layer_aware,contested_fraction_of_exposed,0,2000,0.1436115850187187,0.038348559604529625,0.1422947131608549,0.11603907867494824,0.16901408450704225,0.05297500583209401,0.1419298979482297,0.14529327208920773
baseline_beta_030,layer_aware,competing_exposure_secondary_adopter_fraction,18,1982,0.4221118972921378,0.24524051973630095,0.4,0.25,0.5555555555555556,0.3055555555555556,0.41130865987956133,0.4329151347047143
baseline_beta_030,layer_aware,competing_exposure_all_adopter_fraction,0,2000,0.03686598194956244,0.0236376205665964,0.03636363636363636,0.018867924528301886,0.05357142857142857,0.03470350404312668,0.035829408964973074,0.03790255493415181
baseline_beta_030,layer_aware,competition_resolution_events,0,2000,1.601,1.2261936125211605,1.0,1.0,2.0,1.0,1.547228125244905,1.654771874755095
full_balanced,recorded,exposed_0_only,0,2000,31.5855,11.494553150343124,29.0,24.0,37.0,13.0,31.081433051636765,32.089566948363235
full_balanced,recorded,exposed_1_only,0,2000,29.881,10.908681802552252,28.0,23.0,35.0,12.0,29.402625079726224,30.359374920273776
full_balanced,recorded,exposed_both,0,2000,10.347,3.0749501881054373,10.0,8.0,12.0,4.0,10.212155196777614,10.481844803222385
full_balanced,recorded,exposed_union,0,2000,71.8135,15.54656121246002,69.0,61.0,79.0,18.0,71.13174164320185,72.49525835679816
full_balanced,recorded,contested_node_fraction,0,2000,0.0005896398449965808,0.00017523080625173453,0.0005698655117392296,0.00045589240939138365,0.0006838386140870754,0.0002279462046956918,0.0005819555047172108,0.0005973241852759508
full_balanced,recorded,contested_fraction_of_exposed,0,2000,0.14638101589303276,0.0392419097647172,0.14492753623188406,0.11764705882352941,0.1724137931034483,0.05476673427991888,0.1446601530248267,0.14810187876123881
full_balanced,recorded,competing_exposure_secondary_adopter_fraction,1532,468,0.40402421652421655,0.47448941704021,0.0,0.0,1.0,1.0,0.3609240742713719,0.4471243587770612
full_balanced,recorded,competing_exposure_all_adopter_fraction,0,2000,0.0021158324400555257,0.006420193864375525,0.0,0.0,0.0,0.0,0.0018342897400663977,0.0023973751400446536
full_balanced,recorded,competition_resolution_events,0,2000,0.0755,0.273563829086179,0.0,0.0,0.0,0.0,0.06350349324532761,0.08749650675467238
full_balanced,reversed,exposed_0_only,0,2000,43.772,83.40142033836851,17.0,8.0,35.0,27.0,40.11462429437146,47.42937570562854
full_balanced,reversed,exposed_1_only,0,2000,62.1445,201.10701289380123,19.0,9.0,42.25,33.25,53.325418739690356,70.96358126030964
full_balanced,reversed,exposed_both,0,2000,0.3185,2.30102262104293,0.0,0.0,0.0,0.0,0.21759399386532396,0.41940600613467605
full_balanced,reversed,exposed_union,0,2000,106.235,218.55056153891366,46.0,27.0,106.0,79.0,96.65097240213699,115.81902759786301
full_balanced,reversed,contested_node_fraction,0,2000,1.815021654889446e-05,0.00013112734334641725,0.0,0.0,0.0,0.0,1.239993126654456e-05,2.3900501831244364e-05
full_balanced,reversed,contested_fraction_of_exposed,0,2000,0.002207822530017648,0.00994654701064695,0.0,0.0,0.0,0.0,0.0017716397978286545,0.002644005262206642
full_balanced,reversed,competing_exposure_secondary_adopter_fraction,1684,316,0.003795255377533858,0.05693725597971671,0.0,0.0,0.0,0.0,-0.002506665221307908,0.010097175976375624
full_balanced,reversed,competing_exposure_all_adopter_fraction,0,2000,3.262138188608777e-05,0.000889899682834066,0.0,0.0,0.0,0.0,-6.4031031555241815e-06,7.164586692769972e-05
full_balanced,reversed,competition_resolution_events,0,2000,0.0015,0.04998999399629765,0.0,0.0,0.0,0.0,-0.0006921951547684151,0.003692195154768415
full_balanced,layer_aware,exposed_0_only,0,2000,31.587,11.513761955033575,29.0,24.0,37.0,13.0,31.082090694092685,32.091909305907315
full_balanced,layer_aware,exposed_1_only,0,2000,29.9085,10.930135483187772,28.0,23.0,35.0,12.0,29.42918427835816,30.38781572164184
full_balanced,layer_aware,exposed_both,0,2000,10.3445,3.0761259768599785,10.0,8.0,12.0,4.0,10.209603635290911,10.479396364709089
full_balanced,layer_aware,exposed_union,0,2000,71.84,15.578598986211393,69.0,61.0,79.0,18.0,71.15683670099696,72.52316329900304
full_balanced,layer_aware,contested_node_fraction,0,2000,0.0005894973786186459,0.00017529781039776488,0.0005698655117392296,0.00045589240939138365,0.0006838386140870754,0.0002279462046956918,0.0005818101000279753,0.0005971846572093165
full_balanced,layer_aware,contested_fraction_of_exposed,0,2000,0.14629530209158742,0.0392317237550517,0.14492753623188406,0.11764705882352941,0.1724137931034483,0.05476673427991888,0.14457488590719247,0.14801571827598237
full_balanced,layer_aware,competing_exposure_secondary_adopter_fraction,1533,467,0.403283369022127,0.4738788916840102,0.0,0.0,1.0,1.0,0.360192381701736,0.44637435634251804
full_balanced,layer_aware,competing_exposure_all_adopter_fraction,0,2000,0.002115287777746158,0.006418755218914258,0.0,0.0,0.0,0.0,0.0018338081662144891,0.0023967673892778267
full_balanced,layer_aware,competition_resolution_events,0,2000,0.0755,0.273563829086179,0.0,0.0,0.0,0.0,0.06350349324532761,0.08749650675467238
Target_0_advantage,recorded,exposed_0_only,0,2000,31.6925,11.595912052881788,29.0,24.0,37.0,13.0,31.183988192230412,32.20101180776959
Target_0_advantage,recorded,exposed_1_only,0,2000,29.8745,10.909640685189407,28.0,23.0,35.0,12.0,29.39608303015384,30.352916969846163
Target_0_advantage,recorded,exposed_both,0,2000,10.3555,3.075686862285792,10.0,8.0,12.0,4.0,10.220622891641332,10.490377108358667
Target_0_advantage,recorded,exposed_union,0,2000,71.9225,15.605776618994037,69.0,61.0,79.0,18.0,71.23814488899338,72.60685511100662
Target_0_advantage,recorded,contested_node_fraction,0,2000,0.0005901242306815592,0.0001752727867726118,0.0005698655117392296,0.00045589240939138365,0.0006838386140870754,0.0002279462046956918,0.0005824380494438873,0.0005978104119192311
Target_0_advantage,recorded,contested_fraction_of_exposed,0,2000,0.1462962758910526,0.039201049787011034,0.14492753623188406,0.11764705882352941,0.1724137931034483,0.05476673427991888,0.1445772048423286,0.14801534693977658
Target_0_advantage,recorded,competing_exposure_secondary_adopter_fraction,1339,661,0.40612708018154303,0.46347195948280634,0.0,0.0,1.0,1.0,0.37072995615731413,0.44152420420577193
Target_0_advantage,recorded,competing_exposure_all_adopter_fraction,0,2000,0.0032815303638278116,0.00810106373665166,0.0,0.0,0.0,0.0,0.002926277017062594,0.003636783710593029
Target_0_advantage,recorded,competition_resolution_events,0,2000,0.1195,0.3453684839339679,0.0,0.0,0.0,0.0,0.10435466677299798,0.134645333227002
Target_0_advantage,reversed,exposed_0_only,0,2000,43.9515,84.40403526096466,17.0,8.0,35.0,27.0,40.250156944113805,47.6528430558862
Target_0_advantage,reversed,exposed_1_only,0,2000,62.14,201.10776356541572,19.0,9.0,42.25,33.25,53.32088582072909,70.95911417927091
Target_0_advantage,reversed,exposed_both,0,2000,0.323,2.3028944095052784,0.0,0.0,0.0,0.0,0.22201191092692202,0.423988089073078
Target_0_advantage,reversed,exposed_union,0,2000,106.4145,218.9248655089665,46.0,27.0,106.0,79.0,96.81405817032851,116.0149418296715
Target_0_advantage,reversed,contested_node_fraction,0,2000,1.840665602917711e-05,0.00013123401011541362,0.0,0.0,0.0,0.0,1.2651693123257463e-05,2.416161893509676e-05
Target_0_advantage,reversed,contested_fraction_of_exposed,0,2000,0.002248867687501769,0.00998343714523534,0.0,0.0,0.0,0.0,0.0018110672240862137,0.002686668150917324
Target_0_advantage,reversed,competing_exposure_secondary_adopter_fraction,1579,421,0.0037203987619664576,0.05215604474232121,0.0,0.0,0.0,0.0,-0.001276090910885477,0.008716888434818392
Target_0_advantage,reversed,competing_exposure_all_adopter_fraction,0,2000,4.890960100449557e-05,0.0012239683055169774,0.0,0.0,0.0,0.0,-4.764688077098361e-06,0.0001025838900860895
Target_0_advantage,reversed,competition_resolution_events,0,2000,0.0015,0.04998999399629765,0.0,0.0,0.0,0.0,-0.0006921951547684151,0.003692195154768415
Target_0_advantage,layer_aware,exposed_0_only,0,2000,31.707,11.620527928397545,29.0,24.0,37.0,13.0,31.19740872014566,32.21659127985434
Target_0_advantage,layer_aware,exposed_1_only,0,2000,29.898,10.927273157074671,28.0,23.0,35.0,12.0,29.418809799026096,30.377190200973903
Target_0_advantage,layer_aware,exposed_both,0,2000,10.353,3.07686927936192,10.0,8.0,12.0,4.0,10.21807103948497,10.48792896051503
Target_0_advantage,layer_aware,exposed_union,0,2000,71.958,15.636511319444677,70.0,61.0,79.0,18.0,71.27229709004352,72.64370290995647
Target_0_advantage,layer_aware,contested_node_fraction,0,2000,0.0005899817643036244,0.00017534016864382946,0.0005698655117392296,0.00045589240939138365,0.0006838386140870754,0.0002279462046956918,0.0005822926281903904,0.0005976709004168583
Target_0_advantage,layer_aware,contested_fraction_of_exposed,0,2000,0.14619112235739204,0.03918564044445869,0.14492753623188406,0.11764705882352941,0.1724137931034483,0.05476673427991888,0.14447272704961903,0.14790951766516505
Target_0_advantage,layer_aware,competing_exposure_secondary_adopter_fraction,1340,660,0.4056060606060606,0.4630156183684454,0.0,0.0,1.0,1.0,0.37021691097965836,0.4409952102324628
Target_0_advantage,layer_aware,competing_exposure_all_adopter_fraction,0,2000,0.003280985701518443,0.008100002063465303,0.0,0.0,0.0,0.0,0.0029257789119665595,0.0036361924910703262
Target_0_advantage,layer_aware,competition_resolution_events,0,2000,0.1195,0.3453684839339679,0.0,0.0,0.0,0.0,0.10435466677299798,0.134645333227002
Target_1_advantage,recorded,exposed_0_only,0,2000,31.567,11.494023111323633,29.0,24.0,37.0,13.0,31.06295629526769,32.07104370473231
Target_1_advantage,recorded,exposed_1_only,0,2000,29.9855,10.990663632990811,28.0,23.0,35.0,12.0,29.503529956840634,30.467470043159363
Target_1_advantage,recorded,exposed_both,0,2000,10.3585,3.0753384534554327,10.0,8.0,12.0,4.0,10.223638170301895,10.493361829698104
Target_1_advantage,recorded,exposed_union,0,2000,71.911,15.555901517945465,69.0,61.0,80.0,19.0,71.2288320457846,72.5931679542154
Target_1_advantage,recorded,contested_node_fraction,0,2000,0.0005902951903350809,0.00017525293215497106,0.0005698655117392296,0.00045589240939138365,0.0006838386140870754,0.0002279462046956918,0.0005826098797755809,0.0005979805008945809
Target_1_advantage,recorded,contested_fraction_of_exposed,0,2000,0.14634844103381078,0.039205710983729075,0.14492753623188406,0.11764705882352941,0.1724137931034483,0.05476673427991888,0.14462916557912384,0.14806771648849773
Target_1_advantage,recorded,competing_exposure_secondary_adopter_fraction,1318,682,0.4214320625610948,0.4654918630073336,0.0,0.0,1.0,1.0,0.3864342785340467,0.45642984658814284
Target_1_advantage,recorded,competing_exposure_all_adopter_fraction,0,2000,0.003451415173390756,0.008071322339737832,0.0,0.0,0.0,0.0,0.0030974660665543403,0.0038053642802271716
Target_1_advantage,recorded,competition_resolution_events,0,2000,0.128,0.35167860173667054,0.0,0.0,0.0,0.0,0.11257795120319562,0.14342204879680437
Target_1_advantage,reversed,exposed_0_only,0,2000,43.772,83.40142033836851,17.0,8.0,35.0,27.0,40.11462429437146,47.42937570562854
Target_1_advantage,reversed,exposed_1_only,0,2000,62.2325,201.3554530003508,19.0,9.0,42.25,33.25,53.402523975472775,71.06247602452723
Target_1_advantage,reversed,exposed_both,0,2000,0.3185,2.30102262104293,0.0,0.0,0.0,0.0,0.21759399386532396,0.41940600613467605
Target_1_advantage,reversed,exposed_union,0,2000,106.323,218.80990278727992,46.0,27.0,106.0,79.0,96.72759959364771,115.91840040635228
Target_1_advantage,reversed,contested_node_fraction,0,2000,1.815021654889446e-05,0.00013112734334641725,0.0,0.0,0.0,0.0,1.239993126654456e-05,2.3900501831244364e-05
Target_1_advantage,reversed,contested_fraction_of_exposed,0,2000,0.002206740354115845,0.009945236901905291,0.0,0.0,0.0,0.0,0.001770615073704819,0.0026428656345268715
Target_1_advantage,reversed,competing_exposure_secondary_adopter_fraction,1581,419,0.004000065221802441,0.05474700740310964,0.0,0.0,0.0,0.0,-0.0012572106995493377,0.00925734114315422
Target_1_advantage,reversed,competing_exposure_all_adopter_fraction,0,2000,5.111096604319439e-05,0.0009777821663833049,0.0,0.0,0.0,0.0,8.232598669851721e-06,9.398933341653705e-05
Target_1_advantage,reversed,competition_resolution_events,0,2000,0.003,0.0631901614038857,0.0,0.0,0.0,0.0,0.00022894214252372697,0.005771057857476274
Target_1_advantage,layer_aware,exposed_0_only,0,2000,31.5645,11.489118315599109,29.0,24.0,37.0,13.0,31.06067138369965,32.06832861630035
Target_1_advantage,layer_aware,exposed_1_only,0,2000,30.035,11.019368777027207,28.0,23.0,35.0,12.0,29.551771159376525,30.518228840623475
Target_1_advantage,layer_aware,exposed_both,0,2000,10.357,3.0793330683888414,10.0,8.0,12.0,4.0,10.221962995735904,10.492037004264095
Target_1_advantage,layer_aware,exposed_union,0,2000,71.9565,15.592984907937595,70.0,61.0,80.0,19.0,71.27270583979087,72.64029416020914
Target_1_advantage,layer_aware,contested_node_fraction,0,2000,0.00059020971050832,0.0001754805714832939,0.0005698655117392296,0.00045589240939138365,0.0006838386140870754,0.0002279462046956918,0.0005825144173544508,0.0005979050036621892
Target_1_advantage,layer_aware,contested_fraction_of_exposed,0,2000,0.14623042195055092,0.039176616995384196,0.14492753623188406,0.11764705882352941,0.1724137931034483,0.05476673427991888,0.14451242234519268,0.14794842155590915
Target_1_advantage,layer_aware,competing_exposure_secondary_adopter_fraction,1319,681,0.4209495839451786,0.46507081360817487,0.0,0.0,1.0,1.0,0.3859577014839613,0.45594146640639593
Target_1_advantage,layer_aware,competing_exposure_all_adopter_fraction,0,2000,0.003450870511081388,0.008070268225225365,0.0,0.0,0.0,0.0,0.003096967629990208,0.0038047733921725683
Target_1_advantage,layer_aware,competition_resolution_events,0,2000,0.128,0.35167860173667054,0.0,0.0,0.0,0.0,0.11257795120319562,0.14342204879680437
asymmetric_40_10,recorded,exposed_0_only,0,2000,54.168,14.485706535993454,52.0,45.0,61.0,16.0,53.53276296268501,54.803237037314986
asymmetric_40_10,recorded,exposed_1_only,0,2000,11.1045,6.8382717648807425,10.0,7.0,14.0,7.0,10.804623464086204,11.404376535913796
asymmetric_40_10,recorded,exposed_both,0,2000,7.299,2.9617537022001423,7.0,5.0,9.0,4.0,7.169119165926257,7.428880834073744
asymmetric_40_10,recorded,exposed_union,0,2000,72.5715,15.520384303053104,70.0,62.0,80.0,18.0,71.89088957080457,73.25211042919543
asymmetric_40_10,recorded,contested_node_fraction,0,2000,0.0004159448370184636,0.00016878012891498418,0.00039890585821746066,0.0002849327558696148,0.0005128789605653066,0.0002279462046956918,0.00040854337622100843,0.0004233462978159188
asymmetric_40_10,recorded,contested_fraction_of_exposed,0,2000,0.10209608538084845,0.03805008291299698,0.09859154929577464,0.0739766081871345,0.125,0.0510233918128655,0.10042748731287136,0.10376468344882554
asymmetric_40_10,recorded,competing_exposure_secondary_adopter_fraction,1524,476,0.3319327731092437,0.4547325148177047,0.0,0.0,1.0,1.0,0.2909776130541463,0.37288793316434105
asymmetric_40_10,recorded,competing_exposure_all_adopter_fraction,0,2000,0.001755343066108882,0.005807113150648643,0.0,0.0,0.0,0.0,0.0015006855977965886,0.0020100005344211753
asymmetric_40_10,recorded,competition_resolution_events,0,2000,0.0595,0.24897940752738235,0.0,0.0,0.0,0.0,0.04858158598980704,0.07041841401019296
asymmetric_40_10,reversed,exposed_0_only,0,2000,75.6115,112.83395906778001,32.0,18.0,69.0,51.0,70.66342862435542,80.5595713756446
asymmetric_40_10,reversed,exposed_1_only,0,2000,23.7255,118.9941635342995,4.0,2.0,12.0,10.0,18.50728715594702,28.943712844052982
asymmetric_40_10,reversed,exposed_both,0,2000,0.211,1.380373759478906,0.0,0.0,0.0,0.0,0.15046691276811847,0.2715330872318815
asymmetric_40_10,reversed,exposed_union,0,2000,99.548,162.4584379711747,43.0,26.0,101.25,75.25,92.42376228558798,106.67223771441202
asymmetric_40_10,reversed,contested_node_fraction,0,2000,1.2024162297697742e-05,7.86627398836851e-05,0.0,0.0,0.0,0.0,8.574590424442584e-06,1.54737341709529e-05
asymmetric_40_10,reversed,contested_fraction_of_exposed,0,2000,0.001623492518434309,0.009349867840509318,0.0,0.0,0.0,0.0,0.0012134757662977198,0.002033509270570898
asymmetric_40_10,reversed,competing_exposure_secondary_adopter_fraction,1688,312,0.007211538461538462,0.08111509901157539,0.0,0.0,0.0,0.0,-0.0018242464437092359,0.016247323366786158
asymmetric_40_10,reversed,competing_exposure_all_adopter_fraction,0,2000,2.886710239651416e-05,0.0007452379866748418,0.0,0.0,0.0,0.0,-3.813579734772997e-06,6.154778452780132e-05
asymmetric_40_10,reversed,competition_resolution_events,0,2000,0.0015,0.038710454009541304,0.0,0.0,0.0,0.0,-0.00019755710962651761,0.0031975571096265177
asymmetric_40_10,layer_aware,exposed_0_only,0,2000,54.1745,14.503110695982775,52.0,45.0,61.0,16.0,53.53849974364554,54.810500256354466
asymmetric_40_10,layer_aware,exposed_1_only,0,2000,11.111,6.840327041671217,10.0,7.0,14.0,7.0,10.811033334693068,11.410966665306933
asymmetric_40_10,layer_aware,exposed_both,0,2000,7.298,2.9610099273550143,7.0,5.0,9.0,4.0,7.168151782445712,7.427848217554288
asymmetric_40_10,layer_aware,exposed_union,0,2000,72.5835,15.538073999753346,70.0,62.0,80.0,18.0,71.9021138302154,73.2648861697846
asymmetric_40_10,layer_aware,contested_node_fraction,0,2000,0.00041588785046728973,0.00016873774375171041,0.00039890585821746066,0.0002849327558696148,0.0005128789605653066,0.0002279462046956918,0.0004084882483727896,0.00042328745256178986
asymmetric_40_10,layer_aware,contested_fraction_of_exposed,0,2000,0.10206913450390305,0.03802811926407719,0.09859154929577464,0.0739766081871345,0.125,0.0510233918128655,0.10040149960076944,0.10373676940703666
asymmetric_40_10,layer_aware,competing_exposure_secondary_adopter_fraction,1524,476,0.3319327731092437,0.4547325148177047,0.0,0.0,1.0,1.0,0.2909776130541463,0.37288793316434105
asymmetric_40_10,layer_aware,competing_exposure_all_adopter_fraction,0,2000,0.001755343066108882,0.005807113150648643,0.0,0.0,0.0,0.0,0.0015006855977965886,0.0020100005344211753
asymmetric_40_10,layer_aware,competition_resolution_events,0,2000,0.0595,0.24897940752738235,0.0,0.0,0.0,0.0,0.04858158598980704,0.07041841401019296
asymmetric_10_40,recorded,exposed_0_only,0,2000,11.8475,6.589457809798433,11.0,8.0,14.0,6.0,11.55853462256345,12.13646537743655
asymmetric_10_40,recorded,exposed_1_only,0,2000,50.638,13.372635106247476,48.0,42.0,58.0,16.0,50.05157412668277,51.22442587331722
asymmetric_10_40,recorded,exposed_both,0,2000,7.3145,2.775867877121607,7.0,5.0,9.0,4.0,7.192770757324876,7.4362292426751235
asymmetric_10_40,recorded,exposed_union,0,2000,69.8,14.764382597885641,68.0,60.0,77.0,17.0,69.15254227082666,70.44745772917334
asymmetric_10_40,recorded,contested_node_fraction,0,2000,0.0004168281285616595,0.00015818713683163934,0.00039890585821746066,0.0002849327558696148,0.0005128789605653066,0.0002279462046956918,0.00040989119884459065,0.0004237650582787283
asymmetric_10_40,recorded,contested_fraction_of_exposed,0,2000,0.10658524073118947,0.03892024639870404,0.10383484440088214,0.07894736842105263,0.13043478260869565,0.05148741418764302,0.10487848366328602,0.10829199779909292
asymmetric_10_40,recorded,competing_exposure_secondary_adopter_fraction,1540,460,0.3934782608695652,0.46919094057522,0.0,0.0,1.0,1.0,0.3504884564212829,0.43646806531784754
asymmetric_10_40,recorded,competing_exposure_all_adopter_fraction,0,2000,0.002046653212163756,0.006278002079001215,0.0,0.0,0.0,0.0,0.0017713460028803986,0.0023219604214471134
asymmetric_10_40,recorded,competition_resolution_events,0,2000,0.0715,0.26348142483031955,0.0,0.0,0.0,0.0,0.05994563368166671,0.08305436631833328
asymmetric_10_40,reversed,exposed_0_only,0,2000,17.871,56.44444478133642,4.0,1.0,11.0,10.0,15.39575988750062,20.346240112499377
asymmetric_10_40,reversed,exposed_1_only,0,2000,108.568,284.05837772714693,38.0,20.0,85.0,65.0,96.11127917360929,121.0247208263907
asymmetric_10_40,reversed,exposed_both,0,2000,0.1535,0.662689466239152,0.0,0.0,0.0,0.0,0.12443929162877816,0.18256070837122182
asymmetric_10_40,reversed,exposed_union,0,2000,126.5925,288.3375725111294,49.0,28.0,110.0,82.0,113.9481250188108,139.2368749811892
asymmetric_10_40,reversed,contested_node_fraction,0,2000,8.747435605197173e-06,3.776438718025713e-05,0.0,0.0,0.0,0.0,7.0913660604500884e-06,1.0403505149944257e-05
asymmetric_10_40,reversed,contested_fraction_of_exposed,0,2000,0.0010551051145304285,0.006384871237466115,0.0,0.0,0.0,0.0,0.0007751114063569475,0.0013350988227039096
asymmetric_10_40,reversed,competing_exposure_secondary_adopter_fraction,1686,314,0.008361914094398171,0.08457187950793166,0.0,0.0,0.0,0.0,-0.0010286524858686627,0.017752480674665005
asymmetric_10_40,reversed,competing_exposure_all_adopter_fraction,0,2000,4.317453861406274e-05,0.0008774462389038003,0.0,0.0,0.0,0.0,4.696170450282988e-06,8.16529067778425e-05
asymmetric_10_40,reversed,competition_resolution_events,0,2000,0.002,0.044687789151507874,0.0,0.0,0.0,0.0,4.03207317347643e-05,0.003959679268265235
asymmetric_10_40,layer_aware,exposed_0_only,0,2000,11.8505,6.5930936738450825,11.0,8.0,14.0,6.0,11.5613751801849,12.1396248198151
asymmetric_10_40,layer_aware,exposed_1_only,0,2000,50.674,13.373561607703369,48.0,42.0,58.0,16.0,50.087533497111934,51.260466502888065
asymmetric_10_40,layer_aware,exposed_both,0,2000,7.314,2.776735336607503,7.0,5.0,9.0,4.0,7.192232716902586,7.435767283097414
asymmetric_10_40,layer_aware,exposed_union,0,2000,69.8385,14.766158521048537,68.0,60.0,77.0,17.0,69.19096439183845,70.48603560816154
asymmetric_10_40,layer_aware,contested_node_fraction,0,2000,0.0004167996352860725,0.00015823657035602366,0.00039890585821746066,0.0002849327558696148,0.0005128789605653066,0.0002279462046956918,0.00040986053777653214,0.0004237387327956128
asymmetric_10_40,layer_aware,contested_fraction_of_exposed,0,2000,0.10651577463402392,0.038899375529749335,0.10361093038386468,0.07894736842105263,0.1305363673303535,0.05158899890930088,0.10480993280963505,0.1082216164584128
asymmetric_10_40,layer_aware,competing_exposure_secondary_adopter_fraction,1540,460,0.3923913043478261,0.468361205539338,0.0,0.0,1.0,1.0,0.34947752469851523,0.43530508399713697
asymmetric_10_40,layer_aware,competing_exposure_all_adopter_fraction,0,2000,0.0020464646752105134,0.006277480069042984,0.0,0.0,0.0,0.0,0.0017711803574622352,0.002321748992958792
asymmetric_10_40,layer_aware,competition_resolution_events,0,2000,0.0715,0.26348142483031955,0.0,0.0,0.0,0.0,0.05994563368166671,0.08305436631833328
