model,cohort,test_user_weeks,test_unique_users,test_node_count,test_weeks,seed_values,feature_set,graph_direction,source,CI_definition
Majority,"All eligible: active, non-tie weekly label, historical graph features available",12126.0,6889.0,NA,2022-12-19;2022-12-26;2023-01-02;2023-01-09;2023-01-16;2023-01-23;2023-01-30;2023-02-06;2023-02-13;2023-02-20;2023-02-27;2023-03-06;2023-03-13;2023-03-20;2023-03-27,42,training class prevalence,none (features from recorded prior graphs),results/tables/graph_models_summary.csv,"saved seed/week bootstrap 95%, not recomputed or pooled with other cohorts"
Persistence,"All eligible: active, non-tie weekly label, historical graph features available",12126.0,6889.0,NA,2022-12-19;2022-12-26;2023-01-02;2023-01-09;2023-01-16;2023-01-23;2023-01-30;2023-02-06;2023-02-13;2023-02-20;2023-02-27;2023-03-06;2023-03-13;2023-03-20;2023-03-27,42,last available prior orientation label; train-prior fallback,none (features from recorded prior graphs),results/tables/graph_models_summary.csv,"saved seed/week bootstrap 95%, not recomputed or pooled with other cohorts"
Logistic Regression,"All eligible: active, non-tie weekly label, historical graph features available",12126.0,6889.0,NA,2022-12-19;2022-12-26;2023-01-02;2023-01-09;2023-01-16;2023-01-23;2023-01-30;2023-02-06;2023-02-13;2023-02-20;2023-02-27;2023-03-06;2023-03-13;2023-03-20;2023-03-27,42,"prior-week in/out degree, in/out event strength, PageRank, reverse PageRank",none (features from recorded prior graphs),results/tables/graph_models_summary.csv,"saved seed/week bootstrap 95%, not recomputed or pooled with other cohorts"
MLP,"All eligible: active, non-tie weekly label, historical graph features available",12126.0,6889.0,NA,2022-12-19;2022-12-26;2023-01-02;2023-01-09;2023-01-16;2023-01-23;2023-01-30;2023-02-06;2023-02-13;2023-02-20;2023-02-27;2023-03-06;2023-03-13;2023-03-20;2023-03-27,42;43;44;45;46;47;48;49;50;51,"prior-week in/out degree, in/out event strength, PageRank, reverse PageRank",none (features from recorded prior graphs),results/tables/graph_models_summary.csv,"saved seed/week bootstrap 95%, not recomputed or pooled with other cohorts"
Original GRU,"All eligible: active, non-tie weekly label, historical graph features available",12126.0,6889.0,NA,2022-12-19;2022-12-26;2023-01-02;2023-01-09;2023-01-16;2023-01-23;2023-01-30;2023-02-06;2023-02-13;2023-02-20;2023-02-27;2023-03-06;2023-03-13;2023-03-20;2023-03-27,42;43;44;45;46;47;48;49;50;51,"prior-week in/out degree, in/out event strength, PageRank, reverse PageRank",none (features from recorded prior graphs),results/tables/graph_models_summary.csv,"saved seed/week bootstrap 95%, not recomputed or pooled with other cohorts"
Static GCN,"All eligible: active, non-tie weekly label, historical graph features available",12126.0,6889.0,NA,2022-12-19;2022-12-26;2023-01-02;2023-01-09;2023-01-16;2023-01-23;2023-01-30;2023-02-06;2023-02-13;2023-02-20;2023-02-27;2023-03-06;2023-03-13;2023-03-20;2023-03-27,42;43;44;45;46;47;48;49;50;51,"prior-week in/out degree, in/out event strength, PageRank, reverse PageRank",recorded incoming message aggregation,results/tables/graph_models_summary.csv,"saved seed/week bootstrap 95%, not recomputed or pooled with other cohorts"
GraphSAGE,"All eligible: active, non-tie weekly label, historical graph features available",12126.0,6889.0,NA,2022-12-19;2022-12-26;2023-01-02;2023-01-09;2023-01-16;2023-01-23;2023-01-30;2023-02-06;2023-02-13;2023-02-20;2023-02-27;2023-03-06;2023-03-13;2023-03-20;2023-03-27,42;43;44;45;46;47;48;49;50;51,"prior-week in/out degree, in/out event strength, PageRank, reverse PageRank",recorded incoming message aggregation,results/tables/graph_models_summary.csv,"saved seed/week bootstrap 95%, not recomputed or pooled with other cohorts"
GAT forward,"All eligible: active, non-tie weekly label, historical graph features available",12126.0,6889.0,NA,2022-12-19;2022-12-26;2023-01-02;2023-01-09;2023-01-16;2023-01-23;2023-01-30;2023-02-06;2023-02-13;2023-02-20;2023-02-27;2023-03-06;2023-03-13;2023-03-20;2023-03-27,42;43;44;45;46;47;48;49;50;51,"prior-week in/out degree, in/out event strength, PageRank, reverse PageRank",recorded incoming message aggregation,results/tables/graph_models_summary.csv,"saved seed/week bootstrap 95%, not recomputed or pooled with other cohorts"
GAT reversed,"All eligible: active, non-tie weekly label, historical graph features available",12126.0,6889.0,NA,2022-12-19;2022-12-26;2023-01-02;2023-01-09;2023-01-16;2023-01-23;2023-01-30;2023-02-06;2023-02-13;2023-02-20;2023-02-27;2023-03-06;2023-03-13;2023-03-20;2023-03-27,42;43;44;45;46;47;48;49;50;51,"prior-week in/out degree, in/out event strength, PageRank, reverse PageRank",reversed,results/tables/graph_models_summary.csv,"saved seed/week bootstrap 95%, not recomputed or pooled with other cohorts"
Aligned GRU,"All eligible: active, non-tie weekly label, historical graph features available",12126.0,6889.0,NA,2022-12-19;2022-12-26;2023-01-02;2023-01-09;2023-01-16;2023-01-23;2023-01-30;2023-02-06;2023-02-13;2023-02-20;2023-02-27;2023-03-06;2023-03-13;2023-03-20;2023-03-27,42;43;44;45;46;47;48;49;50;51,"prior-week in/out degree, in/out event strength, PageRank, reverse PageRank",none (features from recorded prior graphs),results/tables/graph_models_summary.csv,"saved seed/week bootstrap 95%, not recomputed or pooled with other cohorts"
Temporal GCN / GRU-over-GCN,"All eligible: active, non-tie weekly label, historical graph features available",12126.0,6889.0,NA,2022-12-19;2022-12-26;2023-01-02;2023-01-09;2023-01-16;2023-01-23;2023-01-30;2023-02-06;2023-02-13;2023-02-20;2023-02-27;2023-03-06;2023-03-13;2023-03-20;2023-03-27,42;43;44;45;46;47;48;49;50;51,"prior-week in/out degree, in/out event strength, PageRank, reverse PageRank",recorded incoming message aggregation,results/tables/graph_models_summary.csv,"saved seed/week bootstrap 95%, not recomputed or pooled with other cohorts"
History + Forward GAT,All eligible,12126.0,6889.0,NA,2022-12-19;2022-12-26;2023-01-02;2023-01-09;2023-01-16;2023-01-23;2023-01-30;2023-02-06;2023-02-13;2023-02-20;2023-02-27;2023-03-06;2023-03-13;2023-03-20;2023-03-27,42;43;44;45;46;47;48;49;50;51,"prior-week in/out degree, in/out event strength, PageRank, reverse PageRank; Previous_Label, Previous_Label_Available, Past_Class0_Rate, Past_Class1_Rate, Past_Label_Count, Weeks_Since_Last_Label",recorded,results/tables/history_graph_summary.csv,saved ordinary bootstrap over week means; seeds averaged within week
History + Reversed GAT,All eligible,12126.0,6889.0,NA,2022-12-19;2022-12-26;2023-01-02;2023-01-09;2023-01-16;2023-01-23;2023-01-30;2023-02-06;2023-02-13;2023-02-20;2023-02-27;2023-03-06;2023-03-13;2023-03-20;2023-03-27,42;43;44;45;46;47;48;49;50;51,"prior-week in/out degree, in/out event strength, PageRank, reverse PageRank; Previous_Label, Previous_Label_Available, Past_Class0_Rate, Past_Class1_Rate, Past_Label_Count, Weeks_Since_Last_Label",reversed,results/tables/history_graph_summary.csv,saved ordinary bootstrap over week means; seeds averaged within week
History + Structural MLP,All eligible,12126.0,6889.0,NA,2022-12-19;2022-12-26;2023-01-02;2023-01-09;2023-01-16;2023-01-23;2023-01-30;2023-02-06;2023-02-13;2023-02-20;2023-02-27;2023-03-06;2023-03-13;2023-03-20;2023-03-27,42;43;44;45;46;47;48;49;50;51,"prior-week in/out degree, in/out event strength, PageRank, reverse PageRank; Previous_Label, Previous_Label_Available, Past_Class0_Rate, Past_Class1_Rate, Past_Label_Count, Weeks_Since_Last_Label",none (prior structural features),results/tables/history_graph_summary.csv,saved ordinary bootstrap over week means; seeds averaged within week
History Logistic,All eligible,12126.0,6889.0,NA,2022-12-19;2022-12-26;2023-01-02;2023-01-09;2023-01-16;2023-01-23;2023-01-30;2023-02-06;2023-02-13;2023-02-20;2023-02-27;2023-03-06;2023-03-13;2023-03-20;2023-03-27,42,"Previous_Label, Previous_Label_Available, Past_Class0_Rate, Past_Class1_Rate, Past_Label_Count, Weeks_Since_Last_Label",none,results/tables/history_graph_summary.csv,saved ordinary bootstrap over week means; seeds averaged within week
Persistence,All eligible,12126.0,6889.0,NA,2022-12-19;2022-12-26;2023-01-02;2023-01-09;2023-01-16;2023-01-23;2023-01-30;2023-02-06;2023-02-13;2023-02-20;2023-02-27;2023-03-06;2023-03-13;2023-03-20;2023-03-27,42,last available prior orientation label; train-prior fallback,none,results/tables/history_graph_summary.csv,saved ordinary bootstrap over week means; seeds averaged within week
Reversed GAT (no history),All eligible,12126.0,6889.0,NA,2022-12-19;2022-12-26;2023-01-02;2023-01-09;2023-01-16;2023-01-23;2023-01-30;2023-02-06;2023-02-13;2023-02-20;2023-02-27;2023-03-06;2023-03-13;2023-03-20;2023-03-27,42;43;44;45;46;47;48;49;50;51,"prior-week in/out degree, in/out event strength, PageRank, reverse PageRank",reversed,results/tables/history_graph_summary.csv,saved ordinary bootstrap over week means; seeds averaged within week
History + Forward GAT,History available,10978.0,NA,NA,2022-12-19;2022-12-26;2023-01-02;2023-01-09;2023-01-16;2023-01-23;2023-01-30;2023-02-06;2023-02-13;2023-02-20;2023-02-27;2023-03-06;2023-03-13;2023-03-20;2023-03-27,42;43;44;45;46;47;48;49;50;51,"prior-week in/out degree, in/out event strength, PageRank, reverse PageRank; Previous_Label, Previous_Label_Available, Past_Class0_Rate, Past_Class1_Rate, Past_Label_Count, Weeks_Since_Last_Label",recorded,results/tables/history_graph_summary.csv,saved ordinary bootstrap over week means; seeds averaged within week
History + Reversed GAT,History available,10978.0,NA,NA,2022-12-19;2022-12-26;2023-01-02;2023-01-09;2023-01-16;2023-01-23;2023-01-30;2023-02-06;2023-02-13;2023-02-20;2023-02-27;2023-03-06;2023-03-13;2023-03-20;2023-03-27,42;43;44;45;46;47;48;49;50;51,"prior-week in/out degree, in/out event strength, PageRank, reverse PageRank; Previous_Label, Previous_Label_Available, Past_Class0_Rate, Past_Class1_Rate, Past_Label_Count, Weeks_Since_Last_Label",reversed,results/tables/history_graph_summary.csv,saved ordinary bootstrap over week means; seeds averaged within week
History + Structural MLP,History available,10978.0,NA,NA,2022-12-19;2022-12-26;2023-01-02;2023-01-09;2023-01-16;2023-01-23;2023-01-30;2023-02-06;2023-02-13;2023-02-20;2023-02-27;2023-03-06;2023-03-13;2023-03-20;2023-03-27,42;43;44;45;46;47;48;49;50;51,"prior-week in/out degree, in/out event strength, PageRank, reverse PageRank; Previous_Label, Previous_Label_Available, Past_Class0_Rate, Past_Class1_Rate, Past_Label_Count, Weeks_Since_Last_Label",none (prior structural features),results/tables/history_graph_summary.csv,saved ordinary bootstrap over week means; seeds averaged within week
History Logistic,History available,10978.0,NA,NA,2022-12-19;2022-12-26;2023-01-02;2023-01-09;2023-01-16;2023-01-23;2023-01-30;2023-02-06;2023-02-13;2023-02-20;2023-02-27;2023-03-06;2023-03-13;2023-03-20;2023-03-27,42,"Previous_Label, Previous_Label_Available, Past_Class0_Rate, Past_Class1_Rate, Past_Label_Count, Weeks_Since_Last_Label",none,results/tables/history_graph_summary.csv,saved ordinary bootstrap over week means; seeds averaged within week
Persistence,History available,NA,NA,NA,2022-12-19;2022-12-26;2023-01-02;2023-01-09;2023-01-16;2023-01-23;2023-01-30;2023-02-06;2023-02-13;2023-02-20;2023-02-27;2023-03-06;2023-03-13;2023-03-20;2023-03-27,42,last available prior orientation label; train-prior fallback,none,results/tables/history_graph_summary.csv,saved ordinary bootstrap over week means; seeds averaged within week
Reversed GAT (no history),History available,NA,NA,NA,2022-12-19;2022-12-26;2023-01-02;2023-01-09;2023-01-16;2023-01-23;2023-01-30;2023-02-06;2023-02-13;2023-02-20;2023-02-27;2023-03-06;2023-03-13;2023-03-20;2023-03-27,42;43;44;45;46;47;48;49;50;51,"prior-week in/out degree, in/out event strength, PageRank, reverse PageRank",reversed,results/tables/history_graph_summary.csv,saved ordinary bootstrap over week means; seeds averaged within week
GCN_baseline,Original monthly node task: original_uncorrected,NA,NA,17598.0,NA (monthly task; consult saved methodology),NA (not in this summary),See stage8_final_paper_methodology.md,See saved monthly methodology,results/tables/stage8_final_paper_results.csv,NA (no interval in saved summary)
EvolveGCN_style,Original monthly node task: original_uncorrected,NA,NA,17598.0,NA (monthly task; consult saved methodology),NA (not in this summary),See stage8_final_paper_methodology.md,See saved monthly methodology,results/tables/stage8_final_paper_results.csv,NA (no interval in saved summary)
GCN_baseline,Original monthly node task: imbalance_corrected,NA,NA,17598.0,NA (monthly task; consult saved methodology),NA (not in this summary),See stage8_final_paper_methodology.md,See saved monthly methodology,results/tables/stage8_final_paper_results.csv,NA (no interval in saved summary)
EvolveGCN_style,Original monthly node task: imbalance_corrected,NA,NA,17598.0,NA (monthly task; consult saved methodology),NA (not in this summary),See stage8_final_paper_methodology.md,See saved monthly methodology,results/tables/stage8_final_paper_results.csv,NA (no interval in saved summary)
Original static diffusion population,exact matching largest weak component,NA,NA,17598.0,NA,NA,full-period labels descriptive; simulator orientation cutoff through Nov 2022,supplied Source -> Target,NA,NA
Full temporal network,normalized reconstructed endpoint union,NA,NA,60219.0,NA,NA,no restriction to tweet authors or original WCC,author -> text referenced account,NA,NA
