model,metric,saved_mean,weekly_mean,difference,within_1e_10
Majority,accuracy,0.5292239015580961,0.5292239015580961,0.0,True
Majority,balanced_accuracy,0.5,0.5,0.0,True
Majority,macro_F1,0.3459863034622333,0.34598630346223336,5.551115123125783e-17,True
Majority,class_0_precision,0.5292239015580961,0.5292239015580961,0.0,True
Majority,class_0_recall,1.0,1.0,0.0,True
Majority,class_0_F1,0.6919726069244668,0.6919726069244668,0.0,True
Majority,class_1_F1,0.0,0.0,0.0,True
Majority,MCC,0.0,0.0,0.0,True
Majority,class_0_PR_AUC,0.5292239015580961,0.5292239015580961,0.0,True
Majority,class_1_PR_AUC,0.4707760984419039,0.47077609844190393,5.551115123125783e-17,True
Majority,ROC_AUC,0.5,0.5,0.0,True
Majority,Brier_score,0.2492005988877199,0.2492005988877199,0.0,True
Majority,no_skill_class_0_PR_AUC,0.5292239015580961,0.5292239015580961,0.0,True
Persistence,accuracy,0.5437616289336494,0.5437616289336494,0.0,True
Persistence,balanced_accuracy,0.5402665915765487,0.5402665915765487,0.0,True
Persistence,macro_F1,0.5395807242960446,0.5395807242960446,0.0,True
Persistence,class_0_precision,0.5650326518513457,0.5650326518513457,0.0,True
Persistence,class_0_recall,0.600727544087582,0.600727544087582,0.0,True
Persistence,class_0_F1,0.5820602376332096,0.5820602376332096,0.0,True
Persistence,class_1_F1,0.4971012109588797,0.49710121095887977,5.551115123125783e-17,True
Persistence,MCC,0.0809701303762437,0.08097013037624376,5.551115123125783e-17,True
Persistence,class_0_PR_AUC,0.557476670319953,0.557476670319953,0.0,True
Persistence,class_1_PR_AUC,0.4975978064502226,0.4975978064502226,0.0,True
Persistence,ROC_AUC,0.5469181669209041,0.5469181669209041,0.0,True
Persistence,Brier_score,0.4328523290298157,0.4328523290298157,0.0,True
Persistence,no_skill_class_0_PR_AUC,0.5292239015580961,0.5292239015580961,0.0,True
Logistic Regression,accuracy,0.4978593926611909,0.4978593926611909,0.0,True
Logistic Regression,balanced_accuracy,0.5120928506013281,0.5120928506013281,0.0,True
Logistic Regression,macro_F1,0.4741836316189537,0.47418363161895377,5.551115123125783e-17,True
Logistic Regression,class_0_precision,0.5550217040421469,0.5550217040421469,0.0,True
Logistic Regression,class_0_recall,0.2718119118317391,0.2718119118317391,0.0,True
Logistic Regression,class_0_F1,0.363751294481112,0.36375129448111204,5.551115123125783e-17,True
Logistic Regression,class_1_F1,0.5846159687567957,0.5846159687567957,0.0,True
Logistic Regression,MCC,0.0285031345663528,0.02850313456635285,4.85722573273506e-17,True
Logistic Regression,class_0_PR_AUC,0.5529057690893435,0.5529057690893435,0.0,True
Logistic Regression,class_1_PR_AUC,0.481809801996999,0.481809801996999,0.0,True
Logistic Regression,ROC_AUC,0.513614026368464,0.513614026368464,0.0,True
Logistic Regression,Brier_score,0.2496041847381127,0.24960418473811277,8.326672684688674e-17,True
Logistic Regression,no_skill_class_0_PR_AUC,0.5292239015580961,0.5292239015580961,0.0,True
MLP,accuracy,0.5027242056381559,0.5027242056381558,-1.1102230246251565e-16,True
MLP,balanced_accuracy,0.5065594656248338,0.5065594656248338,0.0,True
MLP,macro_F1,0.4522105822419672,0.4522105822419672,0.0,True
MLP,class_0_precision,0.5427183368033369,0.5427183368033369,0.0,True
MLP,class_0_recall,0.4395059845031667,0.4395059845031667,0.0,True
MLP,class_0_F1,0.4373303281539085,0.4373303281539085,0.0,True
MLP,class_1_F1,0.467090836330026,0.46709083633002596,-5.551115123125783e-17,True
MLP,MCC,0.0156529985706249,0.015652998570624913,1.3877787807814457e-17,True
MLP,class_0_PR_AUC,0.5494032430762711,0.5494032430762711,0.0,True
MLP,class_1_PR_AUC,0.4832332190849866,0.4832332190849866,0.0,True
MLP,ROC_AUC,0.5118984154504567,0.5118984154504566,-1.1102230246251565e-16,True
MLP,Brier_score,0.2497427930434544,0.24974279304345437,-2.7755575615628914e-17,True
MLP,no_skill_class_0_PR_AUC,0.5292239015580961,0.5292239015580961,0.0,True
GRU (aligned),accuracy,0.5020406640273163,0.5020406640273163,0.0,True
GRU (aligned),balanced_accuracy,0.5091458428215733,0.5091458428215733,0.0,True
GRU (aligned),macro_F1,0.4875910801292959,0.4875910801292959,0.0,True
GRU (aligned),class_0_precision,0.5426876717236073,0.5426876717236073,0.0,True
GRU (aligned),class_0_recall,0.4175749414379515,0.4175749414379515,0.0,True
GRU (aligned),class_0_F1,0.4540286471457181,0.45402864714571817,5.551115123125783e-17,True
GRU (aligned),class_1_F1,0.5211535131128737,0.5211535131128737,0.0,True
GRU (aligned),MCC,0.0195757316831922,0.01957573168319218,-2.0816681711721685e-17,True
GRU (aligned),class_0_PR_AUC,0.5483775705145408,0.5483775705145408,0.0,True
GRU (aligned),class_1_PR_AUC,0.4802215319717564,0.4802215319717563,-5.551115123125783e-17,True
GRU (aligned),ROC_AUC,0.5113203506378582,0.5113203506378582,0.0,True
GRU (aligned),Brier_score,0.2497441000739732,0.24974410007397324,2.7755575615628914e-17,True
GRU (aligned),no_skill_class_0_PR_AUC,0.5292239015580961,0.5292239015580961,0.0,True
Static GCN,accuracy,0.499911242379899,0.499911242379899,0.0,True
Static GCN,balanced_accuracy,0.5011846473080263,0.5011846473080263,0.0,True
Static GCN,macro_F1,0.4798427482424302,0.4798427482424302,0.0,True
Static GCN,class_0_precision,0.5276695986295684,0.5276695986295684,0.0,True
Static GCN,class_0_recall,0.5071994122891941,0.5071994122891941,0.0,True
Static GCN,class_0_F1,0.4959951921678644,0.4959951921678644,0.0,True
Static GCN,class_1_F1,0.463690304316996,0.463690304316996,0.0,True
Static GCN,MCC,0.0027278045792387,0.0027278045792387597,5.984795992119984e-17,True
Static GCN,class_0_PR_AUC,0.5379139134165551,0.5379139134165551,0.0,True
Static GCN,class_1_PR_AUC,0.4759306399560535,0.47593063995605356,5.551115123125783e-17,True
Static GCN,ROC_AUC,0.5027303623867133,0.5027303623867133,0.0,True
Static GCN,Brier_score,0.2505767916639645,0.2505767916639645,0.0,True
Static GCN,no_skill_class_0_PR_AUC,0.5292239015580961,0.5292239015580961,0.0,True
GraphSAGE,accuracy,0.4961700570867113,0.49617005708671136,5.551115123125783e-17,True
GraphSAGE,balanced_accuracy,0.505368208859182,0.505368208859182,0.0,True
GraphSAGE,macro_F1,0.4664640579342994,0.4664640579342994,0.0,True
GraphSAGE,class_0_precision,0.5451193250348855,0.5451193250348855,0.0,True
GraphSAGE,class_0_recall,0.3766533585801994,0.37665335858019944,5.551115123125783e-17,True
GraphSAGE,class_0_F1,0.4113733115829293,0.4113733115829293,0.0,True
GraphSAGE,class_1_F1,0.5215548042856696,0.5215548042856696,0.0,True
GraphSAGE,MCC,0.0131683032407136,0.013168303240713672,7.28583859910259e-17,True
GraphSAGE,class_0_PR_AUC,0.5450144155887189,0.5450144155887189,0.0,True
GraphSAGE,class_1_PR_AUC,0.481403013777506,0.48140301377750594,-5.551115123125783e-17,True
GraphSAGE,ROC_AUC,0.5088980034812839,0.5088980034812839,0.0,True
GraphSAGE,Brier_score,0.2501168239116668,0.2501168239116668,0.0,True
GraphSAGE,no_skill_class_0_PR_AUC,0.5292239015580961,0.5292239015580961,0.0,True
GAT,accuracy,0.5033719313905488,0.5033719313905488,0.0,True
GAT,balanced_accuracy,0.5083904499379769,0.5083904499379768,-1.1102230246251565e-16,True
GAT,macro_F1,0.4754264043479259,0.47542640434792577,-1.1102230246251565e-16,True
GAT,class_0_precision,0.540895377596985,0.540895377596985,0.0,True
GAT,class_0_recall,0.4362488773467165,0.4362488773467165,0.0,True
GAT,class_0_F1,0.4517446308361294,0.4517446308361294,0.0,True
GAT,class_1_F1,0.4991081778597221,0.4991081778597221,0.0,True
GAT,MCC,0.0173567379534905,0.017356737953490513,1.3877787807814457e-17,True
GAT,class_0_PR_AUC,0.5502844444591677,0.5502844444591677,0.0,True
GAT,class_1_PR_AUC,0.4834640741430705,0.4834640741430705,0.0,True
GAT,ROC_AUC,0.5133242177922598,0.5133242177922598,0.0,True
GAT,Brier_score,0.2496855440735816,0.2496855440735816,0.0,True
GAT,no_skill_class_0_PR_AUC,0.5292239015580961,0.5292239015580961,0.0,True
Temporal GCN,accuracy,0.5010573248948426,0.5010573248948426,0.0,True
Temporal GCN,balanced_accuracy,0.5051342377027576,0.5051342377027576,0.0,True
Temporal GCN,macro_F1,0.4895908292825952,0.48959082928259523,5.551115123125783e-17,True
Temporal GCN,class_0_precision,0.5356624362828235,0.5356624362828235,0.0,True
Temporal GCN,class_0_recall,0.4358875914170778,0.43588759141707784,5.551115123125783e-17,True
Temporal GCN,class_0_F1,0.4686701877914671,0.468670187791467,-5.551115123125783e-17,True
Temporal GCN,class_1_F1,0.5105114707737234,0.5105114707737234,0.0,True
Temporal GCN,MCC,0.0105408639465101,0.01054086394651016,5.898059818321144e-17,True
Temporal GCN,class_0_PR_AUC,0.5457851642208081,0.5457851642208081,0.0,True
Temporal GCN,class_1_PR_AUC,0.4781559988262732,0.47815599882627324,5.551115123125783e-17,True
Temporal GCN,ROC_AUC,0.5088740571981393,0.5088740571981393,0.0,True
Temporal GCN,Brier_score,0.2499923864006996,0.24999238640069957,-2.7755575615628914e-17,True
Temporal GCN,no_skill_class_0_PR_AUC,0.5292239015580961,0.5292239015580961,0.0,True
GraphSAGE (reversed),accuracy,0.4959014105449738,0.4959014105449738,0.0,True
GraphSAGE (reversed),balanced_accuracy,0.5005793584755265,0.5005793584755265,0.0,True
GraphSAGE (reversed),macro_F1,0.4696054487512819,0.46960544875128196,5.551115123125783e-17,True
GraphSAGE (reversed),class_0_precision,0.5180671330316192,0.5180671330316192,0.0,True
GraphSAGE (reversed),class_0_recall,0.4316434433173445,0.4316434433173445,0.0,True
GraphSAGE (reversed),class_0_F1,0.4393786890761813,0.4393786890761813,0.0,True
GraphSAGE (reversed),class_1_F1,0.4998322084263826,0.49983220842638265,5.551115123125783e-17,True
GraphSAGE (reversed),MCC,0.0018109945669103,0.0018109945669103932,9.324138683375338e-17,True
GraphSAGE (reversed),class_0_PR_AUC,0.5306731503184661,0.5306731503184661,0.0,True
GraphSAGE (reversed),class_1_PR_AUC,0.4793635771258461,0.4793635771258461,0.0,True
GraphSAGE (reversed),ROC_AUC,0.5016371578374449,0.5016371578374449,0.0,True
GraphSAGE (reversed),Brier_score,0.2705864666899045,0.27058646668990444,-5.551115123125783e-17,True
GraphSAGE (reversed),no_skill_class_0_PR_AUC,0.5292239015580961,0.5292239015580961,0.0,True
GAT (reversed),accuracy,0.5078327145652376,0.5078327145652376,0.0,True
GAT (reversed),balanced_accuracy,0.5058183270897106,0.5058183270897106,0.0,True
GAT (reversed),macro_F1,0.4942666575455947,0.49426665754559473,5.551115123125783e-17,True
GAT (reversed),class_0_precision,0.5353913296291005,0.5353913296291005,0.0,True
GAT (reversed),class_0_recall,0.5421874451665213,0.5421874451665213,0.0,True
GAT (reversed),class_0_F1,0.5278382246674382,0.5278382246674382,0.0,True
GAT (reversed),class_1_F1,0.4606950904237512,0.4606950904237512,0.0,True
GAT (reversed),MCC,0.0118431798768491,0.01184317987684914,3.9898639947466563e-17,True
GAT (reversed),class_0_PR_AUC,0.5413901773224967,0.5413901773224967,0.0,True
GAT (reversed),class_1_PR_AUC,0.4799734236958212,0.47997342369582113,-5.551115123125783e-17,True
GAT (reversed),ROC_AUC,0.5087157693946147,0.5087157693946147,0.0,True
GAT (reversed),Brier_score,0.2682698226968448,0.26826982269684474,-5.551115123125783e-17,True
GAT (reversed),no_skill_class_0_PR_AUC,0.5292239015580961,0.5292239015580961,0.0,True
GRU (legacy lagged),accuracy,0.5064609910705263,0.5064609910705263,0.0,True
GRU (legacy lagged),balanced_accuracy,0.5054856827217803,0.5054856827217803,0.0,True
GRU (legacy lagged),macro_F1,0.4487058024254519,0.44870580242545194,5.551115123125783e-17,True
GRU (legacy lagged),class_0_precision,0.5273664274598077,0.5273664274598077,0.0,True
GRU (legacy lagged),class_0_recall,0.5294914709974244,0.5294914709974244,0.0,True
GRU (legacy lagged),class_0_F1,0.4850846831173448,0.4850846831173448,0.0,True
GRU (legacy lagged),class_1_F1,0.412326921733559,0.412326921733559,0.0,True
GRU (legacy lagged),MCC,0.0123908829327695,0.012390882932769558,5.898059818321144e-17,True
GRU (legacy lagged),class_0_PR_AUC,0.546410086054567,0.546410086054567,0.0,True
GRU (legacy lagged),class_1_PR_AUC,0.4780749338007887,0.47807493380078875,5.551115123125783e-17,True
GRU (legacy lagged),ROC_AUC,0.5097961969430227,0.5097961969430227,0.0,True
GRU (legacy lagged),Brier_score,0.2501301269729932,0.25013012697299314,-5.551115123125783e-17,True
GRU (legacy lagged),no_skill_class_0_PR_AUC,0.5292239015580961,0.5292239015580961,0.0,True
