Model_A,Model_B,Metric,Mean_A_Minus_B,Paired_Bootstrap_95_Lower,Paired_Bootstrap_95_Upper,A_Better_Weeks,A_Worse_Weeks,Paired_Weeks,Consistently_Better_All_Weeks,Nominal_Positive_CI,Bootstrap_Draws,Model,Forward_Message,Reverse_Message,Method
Static GCN forward,Static GCN reverse,macro_F1,0.0,0.0,0.0,0,0,15,False,False,10000,Static GCN,Source -> Target (receiving Target aggregates Source),Target -> Source,"algebraic invariance; same symmetric adjacency, no redundant refit"
Static GCN forward,Static GCN reverse,class_0_PR_AUC,0.0,0.0,0.0,0,0,15,False,False,10000,Static GCN,Source -> Target (receiving Target aggregates Source),Target -> Source,"algebraic invariance; same symmetric adjacency, no redundant refit"
Static GCN forward,Static GCN reverse,balanced_accuracy,0.0,0.0,0.0,0,0,15,False,False,10000,Static GCN,Source -> Target (receiving Target aggregates Source),Target -> Source,"algebraic invariance; same symmetric adjacency, no redundant refit"
Static GCN forward,Static GCN reverse,MCC,0.0,0.0,0.0,0,0,15,False,False,10000,Static GCN,Source -> Target (receiving Target aggregates Source),Target -> Source,"algebraic invariance; same symmetric adjacency, no redundant refit"
GraphSAGE forward,GraphSAGE reverse,macro_F1,-0.0031413908169825476,-0.017411303146836143,0.011262970750328423,8,7,15,False,False,10000,GraphSAGE,Source -> Target (receiving Target aggregates Source),Target -> Source,independent reverse-direction validation tuning and ten-seed retraining
GraphSAGE forward,GraphSAGE reverse,class_0_PR_AUC,0.01434126527025275,0.007669089814429377,0.021285684312973084,13,2,15,False,True,10000,GraphSAGE,Source -> Target (receiving Target aggregates Source),Target -> Source,independent reverse-direction validation tuning and ten-seed retraining
GraphSAGE forward,GraphSAGE reverse,balanced_accuracy,0.0047888503836554745,-0.00013004542014200497,0.00946332774408972,11,4,15,False,False,10000,GraphSAGE,Source -> Target (receiving Target aggregates Source),Target -> Source,independent reverse-direction validation tuning and ten-seed retraining
GraphSAGE forward,GraphSAGE reverse,MCC,0.011357308673803296,0.00013128682824040035,0.022332885575860602,11,4,15,False,True,10000,GraphSAGE,Source -> Target (receiving Target aggregates Source),Target -> Source,independent reverse-direction validation tuning and ten-seed retraining
GAT forward,GAT reverse,macro_F1,-0.01884025319766895,-0.03502966664905846,-0.0017966552142519583,4,11,15,False,False,10000,GAT,Source -> Target (receiving Target aggregates Source),Target -> Source,independent reverse-direction validation tuning and ten-seed retraining
GAT forward,GAT reverse,class_0_PR_AUC,0.008894267136671023,0.0020248586365615205,0.01614614875615456,11,4,15,False,True,10000,GAT,Source -> Target (receiving Target aggregates Source),Target -> Source,independent reverse-direction validation tuning and ten-seed retraining
GAT forward,GAT reverse,balanced_accuracy,0.0025721228482660638,-0.0033686780251240877,0.00953028341605845,7,8,15,False,False,10000,GAT,Source -> Target (receiving Target aggregates Source),Target -> Source,independent reverse-direction validation tuning and ten-seed retraining
GAT forward,GAT reverse,MCC,0.0055135580766413565,-0.007299306909001354,0.020130970161217985,7,8,15,False,False,10000,GAT,Source -> Target (receiving Target aggregates Source),Target -> Source,independent reverse-direction validation tuning and ten-seed retraining
Temporal GCN forward,Temporal GCN reverse,macro_F1,0.0,0.0,0.0,0,0,15,False,False,10000,Temporal GCN,Source -> Target (receiving Target aggregates Source),Target -> Source,"algebraic invariance; same symmetric adjacency, no redundant refit"
Temporal GCN forward,Temporal GCN reverse,class_0_PR_AUC,0.0,0.0,0.0,0,0,15,False,False,10000,Temporal GCN,Source -> Target (receiving Target aggregates Source),Target -> Source,"algebraic invariance; same symmetric adjacency, no redundant refit"
Temporal GCN forward,Temporal GCN reverse,balanced_accuracy,0.0,0.0,0.0,0,0,15,False,False,10000,Temporal GCN,Source -> Target (receiving Target aggregates Source),Target -> Source,"algebraic invariance; same symmetric adjacency, no redundant refit"
Temporal GCN forward,Temporal GCN reverse,MCC,0.0,0.0,0.0,0,0,15,False,False,10000,Temporal GCN,Source -> Target (receiving Target aggregates Source),Target -> Source,"algebraic invariance; same symmetric adjacency, no redundant refit"
