Model_A,Model_B,Metric,Mean_A_Minus_B,Paired_Bootstrap_95_Lower,Paired_Bootstrap_95_Upper,A_Better_Weeks,A_Worse_Weeks,Paired_Weeks,Consistently_Better_All_Weeks,Nominal_Positive_CI,Bootstrap_Draws
GAT,Logistic Regression,macro_F1,0.001242772728971934,-0.013572496238214903,0.015124720548978449,9,6,15,False,False,10000
GAT,Logistic Regression,class_0_PR_AUC,-0.002621324630175777,-0.0076504127498311205,0.0030178698147482405,5,10,15,False,False,10000
GAT,Logistic Regression,balanced_accuracy,-0.003702400663351387,-0.012326962560815032,0.006019629742507781,6,9,15,False,False,10000
GAT,Logistic Regression,MCC,-0.011146396612862338,-0.0314640158109505,0.011655957621445395,6,9,15,False,False,10000
GAT,MLP,macro_F1,0.023215822105958576,0.003844699126574226,0.04158669873157765,11,4,15,False,True,10000
GAT,MLP,class_0_PR_AUC,0.0008812013828967273,-0.004102730967045528,0.006048009225739455,7,8,15,False,False,10000
GAT,MLP,balanced_accuracy,0.0018309843131429694,-0.002945951159860916,0.007339914785508189,7,8,15,False,False,10000
GAT,MLP,MCC,0.0017037393828655738,-0.008847974181651827,0.014114127387078125,5,10,15,False,False,10000
GAT,Persistence,macro_F1,-0.06415431994811888,-0.08403914421644249,-0.044970674951010405,1,14,15,False,False,10000
GAT,Persistence,class_0_PR_AUC,-0.007192225860785258,-0.01860633443348897,0.005088866301477447,5,10,15,False,False,10000
GAT,Persistence,balanced_accuracy,-0.03187614163857187,-0.04284281945156159,-0.019422804919034944,2,13,15,False,False,10000
GAT,Persistence,MCC,-0.06361339242275327,-0.0861197301581672,-0.03759389288466175,2,13,15,False,False,10000
GAT,Static GCN,macro_F1,-0.004416343894504412,-0.016649823364866152,0.007936249687605888,7,8,15,False,False,10000
GAT,Static GCN,class_0_PR_AUC,0.012370531042612558,0.0060145289733321726,0.018304168228802768,12,3,15,False,True,10000
GAT,Static GCN,balanced_accuracy,0.007205802629950572,0.0013556264262317968,0.012612783937674945,10,5,15,False,True,10000
GAT,Static GCN,MCC,0.014628933374251741,0.001871730087660819,0.026467784209172875,10,5,15,False,True,10000
GAT (reversed),Logistic Regression,macro_F1,0.020083025926640883,0.009658934646973108,0.030022652147831414,13,2,15,False,True,10000
GAT (reversed),Logistic Regression,class_0_PR_AUC,-0.0115155917668468,-0.02056539866662763,-0.0023168531691783617,4,11,15,False,False,10000
GAT (reversed),Logistic Regression,balanced_accuracy,-0.00627452351161745,-0.016140312399892966,0.004950680117193301,7,8,15,False,False,10000
GAT (reversed),Logistic Regression,MCC,-0.016659954689503695,-0.03888552725139406,0.008610108632980019,5,10,15,False,False,10000
GAT (reversed),MLP,macro_F1,0.04205607530362753,0.021143301185235257,0.06397122740191284,12,3,15,False,True,10000
GAT (reversed),MLP,class_0_PR_AUC,-0.008013065753774296,-0.01805194699238232,0.0017239675808507118,6,9,15,False,False,10000
GAT (reversed),MLP,balanced_accuracy,-0.0007411385351230944,-0.008943256307858057,0.007276231035026779,8,7,15,False,False,10000
GAT (reversed),MLP,MCC,-0.003809818693775781,-0.02255297489169171,0.014492341304840818,8,7,15,False,False,10000
GAT (reversed),Persistence,macro_F1,-0.045314066750449924,-0.05506157724950576,-0.034903891864899755,0,15,15,False,False,10000
GAT (reversed),Persistence,class_0_PR_AUC,-0.01608649299745628,-0.022369091176364785,-0.009250723165737999,1,14,15,False,False,10000
GAT (reversed),Persistence,balanced_accuracy,-0.03444826448683794,-0.043741657289442175,-0.02434027546345803,1,14,15,False,False,10000
GAT (reversed),Persistence,MCC,-0.0691269504993946,-0.08735154134102076,-0.049340272260603134,1,14,15,False,False,10000
GAT (reversed),Static GCN,macro_F1,0.014423909303164536,0.005467269222129195,0.02215137442360997,13,2,15,False,True,10000
GAT (reversed),Static GCN,class_0_PR_AUC,0.0034762639059415347,-0.0014943925911114647,0.008984148141372024,9,6,15,False,False,10000
GAT (reversed),Static GCN,balanced_accuracy,0.004633679781684508,-0.0009871059815843568,0.010408912984198371,9,6,15,False,False,10000
GAT (reversed),Static GCN,MCC,0.009115375297610388,-0.0029606122736609724,0.02171353938425733,9,6,15,False,False,10000
GraphSAGE,Logistic Regression,macro_F1,-0.007719573684654394,-0.020310431112349026,0.005312868014944477,4,11,15,False,False,10000
GraphSAGE,Logistic Regression,class_0_PR_AUC,-0.007891353500624672,-0.012704099705846579,-0.003600580336906666,2,13,15,False,False,10000
GraphSAGE,Logistic Regression,balanced_accuracy,-0.006724641742146161,-0.013005006041823957,0.00046848128780733756,3,12,15,False,False,10000
GraphSAGE,Logistic Regression,MCC,-0.015334831325639169,-0.03222079266852621,0.002225446738731719,3,12,15,False,False,10000
GraphSAGE,MLP,macro_F1,0.014253475692332247,-0.0016019138846211033,0.03036037193002763,11,4,15,False,False,10000
GraphSAGE,MLP,class_0_PR_AUC,-0.004388827487552168,-0.010234432561146397,0.0003714823575902934,6,9,15,False,False,10000
GraphSAGE,MLP,balanced_accuracy,-0.0011912567656518047,-0.005773990001693424,0.003220277252270535,6,9,15,False,False,10000
GraphSAGE,MLP,MCC,-0.0024846953299112553,-0.012877987882649213,0.007893956521761562,6,9,15,False,False,10000
GraphSAGE,Persistence,macro_F1,-0.0731166663617452,-0.08941055543007685,-0.056474161665810124,0,15,15,False,False,10000
GraphSAGE,Persistence,class_0_PR_AUC,-0.012462254731234154,-0.023121907414737703,-0.0016056804160335997,5,10,15,False,False,10000
GraphSAGE,Persistence,balanced_accuracy,-0.03489838271736665,-0.046742410510257966,-0.02211025831100835,2,13,15,False,False,10000
GraphSAGE,Persistence,MCC,-0.0678018271355301,-0.09390564958008661,-0.03974110817249754,3,12,15,False,False,10000
GraphSAGE,Static GCN,macro_F1,-0.01337869030813074,-0.02390985123806959,-0.002759073253368724,6,9,15,False,False,10000
GraphSAGE,Static GCN,class_0_PR_AUC,0.0071005021721636625,0.0017400281370425817,0.012073042431083734,12,3,15,False,True,10000
GraphSAGE,Static GCN,balanced_accuracy,0.004183561551155798,-0.0003007223027640584,0.00832861589208324,12,3,15,False,False,10000
GraphSAGE,Static GCN,MCC,0.010440498661474912,0.0005687335928254349,0.019434029885310976,13,2,15,False,True,10000
GraphSAGE (reversed),Logistic Regression,macro_F1,-0.004578182867671847,-0.016333710079904085,0.006898910024263208,6,9,15,False,False,10000
GraphSAGE (reversed),Logistic Regression,class_0_PR_AUC,-0.02223261877087742,-0.03199543027660713,-0.012390375217733018,2,13,15,False,False,10000
GraphSAGE (reversed),Logistic Regression,balanced_accuracy,-0.011513492125801635,-0.02078949502262047,-0.0009096932791852378,3,12,15,False,False,10000
GraphSAGE (reversed),Logistic Regression,MCC,-0.026692139999442466,-0.04781301680522488,-0.003346800004922425,3,12,15,False,False,10000
GraphSAGE (reversed),MLP,macro_F1,0.017394866509314797,-0.00019328001158412444,0.03611869548933894,10,5,15,False,False,10000
GraphSAGE (reversed),MLP,class_0_PR_AUC,-0.018730092757804916,-0.028591053400268216,-0.009240407663288609,3,12,15,False,False,10000
GraphSAGE (reversed),MLP,balanced_accuracy,-0.0059801071493072785,-0.013342758419057528,0.001372444695072753,5,10,15,False,False,10000
GraphSAGE (reversed),MLP,MCC,-0.013842004003714551,-0.030652153190458827,0.002718364330561501,4,11,15,False,False,10000
GraphSAGE (reversed),Persistence,macro_F1,-0.06997527554476266,-0.08049082481363608,-0.0583235673425615,0,15,15,False,False,10000
GraphSAGE (reversed),Persistence,class_0_PR_AUC,-0.0268035200014869,-0.035624803973923834,-0.018261600943727082,1,14,15,False,False,10000
GraphSAGE (reversed),Persistence,balanced_accuracy,-0.03968723310102213,-0.049535279503031784,-0.029176850641755535,1,14,15,False,False,10000
GraphSAGE (reversed),Persistence,MCC,-0.07915913580933338,-0.09965701492595869,-0.05736904093558547,1,14,15,False,False,10000
GraphSAGE (reversed),Static GCN,macro_F1,-0.010237299491148192,-0.01613352813512725,-0.003304417895688653,2,13,15,False,False,10000
GraphSAGE (reversed),Static GCN,class_0_PR_AUC,-0.007240763098089087,-0.011721284605299448,-0.0025958497740786886,3,12,15,False,False,10000
GraphSAGE (reversed),Static GCN,balanced_accuracy,-0.0006052888324996768,-0.0041607907819155784,0.003382265890498836,4,11,15,False,False,10000
GraphSAGE (reversed),Static GCN,MCC,-0.0009168100123283835,-0.008466021590820348,0.007191787393841448,6,9,15,False,False,10000
Static GCN,Logistic Regression,macro_F1,0.005659116623476346,-0.004096176282943953,0.015575083430263868,9,6,15,False,False,10000
Static GCN,Logistic Regression,class_0_PR_AUC,-0.014991855672788334,-0.0218184767207955,-0.007595925145838339,3,12,15,False,False,10000
Static GCN,Logistic Regression,balanced_accuracy,-0.010908203293301959,-0.01989377909895443,-0.001979519239297041,4,11,15,False,False,10000
Static GCN,Logistic Regression,MCC,-0.025775329987114078,-0.04717934714743041,-0.004917898843713519,4,11,15,False,False,10000
Static GCN,MLP,macro_F1,0.027632166000462987,0.00999771924182528,0.046864857963181544,12,3,15,False,True,10000
Static GCN,MLP,class_0_PR_AUC,-0.01148932965971583,-0.019661304860584056,-0.003778865189976804,4,11,15,False,False,10000
Static GCN,MLP,balanced_accuracy,-0.005374818316807602,-0.010928017275547836,0.0004331148017968107,5,10,15,False,False,10000
Static GCN,MLP,MCC,-0.012925193991386169,-0.026130848398619084,0.0008536865490149952,5,10,15,False,False,10000
Static GCN,Persistence,macro_F1,-0.059737976053614465,-0.07208020828258489,-0.04741553075300748,0,15,15,False,False,10000
Static GCN,Persistence,class_0_PR_AUC,-0.019562756903397815,-0.029070362582528313,-0.010495900394399805,3,12,15,False,False,10000
Static GCN,Persistence,balanced_accuracy,-0.03908194426852244,-0.050169780884846436,-0.027208378096487372,2,13,15,False,False,10000
Static GCN,Persistence,MCC,-0.078242325797005,-0.10092331741133333,-0.05404134071698221,2,13,15,False,False,10000
Temporal GCN,GAT,macro_F1,0.014164424934669422,0.0013757896107740653,0.027658855117331287,8,7,15,False,True,10000
Temporal GCN,GAT,class_0_PR_AUC,-0.004499280238359689,-0.010452003522896802,0.0010538654109469247,7,8,15,False,False,10000
Temporal GCN,GAT,balanced_accuracy,-0.003256212235219184,-0.008124634606347565,0.001347194701102789,7,8,15,False,False,10000
Temporal GCN,GAT,MCC,-0.006815874006980334,-0.017273595374619224,0.003242148197169839,7,8,15,False,False,10000
Temporal GCN,GAT (reversed),macro_F1,-0.004675828262999527,-0.015885435354040772,0.006922330056654839,6,9,15,False,False,10000
Temporal GCN,GAT (reversed),class_0_PR_AUC,0.004394986898311333,-0.004162338059804767,0.01360284818685989,8,7,15,False,False,10000
Temporal GCN,GAT (reversed),balanced_accuracy,-0.0006840893869531202,-0.007939974663051182,0.006812760717456022,8,7,15,False,False,10000
Temporal GCN,GAT (reversed),MCC,-0.0013023159303389802,-0.016576453503612584,0.014365456440452928,8,7,15,False,False,10000
Temporal GCN,GRU (aligned),macro_F1,0.001999749153299246,-0.0033174512935340615,0.0068441484226291075,10,5,15,False,False,10000
Temporal GCN,GRU (aligned),class_0_PR_AUC,-0.0025924062937328816,-0.009945401645789814,0.003969533891922711,6,9,15,False,False,10000
Temporal GCN,GRU (aligned),balanced_accuracy,-0.004011605118815701,-0.009333320431120132,0.0005258930448496305,6,9,15,False,False,10000
Temporal GCN,GRU (aligned),MCC,-0.009034867736682028,-0.021054446685340896,0.0011740201525626565,6,9,15,False,False,10000
Temporal GCN,GRU (legacy lagged),macro_F1,0.04088502685714328,0.02580876483619323,0.0560623596401514,12,3,15,False,True,10000
Temporal GCN,GRU (legacy lagged),class_0_PR_AUC,-0.0006249218337588698,-0.004677284369578933,0.0036246672681843517,8,7,15,False,False,10000
Temporal GCN,GRU (legacy lagged),balanced_accuracy,-0.0003514450190227188,-0.00492637601202543,0.004194887023321899,8,7,15,False,False,10000
Temporal GCN,GRU (legacy lagged),MCC,-0.0018500189862594078,-0.01196729539005079,0.008105164148011091,9,6,15,False,False,10000
Temporal GCN,GraphSAGE,macro_F1,0.02312677134829575,0.012074828488662178,0.03403432590880288,12,3,15,False,True,10000
Temporal GCN,GraphSAGE,class_0_PR_AUC,0.0007707486320892058,-0.0050992755236737575,0.006850871330036385,10,5,15,False,False,10000
Temporal GCN,GraphSAGE,balanced_accuracy,-0.00023397115642440994,-0.004703664478779453,0.003990496235924105,7,8,15,False,False,10000
Temporal GCN,GraphSAGE,MCC,-0.0026274392942035067,-0.012488997853033517,0.0069020994278418705,5,10,15,False,False,10000
Temporal GCN,GraphSAGE (reversed),macro_F1,0.019985380531313202,0.009562176578851103,0.03059093934622877,13,2,15,False,True,10000
Temporal GCN,GraphSAGE (reversed),class_0_PR_AUC,0.015112013902341955,0.006516702390695684,0.02463229643428659,12,3,15,False,True,10000
Temporal GCN,GraphSAGE (reversed),balanced_accuracy,0.004554879227231064,-0.0013489958422545276,0.01047444336995946,10,5,15,False,False,10000
Temporal GCN,GraphSAGE (reversed),MCC,0.008729869379599785,-0.003089414439924606,0.020686116564846275,10,5,15,False,False,10000
Temporal GCN,Logistic Regression,macro_F1,0.015407197663641355,0.008567883080177294,0.022490748689560254,13,2,15,False,True,10000
Temporal GCN,Logistic Regression,class_0_PR_AUC,-0.007120604868535467,-0.012173177427410064,-0.0022837978899929294,3,12,15,False,False,10000
Temporal GCN,Logistic Regression,balanced_accuracy,-0.006958612898570571,-0.014385431720965833,0.0006031699752228815,3,12,15,False,False,10000
Temporal GCN,Logistic Regression,MCC,-0.017962270619842673,-0.03548195073063775,-0.00010031520496796897,3,12,15,False,False,10000
Temporal GCN,MLP,macro_F1,0.037380247040628,0.0224915375030882,0.05430257880713479,14,1,15,False,True,10000
Temporal GCN,MLP,class_0_PR_AUC,-0.003618078855462962,-0.009194681860527307,0.001625256260077756,5,10,15,False,False,10000
Temporal GCN,MLP,balanced_accuracy,-0.0014252279220762147,-0.005411533381233811,0.002702889713697259,5,10,15,False,False,10000
Temporal GCN,MLP,MCC,-0.005112134624114762,-0.015370076470030893,0.0053312860467165536,5,10,15,False,False,10000
Temporal GCN,Persistence,macro_F1,-0.04998989501344944,-0.06458701965532544,-0.03292370252098695,2,13,15,False,False,10000
Temporal GCN,Persistence,class_0_PR_AUC,-0.011691506099144948,-0.024561813774075476,0.0019146654054039635,5,10,15,False,False,10000
Temporal GCN,Persistence,balanced_accuracy,-0.03513235387379106,-0.046787940631719024,-0.021400981614257065,2,13,15,False,False,10000
Temporal GCN,Persistence,MCC,-0.07042926642973359,-0.09412570325200566,-0.04259575896877171,2,13,15,False,False,10000
Temporal GCN,Static GCN,macro_F1,0.009748081040165009,0.0015931881501529109,0.018276003771753254,10,5,15,False,True,10000
Temporal GCN,Static GCN,class_0_PR_AUC,0.007871250804252867,0.0015605056410036306,0.014371474535576514,10,5,15,False,True,10000
Temporal GCN,Static GCN,balanced_accuracy,0.0039495903947313876,-0.000969740489639296,0.00884712754357208,11,4,15,False,False,10000
Temporal GCN,Static GCN,MCC,0.007813059367271407,-0.0024383793108173667,0.01798315047898711,11,4,15,False,False,10000
Static GCN,No-skill,class_0_PR_AUC,0.008690011858459112,0.003066094984893385,0.013650300471606702,12,3,15,False,True,10000
GraphSAGE,No-skill,class_0_PR_AUC,0.015790514030622774,0.008590167256622433,0.023047412231182375,13,2,15,False,True,10000
GAT,No-skill,class_0_PR_AUC,0.02106054290107167,0.012729984551642672,0.029263924419478286,13,2,15,False,True,10000
Temporal GCN,No-skill,class_0_PR_AUC,0.01656126266271198,0.00746020249958536,0.02618962209726379,12,3,15,False,True,10000
GraphSAGE (reversed),No-skill,class_0_PR_AUC,0.0014492487603700254,-0.0017679904331755227,0.004996066756817559,7,8,15,False,False,10000
GAT (reversed),No-skill,class_0_PR_AUC,0.012166275764400648,0.009626773293542666,0.014574900003930713,15,0,15,True,True,10000
