Week_Start,Active_Users,Valid_Label_Users,Tie_Count,Cold_Start_Count,Evaluated_Users
2022-10-10,830,819,11,819,0
2022-10-17,3591,3515,76,3450,65
2022-10-24,4782,4687,95,4403,284
2022-10-31,3324,3264,60,2865,399
2022-11-07,3379,3301,78,2855,446
2022-11-14,2719,2674,45,2185,489
2022-11-21,3518,3441,77,2870,571
2022-11-28,3161,3112,49,2523,589
2022-12-05,3465,3396,69,2688,708
2022-12-12,2994,2944,50,2329,615
2022-12-19,2921,2878,43,2279,599
2022-12-26,2536,2493,43,1906,587
2023-01-02,2561,2508,53,1883,625
2023-01-09,2761,2704,57,2016,688
2023-01-16,3034,2967,67,2158,809
2023-01-23,2952,2898,54,2151,747
2023-01-30,2721,2663,58,1918,745
2023-02-06,2873,2829,44,2091,738
2023-02-13,3311,3254,57,2375,879
2023-02-20,3207,3132,75,2247,885
2023-02-27,3361,3285,76,2325,960
2023-03-06,3456,3386,70,2348,1038
2023-03-13,3595,3524,71,2528,996
2023-03-20,4463,4365,98,3117,1248
2023-03-27,1732,1708,24,1126,582
