Cohort,Model_A,Model_B,Metric,Mean_A_Minus_B,Paired_Weeks,Primary_Comparison,A_Better_Weeks,A_Worse_Weeks,Block_Length,Moving_Block_95_Lower,Moving_Block_95_Upper,Bootstrap_Draws,Method
All eligible,History Logistic,Persistence,macro_F1,0.013322037796499682,15,True,12,3,3,0.004267075051214449,0.018613135805014346,10000,overlapping non-circular blocks; concatenate then truncate to 15
All eligible,History Logistic,Persistence,macro_F1,0.013322037796499682,15,True,12,3,4,0.004484050181736121,0.019260223540664968,10000,overlapping non-circular blocks; concatenate then truncate to 15
All eligible,History Logistic,Persistence,class_0_PR_AUC,0.040848804866757994,15,True,15,0,3,0.03562882367117077,0.048954371231710835,10000,overlapping non-circular blocks; concatenate then truncate to 15
All eligible,History Logistic,Persistence,class_0_PR_AUC,0.040848804866757994,15,True,15,0,4,0.03753738545835235,0.04934130641055308,10000,overlapping non-circular blocks; concatenate then truncate to 15
All eligible,History Logistic,Persistence,balanced_accuracy,0.013213019424193591,15,True,12,3,3,0.0038677442674833282,0.01831811842825064,10000,overlapping non-circular blocks; concatenate then truncate to 15
All eligible,History Logistic,Persistence,balanced_accuracy,0.013213019424193591,15,True,12,3,4,0.004032245837261843,0.018669081758105065,10000,overlapping non-circular blocks; concatenate then truncate to 15
All eligible,History Logistic,Persistence,MCC,0.02590938609070459,15,True,12,3,3,0.007047483134127427,0.03628608867916771,10000,overlapping non-circular blocks; concatenate then truncate to 15
All eligible,History Logistic,Persistence,MCC,0.02590938609070459,15,True,12,3,4,0.007306485822150432,0.03710924525494645,10000,overlapping non-circular blocks; concatenate then truncate to 15
All eligible,History + Structural MLP,Persistence,macro_F1,0.010016537645358422,15,True,12,3,3,0.005614960972883728,0.013792616041114397,10000,overlapping non-circular blocks; concatenate then truncate to 15
All eligible,History + Structural MLP,Persistence,macro_F1,0.010016537645358422,15,True,12,3,4,0.00554209508417646,0.013953968576771995,10000,overlapping non-circular blocks; concatenate then truncate to 15
All eligible,History + Structural MLP,Persistence,class_0_PR_AUC,0.04265383280611723,15,True,15,0,3,0.03880298532068246,0.047183673819959145,10000,overlapping non-circular blocks; concatenate then truncate to 15
All eligible,History + Structural MLP,Persistence,class_0_PR_AUC,0.04265383280611723,15,True,15,0,4,0.03871196493593124,0.047111043788438514,10000,overlapping non-circular blocks; concatenate then truncate to 15
All eligible,History + Structural MLP,Persistence,balanced_accuracy,0.013285426827704701,15,True,13,2,3,0.008297333260631009,0.016462834774235394,10000,overlapping non-circular blocks; concatenate then truncate to 15
All eligible,History + Structural MLP,Persistence,balanced_accuracy,0.013285426827704701,15,True,13,2,4,0.007929143349230179,0.016816085622310815,10000,overlapping non-circular blocks; concatenate then truncate to 15
All eligible,History + Structural MLP,Persistence,MCC,0.026807597383853434,15,True,13,2,3,0.016532726927564786,0.033318412844402706,10000,overlapping non-circular blocks; concatenate then truncate to 15
All eligible,History + Structural MLP,Persistence,MCC,0.026807597383853434,15,True,13,2,4,0.015682371964242967,0.03419166599685416,10000,overlapping non-circular blocks; concatenate then truncate to 15
All eligible,History + Reversed GAT,Persistence,macro_F1,-0.021211791396823557,15,True,2,13,3,-0.026951532324059866,-0.014585047525484132,10000,overlapping non-circular blocks; concatenate then truncate to 15
All eligible,History + Reversed GAT,Persistence,macro_F1,-0.021211791396823557,15,True,2,13,4,-0.026844778516261516,-0.013662916240210174,10000,overlapping non-circular blocks; concatenate then truncate to 15
All eligible,History + Reversed GAT,Persistence,class_0_PR_AUC,0.004912354779912209,15,True,12,3,3,-0.0007110263057768701,0.01298982413670994,10000,overlapping non-circular blocks; concatenate then truncate to 15
All eligible,History + Reversed GAT,Persistence,class_0_PR_AUC,0.004912354779912209,15,True,12,3,4,-0.0009839494475238834,0.012787980730442346,10000,overlapping non-circular blocks; concatenate then truncate to 15
All eligible,History + Reversed GAT,Persistence,balanced_accuracy,-0.014741389086144415,15,True,3,12,3,-0.020266243817275393,-0.009872649257554399,10000,overlapping non-circular blocks; concatenate then truncate to 15
All eligible,History + Reversed GAT,Persistence,balanced_accuracy,-0.014741389086144415,15,True,3,12,4,-0.020489494047412942,-0.008599177924031127,10000,overlapping non-circular blocks; concatenate then truncate to 15
All eligible,History + Reversed GAT,Persistence,MCC,-0.028994542092124664,15,True,3,12,3,-0.03987385267289426,-0.019436455414377645,10000,overlapping non-circular blocks; concatenate then truncate to 15
All eligible,History + Reversed GAT,Persistence,MCC,-0.028994542092124664,15,True,3,12,4,-0.040522455632253034,-0.016617467312444165,10000,overlapping non-circular blocks; concatenate then truncate to 15
All eligible,History + Reversed GAT,History + Structural MLP,macro_F1,-0.03122832904218198,15,True,0,15,3,-0.03745063919531932,-0.022111652942100525,10000,overlapping non-circular blocks; concatenate then truncate to 15
All eligible,History + Reversed GAT,History + Structural MLP,macro_F1,-0.03122832904218198,15,True,0,15,4,-0.03722744729925188,-0.023163712962621312,10000,overlapping non-circular blocks; concatenate then truncate to 15
All eligible,History + Reversed GAT,History + Structural MLP,class_0_PR_AUC,-0.03774147802620502,15,True,0,15,3,-0.04671707777009983,-0.026922566931219676,10000,overlapping non-circular blocks; concatenate then truncate to 15
All eligible,History + Reversed GAT,History + Structural MLP,class_0_PR_AUC,-0.03774147802620502,15,True,0,15,4,-0.04698670298110737,-0.026899592662996987,10000,overlapping non-circular blocks; concatenate then truncate to 15
All eligible,History + Reversed GAT,History + Structural MLP,balanced_accuracy,-0.028026815913849114,15,True,0,15,3,-0.03333170369562137,-0.021368948270777184,10000,overlapping non-circular blocks; concatenate then truncate to 15
All eligible,History + Reversed GAT,History + Structural MLP,balanced_accuracy,-0.028026815913849114,15,True,0,15,4,-0.03347627683226821,-0.021624727427969927,10000,overlapping non-circular blocks; concatenate then truncate to 15
All eligible,History + Reversed GAT,History + Structural MLP,MCC,-0.05580213947597811,15,True,0,15,3,-0.06640640212432977,-0.042901062514796,10000,overlapping non-circular blocks; concatenate then truncate to 15
All eligible,History + Reversed GAT,History + Structural MLP,MCC,-0.05580213947597811,15,True,0,15,4,-0.06660397713030701,-0.0432204631922404,10000,overlapping non-circular blocks; concatenate then truncate to 15
All eligible,History + Reversed GAT,Reversed GAT (no history),macro_F1,0.024102275353626343,15,True,14,1,3,0.0200312778720566,0.03089194467988654,10000,overlapping non-circular blocks; concatenate then truncate to 15
All eligible,History + Reversed GAT,Reversed GAT (no history),macro_F1,0.024102275353626343,15,True,14,1,4,0.020256029323268036,0.030211614796009343,10000,overlapping non-circular blocks; concatenate then truncate to 15
All eligible,History + Reversed GAT,Reversed GAT (no history),class_0_PR_AUC,0.02099884777736849,15,True,13,2,3,0.011929176173751313,0.03233497174962847,10000,overlapping non-circular blocks; concatenate then truncate to 15
All eligible,History + Reversed GAT,Reversed GAT (no history),class_0_PR_AUC,0.02099884777736849,15,True,13,2,4,0.010354385741096862,0.03267858697174053,10000,overlapping non-circular blocks; concatenate then truncate to 15
All eligible,History + Reversed GAT,Reversed GAT (no history),balanced_accuracy,0.019706875400693515,15,True,15,0,3,0.015063430220516693,0.025362269720761076,10000,overlapping non-circular blocks; concatenate then truncate to 15
All eligible,History + Reversed GAT,Reversed GAT (no history),balanced_accuracy,0.019706875400693515,15,True,15,0,4,0.014723461298287215,0.025075821729198974,10000,overlapping non-circular blocks; concatenate then truncate to 15
All eligible,History + Reversed GAT,Reversed GAT (no history),MCC,0.04013240840726998,15,True,15,0,3,0.030641989211930214,0.05060768251975104,10000,overlapping non-circular blocks; concatenate then truncate to 15
All eligible,History + Reversed GAT,Reversed GAT (no history),MCC,0.04013240840726998,15,True,15,0,4,0.03017874414274109,0.05005420349111275,10000,overlapping non-circular blocks; concatenate then truncate to 15
All eligible,History + Reversed GAT,History + Forward GAT,macro_F1,-0.02550064938992804,15,False,0,15,3,-0.03201389807962643,-0.016279976275570377,10000,overlapping non-circular blocks; concatenate then truncate to 15
All eligible,History + Reversed GAT,History + Forward GAT,macro_F1,-0.02550064938992804,15,False,0,15,4,-0.030849338083999114,-0.01777803691097306,10000,overlapping non-circular blocks; concatenate then truncate to 15
All eligible,History + Reversed GAT,History + Forward GAT,class_0_PR_AUC,-0.03385611813943463,15,False,0,15,3,-0.04460113312683632,-0.024653462277959802,10000,overlapping non-circular blocks; concatenate then truncate to 15
All eligible,History + Reversed GAT,History + Forward GAT,class_0_PR_AUC,-0.03385611813943463,15,False,0,15,4,-0.04492922466613276,-0.02461300077640069,10000,overlapping non-circular blocks; concatenate then truncate to 15
All eligible,History + Reversed GAT,History + Forward GAT,balanced_accuracy,-0.023089397074374216,15,False,0,15,3,-0.02804969492708108,-0.016580372224810236,10000,overlapping non-circular blocks; concatenate then truncate to 15
All eligible,History + Reversed GAT,History + Forward GAT,balanced_accuracy,-0.023089397074374216,15,False,0,15,4,-0.027511777340331205,-0.01730022584444293,10000,overlapping non-circular blocks; concatenate then truncate to 15
All eligible,History + Reversed GAT,History + Forward GAT,MCC,-0.04614522885801748,15,False,0,15,3,-0.05611846008475264,-0.033580609453821936,10000,overlapping non-circular blocks; concatenate then truncate to 15
All eligible,History + Reversed GAT,History + Forward GAT,MCC,-0.04614522885801748,15,False,0,15,4,-0.05489768708384838,-0.034889793648284054,10000,overlapping non-circular blocks; concatenate then truncate to 15
History available,History Logistic,Persistence,macro_F1,0.00861865698182324,15,True,10,5,3,0.0030301768346806092,0.012864285110637575,10000,overlapping non-circular blocks; concatenate then truncate to 15
History available,History Logistic,Persistence,macro_F1,0.00861865698182324,15,True,10,5,4,0.003248286695618045,0.013385841160564738,10000,overlapping non-circular blocks; concatenate then truncate to 15
History available,History Logistic,Persistence,class_0_PR_AUC,0.04599836411643105,15,True,15,0,3,0.040173744048135916,0.0550490617612974,10000,overlapping non-circular blocks; concatenate then truncate to 15
History available,History Logistic,Persistence,class_0_PR_AUC,0.04599836411643105,15,True,15,0,4,0.04198337149810056,0.05547400372942499,10000,overlapping non-circular blocks; concatenate then truncate to 15
History available,History Logistic,Persistence,balanced_accuracy,0.009037554509152149,15,True,10,5,3,0.003617904397356562,0.013425635006932501,10000,overlapping non-circular blocks; concatenate then truncate to 15
History available,History Logistic,Persistence,balanced_accuracy,0.009037554509152149,15,True,10,5,4,0.003947198151373684,0.01390760239154624,10000,overlapping non-circular blocks; concatenate then truncate to 15
History available,History Logistic,Persistence,MCC,0.019349102288193563,15,True,10,5,3,0.008353477154612543,0.02821513973223711,10000,overlapping non-circular blocks; concatenate then truncate to 15
History available,History Logistic,Persistence,MCC,0.019349102288193563,15,True,10,5,4,0.009065624523142527,0.0291752903783235,10000,overlapping non-circular blocks; concatenate then truncate to 15
History available,History + Structural MLP,Persistence,macro_F1,0.007704486175263115,15,True,13,2,3,0.004993882496214017,0.011308517808653438,10000,overlapping non-circular blocks; concatenate then truncate to 15
History available,History + Structural MLP,Persistence,macro_F1,0.007704486175263115,15,True,13,2,4,0.005476876194889146,0.01085962388001165,10000,overlapping non-circular blocks; concatenate then truncate to 15
History available,History + Structural MLP,Persistence,class_0_PR_AUC,0.0480835365841994,15,True,15,0,3,0.04326869602502884,0.05312357641558608,10000,overlapping non-circular blocks; concatenate then truncate to 15
History available,History + Structural MLP,Persistence,class_0_PR_AUC,0.0480835365841994,15,True,15,0,4,0.043264378095823994,0.0529327803572096,10000,overlapping non-circular blocks; concatenate then truncate to 15
History available,History + Structural MLP,Persistence,balanced_accuracy,0.009437650497045487,15,True,13,2,3,0.006693963442549318,0.013355555255136911,10000,overlapping non-circular blocks; concatenate then truncate to 15
History available,History + Structural MLP,Persistence,balanced_accuracy,0.009437650497045487,15,True,13,2,4,0.006970900445357286,0.013075950883765201,10000,overlapping non-circular blocks; concatenate then truncate to 15
History available,History + Structural MLP,Persistence,MCC,0.019490002690082213,15,True,13,2,3,0.013929579593108239,0.027387204489518462,10000,overlapping non-circular blocks; concatenate then truncate to 15
History available,History + Structural MLP,Persistence,MCC,0.019490002690082213,15,True,13,2,4,0.014514530835133542,0.026836117402383165,10000,overlapping non-circular blocks; concatenate then truncate to 15
History available,History + Reversed GAT,Persistence,macro_F1,-0.027522338022655975,15,True,1,14,3,-0.032319644278676465,-0.019355357061744047,10000,overlapping non-circular blocks; concatenate then truncate to 15
History available,History + Reversed GAT,Persistence,macro_F1,-0.027522338022655975,15,True,1,14,4,-0.03250736761017179,-0.0189345972349814,10000,overlapping non-circular blocks; concatenate then truncate to 15
History available,History + Reversed GAT,Persistence,class_0_PR_AUC,0.008770595084483428,15,True,12,3,3,0.0022970336643297227,0.016438865570462577,10000,overlapping non-circular blocks; concatenate then truncate to 15
History available,History + Reversed GAT,Persistence,class_0_PR_AUC,0.008770595084483428,15,True,12,3,4,0.0021890454703033233,0.016189846089360634,10000,overlapping non-circular blocks; concatenate then truncate to 15
History available,History + Reversed GAT,Persistence,balanced_accuracy,-0.019407262857111376,15,True,2,13,3,-0.02411500676038647,-0.012600256382996873,10000,overlapping non-circular blocks; concatenate then truncate to 15
History available,History + Reversed GAT,Persistence,balanced_accuracy,-0.019407262857111376,15,True,2,13,4,-0.024686343874028963,-0.0116184493625236,10000,overlapping non-circular blocks; concatenate then truncate to 15
History available,History + Reversed GAT,Persistence,MCC,-0.03735768004492013,15,True,2,13,3,-0.047135101430461054,-0.023623314454437834,10000,overlapping non-circular blocks; concatenate then truncate to 15
History available,History + Reversed GAT,Persistence,MCC,-0.03735768004492013,15,True,2,13,4,-0.04806541627246876,-0.021790767807331947,10000,overlapping non-circular blocks; concatenate then truncate to 15
History available,History + Reversed GAT,History + Structural MLP,macro_F1,-0.03522682419791909,15,True,0,15,3,-0.04214866285024598,-0.026515555517991046,10000,overlapping non-circular blocks; concatenate then truncate to 15
History available,History + Reversed GAT,History + Structural MLP,macro_F1,-0.03522682419791909,15,True,0,15,4,-0.04195047309780412,-0.027196903560324115,10000,overlapping non-circular blocks; concatenate then truncate to 15
History available,History + Reversed GAT,History + Structural MLP,class_0_PR_AUC,-0.039312941499715974,15,True,0,15,3,-0.04957039007786466,-0.028177878744974755,10000,overlapping non-circular blocks; concatenate then truncate to 15
History available,History + Reversed GAT,History + Structural MLP,class_0_PR_AUC,-0.039312941499715974,15,True,0,15,4,-0.04963301089876862,-0.027824497683489727,10000,overlapping non-circular blocks; concatenate then truncate to 15
History available,History + Reversed GAT,History + Structural MLP,balanced_accuracy,-0.028844913354156863,15,True,1,14,3,-0.035158343590362594,-0.02258479642351372,10000,overlapping non-circular blocks; concatenate then truncate to 15
History available,History + Reversed GAT,History + Structural MLP,balanced_accuracy,-0.028844913354156863,15,True,1,14,4,-0.03518940045737953,-0.022579216383466872,10000,overlapping non-circular blocks; concatenate then truncate to 15
History available,History + Reversed GAT,History + Structural MLP,MCC,-0.056847682735002354,15,True,1,14,3,-0.0697489776310025,-0.04451821402676983,10000,overlapping non-circular blocks; concatenate then truncate to 15
History available,History + Reversed GAT,History + Structural MLP,MCC,-0.056847682735002354,15,True,1,14,4,-0.06984773356581177,-0.04452119316214322,10000,overlapping non-circular blocks; concatenate then truncate to 15
History available,History + Reversed GAT,Reversed GAT (no history),macro_F1,0.027077011138996868,15,True,14,1,3,0.021677717867007045,0.034834874154290034,10000,overlapping non-circular blocks; concatenate then truncate to 15
History available,History + Reversed GAT,Reversed GAT (no history),macro_F1,0.027077011138996868,15,True,14,1,4,0.02177903251705371,0.03377558083272168,10000,overlapping non-circular blocks; concatenate then truncate to 15
History available,History + Reversed GAT,Reversed GAT (no history),class_0_PR_AUC,0.022886979628359203,15,True,12,3,3,0.012139954574872054,0.03462575326631084,10000,overlapping non-circular blocks; concatenate then truncate to 15
History available,History + Reversed GAT,Reversed GAT (no history),class_0_PR_AUC,0.022886979628359203,15,True,12,3,4,0.010941666793666918,0.03490936281349829,10000,overlapping non-circular blocks; concatenate then truncate to 15
History available,History + Reversed GAT,Reversed GAT (no history),balanced_accuracy,0.022069836334222548,15,True,15,0,3,0.015785751218949307,0.02825252757494385,10000,overlapping non-circular blocks; concatenate then truncate to 15
History available,History + Reversed GAT,Reversed GAT (no history),balanced_accuracy,0.022069836334222548,15,True,15,0,4,0.015484974418580388,0.02788034188676793,10000,overlapping non-circular blocks; concatenate then truncate to 15
History available,History + Reversed GAT,Reversed GAT (no history),MCC,0.04480408234224235,15,True,15,0,3,0.031494149054720574,0.05674525975246933,10000,overlapping non-circular blocks; concatenate then truncate to 15
History available,History + Reversed GAT,Reversed GAT (no history),MCC,0.04480408234224235,15,True,15,0,4,0.030703705244045938,0.056024501293908416,10000,overlapping non-circular blocks; concatenate then truncate to 15
History available,History + Reversed GAT,History + Forward GAT,macro_F1,-0.029339048740093274,15,False,0,15,3,-0.03602710721948048,-0.020568068435506705,10000,overlapping non-circular blocks; concatenate then truncate to 15
History available,History + Reversed GAT,History + Forward GAT,macro_F1,-0.029339048740093274,15,False,0,15,4,-0.035200390950406786,-0.02172855496539978,10000,overlapping non-circular blocks; concatenate then truncate to 15
History available,History + Reversed GAT,History + Forward GAT,class_0_PR_AUC,-0.0360976367868357,15,False,0,15,3,-0.04748152804706644,-0.02647014402210043,10000,overlapping non-circular blocks; concatenate then truncate to 15
History available,History + Reversed GAT,History + Forward GAT,class_0_PR_AUC,-0.0360976367868357,15,False,0,15,4,-0.048404531150957074,-0.026892752873135306,10000,overlapping non-circular blocks; concatenate then truncate to 15
History available,History + Reversed GAT,History + Forward GAT,balanced_accuracy,-0.02394133301869463,15,False,0,15,3,-0.029609519321033194,-0.017478004316684774,10000,overlapping non-circular blocks; concatenate then truncate to 15
History available,History + Reversed GAT,History + Forward GAT,balanced_accuracy,-0.02394133301869463,15,False,0,15,4,-0.02941297724403254,-0.01778223952057279,10000,overlapping non-circular blocks; concatenate then truncate to 15
History available,History + Reversed GAT,History + Forward GAT,MCC,-0.04714463936271192,15,False,0,15,3,-0.05892954026585035,-0.03425090510927849,10000,overlapping non-circular blocks; concatenate then truncate to 15
History available,History + Reversed GAT,History + Forward GAT,MCC,-0.04714463936271192,15,False,0,15,4,-0.058581276228341375,-0.03489997216467633,10000,overlapping non-circular blocks; concatenate then truncate to 15
