Cohort,Model,Metric,Mean,Ordinary_95_Lower,Ordinary_95_Upper,SD_Over_Week_Means,SD_Over_Seed_Means,Test_Weeks,Seeds,Bootstrap_Draws,Inference_Unit
All eligible,History + Forward GAT,accuracy,0.5459554367693875,0.5385227982134464,0.5538304267435353,0.015401578028162312,0.002397890515763146,15,10,10000,week; seeds averaged within week
All eligible,History + Forward GAT,balanced_accuracy,0.5486145995647784,0.5412556735898137,0.5564805727900684,0.0154028384718022,0.0024023176947618025,15,10,10000,week; seeds averaged within week
All eligible,History + Forward GAT,macro_F1,0.5438695822891492,0.5361289375438707,0.5520610913594091,0.01607926724994274,0.0019524510973830023,15,10,10000,week; seeds averaged within week
All eligible,History + Forward GAT,class_0_precision,0.582289595221647,0.5688186524182789,0.5952102029580489,0.02677238955635538,0.006659789700495354,15,10,10000,week; seeds averaged within week
All eligible,History + Forward GAT,class_0_recall,0.5134882591031685,0.49578898128525084,0.5307419240496578,0.03569525202947953,0.04722352554760211,15,10,10000,week; seeds averaged within week
All eligible,History + Forward GAT,class_0_F1,0.5424172652347906,0.5319364972248994,0.5525374091098385,0.021085140832726355,0.023170356958420082,15,10,10000,week; seeds averaged within week
All eligible,History + Forward GAT,class_1_F1,0.5453218993435077,0.5352067030025904,0.5555816308471445,0.02084265879901623,0.02193407084322331,15,10,10000,week; seeds averaged within week
All eligible,History + Forward GAT,MCC,0.09812081714213663,0.08332299605650634,0.1139196907656824,0.03099200732448325,0.005130785597490802,15,10,10000,week; seeds averaged within week
All eligible,History + Forward GAT,class_0_PR_AUC,0.5962451432392999,0.5862509073466665,0.6058161562904688,0.020125438667885413,0.003151221848013443,15,10,10000,week; seeds averaged within week
All eligible,History + Forward GAT,class_1_PR_AUC,0.5359387715274413,0.5244085788800837,0.5472303719214965,0.023420331338442082,0.00374631604883467,15,10,10000,week; seeds averaged within week
All eligible,History + Forward GAT,ROC_AUC,0.5700948201307988,0.5624189616642773,0.5780490241411584,0.016021738339130374,0.0025744097829853577,15,10,10000,week; seeds averaged within week
All eligible,History + Forward GAT,Brier_score,0.24644432266553237,0.2457160648082693,0.24720621243119234,0.0015154014691910029,0.00042946950225980566,15,10,10000,week; seeds averaged within week
All eligible,History + Forward GAT,no_skill_class_0_PR_AUC,0.5292239015580961,0.5200618242333177,0.5380874421456702,0.0182755858975916,1.1702778228589004e-16,15,10,10000,week; seeds averaged within week
All eligible,History + Reversed GAT,accuracy,0.5256062049984377,0.5197591941042056,0.5315393125276188,0.01209958278413484,0.010140404217823145,15,10,10000,week; seeds averaged within week
All eligible,History + Reversed GAT,balanced_accuracy,0.5255252024904042,0.5196921523175051,0.5316298218629268,0.012260250410624951,0.010180194005308268,15,10,10000,week; seeds averaged within week
All eligible,History + Reversed GAT,macro_F1,0.5183689328992211,0.5108092477784794,0.5260413087265373,0.015615693428213262,0.013746744236782543,15,10,10000,week; seeds averaged within week
All eligible,History + Reversed GAT,class_0_precision,0.555660883641572,0.544309077758017,0.567765278271824,0.02392711433984095,0.009957861896802787,15,10,10000,week; seeds averaged within week
All eligible,History + Reversed GAT,class_0_recall,0.5346132957402955,0.5144560864456831,0.5555788026514291,0.04206377614579589,0.03479596825156939,15,10,10000,week; seeds averaged within week
All eligible,History + Reversed GAT,class_0_F1,0.5372433202794229,0.5236922160321312,0.5500518427299219,0.027026076520610995,0.024128007896353307,15,10,10000,week; seeds averaged within week
All eligible,History + Reversed GAT,class_1_F1,0.49949454551901934,0.48741948971239885,0.5101731013438636,0.02324244787548763,0.019989052813982108,15,10,10000,week; seeds averaged within week
All eligible,History + Reversed GAT,MCC,0.051975588284119155,0.04047879312735866,0.063914914760765,0.024075527830241215,0.020031467590254783,15,10,10000,week; seeds averaged within week
All eligible,History + Reversed GAT,class_0_PR_AUC,0.5623890250998652,0.5488743809324315,0.5758272859848295,0.02744914926669674,0.011099476208327196,15,10,10000,week; seeds averaged within week
All eligible,History + Reversed GAT,class_1_PR_AUC,0.5053076033803332,0.4950835653802441,0.5152325626419757,0.02066672864847756,0.011884763523120378,15,10,10000,week; seeds averaged within week
All eligible,History + Reversed GAT,ROC_AUC,0.5344845727775972,0.5261969309367455,0.5432600042115527,0.017500882958282095,0.013457808391864123,15,10,10000,week; seeds averaged within week
All eligible,History + Reversed GAT,Brier_score,0.25592544933160144,0.25168464129666485,0.2608130787536502,0.009321310436436388,0.007696616999672077,15,10,10000,week; seeds averaged within week
All eligible,History + Reversed GAT,no_skill_class_0_PR_AUC,0.5292239015580961,0.5200618242333177,0.5380874421456702,0.0182755858975916,1.1702778228589004e-16,15,10,10000,week; seeds averaged within week
All eligible,History + Structural MLP,accuracy,0.5509043565234516,0.5427715682823742,0.5598259681086233,0.017284279225125824,0.0024215270423350835,15,10,10000,week; seeds averaged within week
All eligible,History + Structural MLP,balanced_accuracy,0.5535520184042534,0.545349146050511,0.5624550213365802,0.017456082943377808,0.0014700624075202789,15,10,10000,week; seeds averaged within week
All eligible,History + Structural MLP,macro_F1,0.549597261941403,0.5412894458807137,0.5586125567507627,0.017577641577137537,0.00261615630883457,15,10,10000,week; seeds averaged within week
All eligible,History + Structural MLP,class_0_precision,0.5876245380986302,0.5735075052854404,0.6010818801108939,0.028237798287676554,0.004742197206409551,15,10,10000,week; seeds averaged within week
All eligible,History + Structural MLP,class_0_recall,0.5142639055450186,0.4991844875214961,0.5291973224818537,0.030928091559860576,0.03658507623708339,15,10,10000,week; seeds averaged within week
All eligible,History + Structural MLP,class_0_F1,0.5464039135171743,0.5356459462836165,0.5572158080009386,0.0220751603098597,0.01862237536792201,15,10,10000,week; seeds averaged within week
All eligible,History + Structural MLP,class_1_F1,0.5527906103656318,0.542459304424172,0.5630416933469077,0.021015750894544036,0.01498532307761443,15,10,10000,week; seeds averaged within week
All eligible,History + Structural MLP,MCC,0.10777772776009725,0.09124562286284814,0.1257222705313024,0.03515107990817433,0.0029700567646284088,15,10,10000,week; seeds averaged within week
All eligible,History + Structural MLP,class_0_PR_AUC,0.6001305031260703,0.5888946874373371,0.6104065961804318,0.021933899835273316,0.0028334812138897615,15,10,10000,week; seeds averaged within week
All eligible,History + Structural MLP,class_1_PR_AUC,0.5437943744916632,0.5308301909563478,0.5557236041159563,0.025840138505782644,0.003440259844983274,15,10,10000,week; seeds averaged within week
All eligible,History + Structural MLP,ROC_AUC,0.5756888947084675,0.5665290197208802,0.5849604690267668,0.018831220702423424,0.0022402741987368833,15,10,10000,week; seeds averaged within week
All eligible,History + Structural MLP,Brier_score,0.24584794362386067,0.2450363110552231,0.246638201204439,0.0016429930632473092,0.00022062026711306958,15,10,10000,week; seeds averaged within week
All eligible,History + Structural MLP,no_skill_class_0_PR_AUC,0.5292239015580961,0.5200618242333177,0.5380874421456702,0.0182755858975916,1.1702778228589004e-16,15,10,10000,week; seeds averaged within week
All eligible,History Logistic,accuracy,0.5542177472163278,0.5447077916689346,0.564710621307591,0.02079846617555159,1.1702778228589004e-16,15,10,10000,week; seeds averaged within week
All eligible,History Logistic,balanced_accuracy,0.5534796110007423,0.5437629244529809,0.5640283106190223,0.02104116785949557,1.1702778228589004e-16,15,10,10000,week; seeds averaged within week
All eligible,History Logistic,macro_F1,0.5529027620925443,0.5432560759375972,0.5634919009997511,0.02102978972954036,0.0,15,10,10000,week; seeds averaged within week
All eligible,History Logistic,class_0_precision,0.5807140934145102,0.5680892438066906,0.593783669656716,0.02649678000634484,0.0,15,10,10000,week; seeds averaged within week
All eligible,History Logistic,class_0_recall,0.5685577847399262,0.5545920629348566,0.5831504096668721,0.0291668918363701,1.1702778228589004e-16,15,10,10000,week; seeds averaged within week
All eligible,History Logistic,class_0_F1,0.574133826181742,0.5633481520779685,0.5852797725173808,0.022373578844740248,1.1702778228589004e-16,15,10,10000,week; seeds averaged within week
All eligible,History Logistic,class_1_F1,0.5316716980033466,0.518864893500369,0.5442443533293407,0.026231361282169987,0.0,15,10,10000,week; seeds averaged within week
All eligible,History Logistic,MCC,0.1068795164669484,0.08748510492006918,0.12805918010727466,0.04208160573029395,0.0,15,10,10000,week; seeds averaged within week
All eligible,History Logistic,class_0_PR_AUC,0.5983254751867109,0.5860665450940319,0.6088323632166373,0.02322344696838921,1.1702778228589004e-16,15,10,10000,week; seeds averaged within week
All eligible,History Logistic,class_1_PR_AUC,0.5160390269404956,0.5015797262278272,0.530174321955814,0.02912178808215398,0.0,15,10,10000,week; seeds averaged within week
All eligible,History Logistic,ROC_AUC,0.5677068983804592,0.556856339085655,0.5787324361596276,0.022358301215133592,0.0,15,10,10000,week; seeds averaged within week
All eligible,History Logistic,Brier_score,0.24635736602799957,0.24520138618287654,0.2474703339116291,0.0023118477013188902,2.925694557147251e-17,15,10,10000,week; seeds averaged within week
All eligible,History Logistic,no_skill_class_0_PR_AUC,0.5292239015580961,0.5200618242333177,0.5380874421456702,0.0182755858975916,1.1702778228589004e-16,15,10,10000,week; seeds averaged within week
All eligible,Persistence,accuracy,0.5437616289336494,0.5324009360899117,0.5537588071653684,0.0217837620493496,NA,15,1,10000,week; seeds averaged within week
All eligible,Persistence,balanced_accuracy,0.5402665915765487,0.52933133469275,0.5501773443090329,0.02126292033831981,NA,15,1,10000,week; seeds averaged within week
All eligible,Persistence,macro_F1,0.5395807242960446,0.5282414352258523,0.549770974420909,0.021982253831162764,NA,15,1,10000,week; seeds averaged within week
All eligible,Persistence,class_0_precision,0.5650326518513457,0.5492990513135372,0.5776923694374487,0.029137692794407758,NA,15,1,10000,week; seeds averaged within week
All eligible,Persistence,class_0_recall,0.600727544087582,0.5897925283065495,0.6101367922040978,0.02088279802938594,NA,15,1,10000,week; seeds averaged within week
All eligible,Persistence,class_0_F1,0.5820602376332096,0.5701775633207652,0.5922283861900308,0.02270813803985059,NA,15,1,10000,week; seeds averaged within week
All eligible,Persistence,class_1_F1,0.49710121095887977,0.4836964728516406,0.5098583621003937,0.026910252471051593,NA,15,1,10000,week; seeds averaged within week
All eligible,Persistence,MCC,0.08097013037624382,0.0589547251557332,0.1008780437418111,0.042726462457649,NA,15,1,10000,week; seeds averaged within week
All eligible,Persistence,class_0_PR_AUC,0.557476670319953,0.5449418488236439,0.5688346659965977,0.024147677860423683,NA,15,1,10000,week; seeds averaged within week
All eligible,Persistence,class_1_PR_AUC,0.49759780645022267,0.4873482001714153,0.507284036649517,0.020551776888034185,NA,15,1,10000,week; seeds averaged within week
All eligible,Persistence,ROC_AUC,0.5469181669209041,0.5363221321419241,0.5573138197664839,0.021344690880760724,NA,15,1,10000,week; seeds averaged within week
All eligible,Persistence,Brier_score,0.4328523290298157,0.42290730402908133,0.44302056994798306,0.020507675235452657,NA,15,1,10000,week; seeds averaged within week
All eligible,Persistence,no_skill_class_0_PR_AUC,0.5292239015580961,0.5200618242333177,0.5380874421456702,0.018275585897591595,NA,15,1,10000,week; seeds averaged within week
All eligible,Reversed GAT (no history),accuracy,0.5078327145652376,0.5047033092004399,0.5109177280038121,0.006365824046104084,0.004429947465130427,15,10,10000,week; seeds averaged within week
All eligible,Reversed GAT (no history),balanced_accuracy,0.5058183270897108,0.5027938302808937,0.5088618605163825,0.0062223468580644495,0.005471996351838139,15,10,10000,week; seeds averaged within week
All eligible,Reversed GAT (no history),macro_F1,0.49426665754559473,0.48911786565446025,0.4991164309085946,0.010249623681567009,0.007942006976313183,15,10,10000,week; seeds averaged within week
All eligible,Reversed GAT (no history),class_0_precision,0.5353913296291005,0.5241962674467077,0.5462008286687375,0.02248950368837412,0.005172302493903297,15,10,10000,week; seeds averaged within week
All eligible,Reversed GAT (no history),class_0_recall,0.5421874451665213,0.5209691012579845,0.5649008036144237,0.044980590418530836,0.03163308359185995,15,10,10000,week; seeds averaged within week
All eligible,Reversed GAT (no history),class_0_F1,0.5278382246674382,0.5145927383297828,0.5401554692703687,0.025821163240870824,0.017509811524743374,15,10,10000,week; seeds averaged within week
All eligible,Reversed GAT (no history),class_1_F1,0.4606950904237512,0.4466020062208837,0.47424202390828585,0.028386798639495253,0.023162697318777233,15,10,10000,week; seeds averaged within week
All eligible,Reversed GAT (no history),MCC,0.01184317987684917,0.005678073753922637,0.018191151882391243,0.012792301372529543,0.011440841058765808,15,10,10000,week; seeds averaged within week
All eligible,Reversed GAT (no history),class_0_PR_AUC,0.5413901773224967,0.5317372187544481,0.5507705481811909,0.019378833093090197,0.004527085561781957,15,10,10000,week; seeds averaged within week
All eligible,Reversed GAT (no history),class_1_PR_AUC,0.4799734236958212,0.47094121415204787,0.48973882314878003,0.019146182331658497,0.004918951326764837,15,10,10000,week; seeds averaged within week
All eligible,Reversed GAT (no history),ROC_AUC,0.5087157693946147,0.5056815748188529,0.5116047453808589,0.006122203056275544,0.006218486840246506,15,10,10000,week; seeds averaged within week
All eligible,Reversed GAT (no history),Brier_score,0.2682698226968448,0.26286344707508885,0.27451027358820046,0.011885871981918594,0.012796267449569047,15,10,10000,week; seeds averaged within week
All eligible,Reversed GAT (no history),no_skill_class_0_PR_AUC,0.5292239015580961,0.5200618242333177,0.5380874421456702,0.018275585897591595,1.1702778228589004e-16,15,10,10000,week; seeds averaged within week
History available,History + Forward GAT,accuracy,0.5504937730543339,0.5420559778775432,0.5595342259418397,0.01765587540937989,0.0028291875394567557,15,10,10000,week; seeds averaged within week
History available,History + Forward GAT,balanced_accuracy,0.551734526817951,0.5432701773110983,0.5607909364186948,0.017803573665665363,0.002780672814458231,15,10,10000,week; seeds averaged within week
History available,History + Forward GAT,macro_F1,0.5484833661687153,0.5397539872945277,0.557803761751293,0.01819727047006595,0.002389074337023099,15,10,10000,week; seeds averaged within week
History available,History + Forward GAT,class_0_precision,0.5851175022317984,0.5715328509485811,0.5985665576242426,0.027523360520591022,0.0062610053102568645,15,10,10000,week; seeds averaged within week
History available,History + Forward GAT,class_0_recall,0.5427720827504804,0.5269726460662055,0.558230473108576,0.03219472232185497,0.043165990132234947,15,10,10000,week; seeds averaged within week
History available,History + Forward GAT,class_0_F1,0.5604109336799394,0.5508869834855796,0.5697294183395714,0.019262303111339075,0.020196396439363832,15,10,10000,week; seeds averaged within week
History available,History + Forward GAT,class_1_F1,0.5365557986574909,0.5253486372920031,0.5480319578428914,0.023002731046022126,0.02068409275655191,15,10,10000,week; seeds averaged within week
History available,History + Forward GAT,MCC,0.10400074597104318,0.08699240641339488,0.12214479797799328,0.03565422048405108,0.005613857469199845,15,10,10000,week; seeds averaged within week
History available,History + Forward GAT,class_0_PR_AUC,0.6027196755503754,0.5927949361583278,0.612617497875646,0.02037391680220146,0.0032746334691792023,15,10,10000,week; seeds averaged within week
History available,History + Forward GAT,class_1_PR_AUC,0.5387118111345699,0.5260009499017813,0.5502441346540256,0.024896657551486106,0.00425191207369309,15,10,10000,week; seeds averaged within week
History available,History + Forward GAT,ROC_AUC,0.5748456424686096,0.5664822970527028,0.5837399869037243,0.01752837619991434,0.0030197280431178758,15,10,10000,week; seeds averaged within week
History available,History + Forward GAT,Brier_score,0.24580605804920191,0.24499353686471773,0.24661480367432034,0.0016570758854865507,0.0004084229739398738,15,10,10000,week; seeds averaged within week
History available,History + Forward GAT,no_skill_class_0_PR_AUC,0.5319512451319601,0.523481434454479,0.5415976440850598,0.018727208468968477,1.1702778228589004e-16,15,10,10000,week; seeds averaged within week
History available,History + Reversed GAT,accuracy,0.5294750992297756,0.5233711207098115,0.5356095398247216,0.012551963117947276,0.011167461751917468,15,10,10000,week; seeds averaged within week
History available,History + Reversed GAT,balanced_accuracy,0.5277931937992563,0.5220761104555606,0.5334486253246263,0.011672619559491705,0.011239169151029856,15,10,10000,week; seeds averaged within week
History available,History + Reversed GAT,macro_F1,0.5191443174286219,0.511919052794501,0.5266303370272185,0.015105401932095825,0.015870073069687782,15,10,10000,week; seeds averaged within week
History available,History + Reversed GAT,class_0_precision,0.5592400106288492,0.5488077935649002,0.5707659871355867,0.02244239870083528,0.01037778475024481,15,10,10000,week; seeds averaged within week
History available,History + Reversed GAT,class_0_recall,0.5634661337833583,0.5369148451572744,0.5896580408521542,0.05359907823548925,0.03651991491126328,15,10,10000,week; seeds averaged within week
History available,History + Reversed GAT,class_0_F1,0.5521394372830212,0.5357010233982211,0.5675172706658521,0.032490547399156404,0.024703070052450777,15,10,10000,week; seeds averaged within week
History available,History + Reversed GAT,class_1_F1,0.4861491975742228,0.474680573150509,0.4967747078710512,0.022705498473076235,0.024563967490625956,15,10,10000,week; seeds averaged within week
History available,History + Reversed GAT,MCC,0.05685610660833125,0.04528660040967951,0.06805212790424871,0.023372070535535666,0.022192820975336522,15,10,10000,week; seeds averaged within week
History available,History + Reversed GAT,class_0_PR_AUC,0.5666220387635396,0.5536858538111471,0.5798756355588042,0.026607875742027932,0.011796142292004218,15,10,10000,week; seeds averaged within week
History available,History + Reversed GAT,class_1_PR_AUC,0.5062350122493311,0.495730232541041,0.5163051940991571,0.02104708286283688,0.012654991141686615,15,10,10000,week; seeds averaged within week
History available,History + Reversed GAT,ROC_AUC,0.5373476485164169,0.5289229098864102,0.546193413354302,0.017681629897776708,0.014647089128944035,15,10,10000,week; seeds averaged within week
History available,History + Reversed GAT,Brier_score,0.25638545493284864,0.25179247386753556,0.2616519337048133,0.010098531763324644,0.008434561991031889,15,10,10000,week; seeds averaged within week
History available,History + Reversed GAT,no_skill_class_0_PR_AUC,0.5319512451319601,0.523481434454479,0.5415976440850598,0.018727208468968477,1.1702778228589004e-16,15,10,10000,week; seeds averaged within week
History available,History + Structural MLP,accuracy,0.5566362780001448,0.5467597343361665,0.5666740562663914,0.020211188395314165,0.0026373771618646625,15,10,10000,week; seeds averaged within week
History available,History + Structural MLP,balanced_accuracy,0.5566381071534132,0.5463999029575883,0.5669052629288464,0.020687578667846863,0.0016817979160807283,15,10,10000,week; seeds averaged within week
History available,History + Structural MLP,macro_F1,0.5543711416265411,0.5440929959003827,0.5647591628754056,0.020908567057822076,0.002072259697311178,15,10,10000,week; seeds averaged within week
History available,History + Structural MLP,class_0_precision,0.5880773036307273,0.5735816670477069,0.6020594579841917,0.029001001160181623,0.004806593225640318,15,10,10000,week; seeds averaged within week
History available,History + Structural MLP,class_0_recall,0.5628337304496548,0.5456926169919786,0.5798111008541061,0.035115148835075966,0.03971825564261374,15,10,10000,week; seeds averaged within week
History available,History + Structural MLP,class_0_F1,0.5730100059168707,0.5611977540858873,0.5847188802875882,0.024065147548867134,0.018408625254487134,15,10,10000,week; seeds averaged within week
History available,History + Structural MLP,class_1_F1,0.5357322773362115,0.5221096397380965,0.5479932425925795,0.025871620583402272,0.018054080524605214,15,10,10000,week; seeds averaged within week
History available,History + Structural MLP,MCC,0.11370378934333357,0.09324591472375023,0.13431099287541984,0.04137118439218898,0.0032808168510700974,15,10,10000,week; seeds averaged within week
History available,History + Structural MLP,class_0_PR_AUC,0.6059349802632555,0.5943976279239737,0.617249309076022,0.023530824444298933,0.002949529464348382,15,10,10000,week; seeds averaged within week
History available,History + Structural MLP,class_1_PR_AUC,0.5466835756031319,0.5329871663649082,0.5588197977542427,0.026592282266242287,0.0036297976709676006,15,10,10000,week; seeds averaged within week
History available,History + Structural MLP,ROC_AUC,0.5803714295047845,0.5704797563374153,0.5903078060385233,0.02022240998729697,0.0025117456527563157,15,10,10000,week; seeds averaged within week
History available,History + Structural MLP,Brier_score,0.24512056142091748,0.2442074269205331,0.24601917432993647,0.0018547630674348961,0.00024091305446308608,15,10,10000,week; seeds averaged within week
History available,History + Structural MLP,no_skill_class_0_PR_AUC,0.5319512451319601,0.523481434454479,0.5415976440850598,0.018727208468968477,1.1702778228589004e-16,15,10,10000,week; seeds averaged within week
History available,History Logistic,accuracy,0.5604266536069058,0.550701142182289,0.5710643695707857,0.02087978348430739,0.0,15,10,10000,week; seeds averaged within week
History available,History Logistic,balanced_accuracy,0.5562380111655199,0.5465523254326579,0.5666021877869171,0.02053233477294498,0.0,15,10,10000,week; seeds averaged within week
History available,History Logistic,macro_F1,0.5552853124331012,0.5455630379791869,0.5656294579075257,0.020639810692314877,0.0,15,10,10000,week; seeds averaged within week
History available,History Logistic,class_0_precision,0.5807140934145102,0.5680892438066906,0.593783669656716,0.02649678000634484,0.0,15,10,10000,week; seeds averaged within week
History available,History Logistic,class_0_recall,0.6253280035432776,0.6091859781978284,0.6415388384144599,0.03294751228250315,0.0,15,10,10000,week; seeds averaged within week
History available,History Logistic,class_0_F1,0.601728958941565,0.590140154394157,0.6135047761718906,0.023769827666267566,0.0,15,10,10000,week; seeds averaged within week
History available,History Logistic,class_1_F1,0.5088416659246374,0.4969939330136885,0.5200703068435879,0.023644571112781936,0.0,15,10,10000,week; seeds averaged within week
History available,History Logistic,MCC,0.11356288894144494,0.09387069923927754,0.13474106235355848,0.041771270879445155,1.4628472785736255e-17,15,10,10000,week; seeds averaged within week
History available,History Logistic,class_0_PR_AUC,0.6038498077954874,0.5913538038635239,0.6149656371908754,0.02405999309222467,1.1702778228589004e-16,15,10,10000,week; seeds averaged within week
History available,History Logistic,class_1_PR_AUC,0.5169361639219415,0.5008275405012574,0.5320899888918796,0.031826669317628495,1.1702778228589004e-16,15,10,10000,week; seeds averaged within week
History available,History Logistic,ROC_AUC,0.5715788406556933,0.5593780358633735,0.5836759376195496,0.02465135176899388,0.0,15,10,10000,week; seeds averaged within week
History available,History Logistic,Brier_score,0.24580380078042824,0.24455129301299985,0.24707367046274897,0.0025445409602974593,0.0,15,10,10000,week; seeds averaged within week
History available,History Logistic,no_skill_class_0_PR_AUC,0.5319512451319601,0.523481434454479,0.5415976440850598,0.018727208468968477,1.1702778228589004e-16,15,10,10000,week; seeds averaged within week
History available,Persistence,accuracy,0.5479979770407385,0.5371854930630221,0.5584943585310737,0.02169035037600998,NA,15,1,10000,week; seeds averaged within week
History available,Persistence,balanced_accuracy,0.5472004566563677,0.5363298270658284,0.5578785745901458,0.02192006897240338,NA,15,1,10000,week; seeds averaged within week
History available,Persistence,macro_F1,0.5466666554512779,0.5358061643249682,0.5573241545105447,0.021844755091599038,NA,15,1,10000,week; seeds averaged within week
History available,Persistence,class_0_precision,0.5776500533257085,0.5620401770016643,0.5924799769597985,0.030772199858026945,NA,15,1,10000,week; seeds averaged within week
History available,Persistence,class_0_recall,0.5610511862968702,0.55105788673414,0.5696758113054687,0.01928579595195582,NA,15,1,10000,week; seeds averaged within week
History available,Persistence,class_0_F1,0.5689358386680283,0.5578784967457133,0.5794457073446763,0.021880035064704505,NA,15,1,10000,week; seeds averaged within week
History available,Persistence,class_1_F1,0.5243974722345275,0.5114849371143131,0.5372451857681891,0.02674388051360111,NA,15,1,10000,week; seeds averaged within week
History available,Persistence,MCC,0.09421378665325136,0.07248840585864919,0.1155568642596244,0.0437371147801613,NA,15,1,10000,week; seeds averaged within week
History available,Persistence,class_0_PR_AUC,0.5578514436790561,0.5458280356186106,0.5695611506480341,0.024120992347559937,NA,15,1,10000,week; seeds averaged within week
History available,Persistence,class_1_PR_AUC,0.49442621587402863,0.4836225998639776,0.5040982806706075,0.02121580428142343,NA,15,1,10000,week; seeds averaged within week
History available,Persistence,ROC_AUC,0.5472004566563677,0.5363298270658284,0.5578785745901458,0.021920068972403388,NA,15,1,10000,week; seeds averaged within week
History available,Persistence,Brier_score,0.45200202295926145,0.4415056414689264,0.46281450693697807,0.021690350376009984,NA,15,1,10000,week; seeds averaged within week
History available,Persistence,no_skill_class_0_PR_AUC,0.5319512451319601,0.523481434454479,0.5415976440850598,0.018727208468968477,NA,15,1,10000,week; seeds averaged within week
History available,Reversed GAT (no history),accuracy,0.5091755551591824,0.5052463425755437,0.513087773806721,0.007959677373023798,0.0048036207646873835,15,10,10000,week; seeds averaged within week
History available,Reversed GAT (no history),balanced_accuracy,0.5057233574650337,0.5025272488846685,0.5090919349703408,0.006681963717605449,0.005653937489555804,15,10,10000,week; seeds averaged within week
History available,Reversed GAT (no history),macro_F1,0.4920673062896252,0.4867694755849097,0.49718405438375324,0.01067839394474556,0.007328730970290864,15,10,10000,week; seeds averaged within week
History available,Reversed GAT (no history),class_0_precision,0.5374613559259023,0.5270422258227785,0.5484792200510115,0.02220994393570449,0.005363476826122165,15,10,10000,week; seeds averaged within week
History available,Reversed GAT (no history),class_0_recall,0.5601521334397259,0.5387461035213496,0.5820037095643641,0.04424804729100972,0.03073756580282345,15,10,10000,week; seeds averaged within week
History available,Reversed GAT (no history),class_0_F1,0.536482927111983,0.5222815195127244,0.5493707950659537,0.02739029092151602,0.016858001452575058,15,10,10000,week; seeds averaged within week
History available,Reversed GAT (no history),class_1_F1,0.4476516854672672,0.43549270956229325,0.4597840675597964,0.024765602548534434,0.021398824511680535,15,10,10000,week; seeds averaged within week
History available,Reversed GAT (no history),MCC,0.012052024266088899,0.005490416542748571,0.01914445664598403,0.013983783954369283,0.01219542982684326,15,10,10000,week; seeds averaged within week
History available,Reversed GAT (no history),class_0_PR_AUC,0.5437350591351805,0.5343139196319419,0.5535550772775542,0.01988165232120773,0.005018393846831047,15,10,10000,week; seeds averaged within week
History available,Reversed GAT (no history),class_1_PR_AUC,0.4778501175190913,0.4681638458901582,0.4873091432436689,0.01949723971894121,0.004731590287557112,15,10,10000,week; seeds averaged within week
History available,Reversed GAT (no history),ROC_AUC,0.5081556846206732,0.5054479337220533,0.5110012603042955,0.005654994506891513,0.006219825999367403,15,10,10000,week; seeds averaged within week
History available,Reversed GAT (no history),Brier_score,0.2699910545349121,0.2641605917736888,0.2767280495390295,0.012805228611946507,0.01403233538464134,15,10,10000,week; seeds averaged within week
History available,Reversed GAT (no history),no_skill_class_0_PR_AUC,0.5319512451319601,0.523481434454479,0.5415976440850598,0.018727208468968477,1.1702778228589004e-16,15,10,10000,week; seeds averaged within week
