Week_Start,Latest_Graph_Week,Graph_Events,Known_Nodes,Prediction_Users,No_History_Users
2022-10-17,2022-10-10,1433,1237,65,22
2022-10-24,2022-10-17,8123,6050,284,74
2022-10-31,2022-10-24,15681,11030,399,76
2022-11-07,2022-10-31,21389,14225,446,75
2022-11-14,2022-11-07,27277,17366,489,62
2022-11-21,2022-11-14,32018,19671,571,71
2022-11-28,2022-11-21,38234,22786,589,67
2022-12-05,2022-11-28,43734,25312,708,88
2022-12-12,2022-12-05,49530,27988,615,71
2022-12-19,2022-12-12,54529,30219,599,69
2022-12-26,2022-12-19,59376,32283,587,49
2023-01-02,2022-12-26,63846,33956,625,59
2023-01-09,2023-01-02,68134,35785,688,61
2023-01-16,2023-01-09,72622,37558,809,83
2023-01-23,2023-01-16,77881,39606,747,65
2023-01-30,2023-01-23,82716,41560,745,55
2023-02-06,2023-01-30,87195,43339,738,81
2023-02-13,2023-02-06,91993,45154,879,80
2023-02-20,2023-02-13,97343,47378,885,94
2023-02-27,2023-02-20,102434,49426,960,92
2023-03-06,2023-02-27,108310,51656,1038,97
2023-03-13,2023-03-06,114067,53931,996,67
2023-03-20,2023-03-13,120001,56224,1248,127
2023-03-27,2023-03-20,127020,59071,582,69
