Cohort,Model_A,Model_B,Metric,Mean_A_Minus_B,Paired_Weeks,Primary_Comparison,A_Better_Weeks,A_Worse_Weeks,Ordinary_95_Lower,Ordinary_95_Upper,Bootstrap_Draws
All eligible,History Logistic,Persistence,macro_F1,0.013322037796499682,15,True,12,3,0.0022055809730529394,0.024245502331040645,10000
All eligible,History Logistic,Persistence,class_0_PR_AUC,0.040848804866757994,15,True,15,0,0.03487875185187199,0.04711599346329806,10000
All eligible,History Logistic,Persistence,balanced_accuracy,0.013213019424193591,15,True,12,3,0.002250986906800119,0.023768440327839258,10000
All eligible,History Logistic,Persistence,MCC,0.02590938609070459,15,True,12,3,0.0039103862860107,0.04710182059007671,10000
All eligible,History + Structural MLP,Persistence,macro_F1,0.010016537645358422,15,True,12,3,0.003215455613859348,0.01701722577556096,10000
All eligible,History + Structural MLP,Persistence,class_0_PR_AUC,0.04265383280611723,15,True,15,0,0.03752843865020951,0.048661113821155434,10000
All eligible,History + Structural MLP,Persistence,balanced_accuracy,0.013285426827704701,15,True,13,2,0.006414524737114051,0.02006447561570136,10000
All eligible,History + Structural MLP,Persistence,MCC,0.026807597383853434,15,True,13,2,0.012831115790365137,0.04059927722475265,10000
All eligible,History + Reversed GAT,Persistence,macro_F1,-0.021211791396823557,15,True,2,13,-0.03404298210052857,-0.008836585202086302,10000
All eligible,History + Reversed GAT,Persistence,class_0_PR_AUC,0.004912354779912209,15,True,12,3,-0.005614967306958779,0.013387737506372918,10000
All eligible,History + Reversed GAT,Persistence,balanced_accuracy,-0.014741389086144415,15,True,3,12,-0.025408154555665058,-0.0034280061104507947,10000
All eligible,History + Reversed GAT,Persistence,MCC,-0.028994542092124664,15,True,3,12,-0.050138324974384904,-0.006229078694934185,10000
All eligible,History + Reversed GAT,History + Structural MLP,macro_F1,-0.03122832904218198,15,True,0,15,-0.04440241252435939,-0.020761393381797274,10000
All eligible,History + Reversed GAT,History + Structural MLP,class_0_PR_AUC,-0.03774147802620502,15,True,0,15,-0.04828123063813285,-0.028388207242610947,10000
All eligible,History + Reversed GAT,History + Structural MLP,balanced_accuracy,-0.028026815913849114,15,True,0,15,-0.03848543798264049,-0.01881893642318413,10000
All eligible,History + Reversed GAT,History + Structural MLP,MCC,-0.05580213947597811,15,True,0,15,-0.07647381742325435,-0.037376267224193065,10000
All eligible,History + Reversed GAT,Reversed GAT (no history),macro_F1,0.024102275353626343,15,True,14,1,0.016429386819599417,0.03159253332275798,10000
All eligible,History + Reversed GAT,Reversed GAT (no history),class_0_PR_AUC,0.02099884777736849,15,True,13,2,0.012403723830903544,0.0290767498802518,10000
All eligible,History + Reversed GAT,Reversed GAT (no history),balanced_accuracy,0.019706875400693515,15,True,15,0,0.014130311539633351,0.025233093948344863,10000
All eligible,History + Reversed GAT,Reversed GAT (no history),MCC,0.04013240840726998,15,True,15,0,0.029137638293749595,0.05091697030660444,10000
All eligible,History + Reversed GAT,History + Forward GAT,macro_F1,-0.02550064938992804,15,False,0,15,-0.037361489833247906,-0.01597741548037901,10000
All eligible,History + Reversed GAT,History + Forward GAT,class_0_PR_AUC,-0.03385611813943463,15,False,0,15,-0.04298978495877894,-0.026173874202251996,10000
All eligible,History + Reversed GAT,History + Forward GAT,balanced_accuracy,-0.023089397074374216,15,False,0,15,-0.03187150929391351,-0.01548436388365004,10000
All eligible,History + Reversed GAT,History + Forward GAT,MCC,-0.04614522885801748,15,False,0,15,-0.06345486631777,-0.03101906138316075,10000
History available,History Logistic,Persistence,macro_F1,0.00861865698182324,15,True,10,5,0.001946929724638742,0.015261764808063303,10000
History available,History Logistic,Persistence,class_0_PR_AUC,0.04599836411643105,15,True,15,0,0.039436235113048626,0.05313991865877774,10000
History available,History Logistic,Persistence,balanced_accuracy,0.009037554509152149,15,True,10,5,0.0025843722389205003,0.015544455174650678,10000
History available,History Logistic,Persistence,MCC,0.019349102288193563,15,True,10,5,0.006515091646082872,0.03229084603641306,10000
History available,History + Structural MLP,Persistence,macro_F1,0.007704486175263115,15,True,13,2,0.0032966304730582445,0.012760182222895466,10000
History available,History + Structural MLP,Persistence,class_0_PR_AUC,0.0480835365841994,15,True,15,0,0.042997858063506984,0.054096788548605175,10000
History available,History + Structural MLP,Persistence,balanced_accuracy,0.009437650497045487,15,True,13,2,0.004611454589476549,0.014818920875926324,10000
History available,History + Structural MLP,Persistence,MCC,0.019490002690082213,15,True,13,2,0.009722381828049702,0.03037378981504246,10000
History available,History + Reversed GAT,Persistence,macro_F1,-0.027522338022655975,15,True,1,14,-0.04043582490987371,-0.016859015040777536,10000
History available,History + Reversed GAT,Persistence,class_0_PR_AUC,0.008770595084483428,15,True,12,3,-0.0006328575642577437,0.016772719123656382,10000
History available,History + Reversed GAT,Persistence,balanced_accuracy,-0.019407262857111376,15,True,2,13,-0.02980817160474002,-0.009225643827145958,10000
History available,History + Reversed GAT,Persistence,MCC,-0.03735768004492013,15,True,2,13,-0.05786044829580419,-0.017076166477918122,10000
History available,History + Reversed GAT,History + Structural MLP,macro_F1,-0.03522682419791909,15,True,0,15,-0.048100789415077956,-0.024233431427677133,10000
History available,History + Reversed GAT,History + Structural MLP,class_0_PR_AUC,-0.039312941499715974,15,True,0,15,-0.050560768341060595,-0.029112647584637483,10000
History available,History + Reversed GAT,History + Structural MLP,balanced_accuracy,-0.028844913354156863,15,True,1,14,-0.03930411399612273,-0.018942597348615784,10000
History available,History + Reversed GAT,History + Structural MLP,MCC,-0.056847682735002354,15,True,1,14,-0.07754519260477351,-0.03725057366780728,10000
History available,History + Reversed GAT,Reversed GAT (no history),macro_F1,0.027077011138996868,15,True,14,1,0.018744649867304834,0.035541472814175294,10000
History available,History + Reversed GAT,Reversed GAT (no history),class_0_PR_AUC,0.022886979628359203,15,True,12,3,0.013784268418525187,0.03160298168344576,10000
History available,History + Reversed GAT,Reversed GAT (no history),balanced_accuracy,0.022069836334222548,15,True,15,0,0.015699641539684166,0.028352941135044097,10000
History available,History + Reversed GAT,Reversed GAT (no history),MCC,0.04480408234224235,15,True,15,0,0.03195054667598385,0.05732248190310963,10000
History available,History + Reversed GAT,History + Forward GAT,macro_F1,-0.029339048740093274,15,False,0,15,-0.040848269985157074,-0.02019053508695945,10000
History available,History + Reversed GAT,History + Forward GAT,class_0_PR_AUC,-0.0360976367868357,15,False,0,15,-0.0458948560291778,-0.027200640358907766,10000
History available,History + Reversed GAT,History + Forward GAT,balanced_accuracy,-0.02394133301869463,15,False,0,15,-0.03265269771014627,-0.016277392251247774,10000
History available,History + Reversed GAT,History + Forward GAT,MCC,-0.04714463936271192,15,False,0,15,-0.0642244299788935,-0.03195567956188001,10000
