Cohort,Model,Week_Start,accuracy,balanced_accuracy,macro_F1,class_0_precision,class_0_recall,class_0_F1,class_1_F1,MCC,class_0_PR_AUC,class_1_PR_AUC,ROC_AUC,Brier_score,no_skill_class_0_PR_AUC,Test_Class_0_Prevalence
All eligible,History + Forward GAT,2022-12-19,0.572787979966611,0.5736148037266249,0.5723025013063664,0.5991919929631392,0.5552715654952076,0.5757200149984391,0.5688849876142938,0.14752708300857864,0.5913092580710768,0.5574142116901839,0.5868076811367546,0.24598811417818064,0.5225375626043406,0.5225375626043406
All eligible,History + Forward GAT,2022-12-26,0.5332197614991482,0.5337588652482269,0.5293655178741125,0.5559397272493355,0.52,0.5331077725525921,0.5256232631956326,0.06846687355167602,0.5800810248886792,0.5190861400196283,0.5515579583769329,0.24780705869197842,0.5195911413969335,0.5195911413969335
All eligible,History + Forward GAT,2023-01-02,0.5393600000000001,0.5402614722359532,0.537888152043384,0.5784468098583062,0.5282738095238095,0.5508885721874777,0.5248877318992906,0.08074005762318759,0.5925002753810192,0.5146668865273092,0.5603327360355908,0.24753970503807063,0.5376,0.5376
All eligible,History + Forward GAT,2023-01-09,0.5226744186046511,0.5290207851800046,0.5195883249691687,0.5820022708254216,0.46286472148541113,0.5116891693502263,0.5274874805881111,0.058999213574789634,0.6037776082433222,0.4976504060125112,0.5472835125845437,0.24969883114099498,0.5479651162790697,0.5479651162790697
All eligible,History + Forward GAT,2023-01-16,0.5328800988875154,0.5323115024766099,0.5305209679175634,0.5228995134688506,0.5081012658227848,0.5134846176867681,0.5475573181483588,0.06517385106803666,0.5552810977308933,0.5606635226793598,0.5512685745734728,0.24739842414855953,0.488257107540173,0.488257107540173
All eligible,History + Forward GAT,2023-01-23,0.5726907630522089,0.5735551934066565,0.5710407737911158,0.5969317700830052,0.5512886597938145,0.5708014231550792,0.5712801244271525,0.14817853598930492,0.6149644316879299,0.5594311667848542,0.6010499526175229,0.2437574818730354,0.5194109772423026,0.5194109772423026
All eligible,History + Forward GAT,2023-01-30,0.5433557046979866,0.545913246295601,0.542290870230479,0.5740501073742452,0.4881748071979435,0.526862293843078,0.5577194466178799,0.09253545947716511,0.5913784148101702,0.5576980040794656,0.5695264434880564,0.24560945630073544,0.5221476510067115,0.5221476510067115
All eligible,History + Forward GAT,2023-02-06,0.5296747967479675,0.5341464763801305,0.525696842031085,0.5735135918009232,0.46539440203562343,0.5089815388576208,0.5424121452045493,0.07002478966606893,0.5955296238113346,0.5359830849369698,0.5637854482427997,0.2475556746125221,0.532520325203252,0.532520325203252
All eligible,History + Forward GAT,2023-02-13,0.5549488054607508,0.558033960656351,0.5531982604766275,0.595326952697652,0.5068669527896995,0.5452747290848781,0.5611217918683769,0.11725375575441502,0.6065217994075408,0.560817959704447,0.5895379771170852,0.24437099695205683,0.5301478953356087,0.5301478953356087
All eligible,History + Forward GAT,2023-02-20,0.5442937853107345,0.5444096056188058,0.5421888398188306,0.5694075782887543,0.5420258620689655,0.5534774166071167,0.5309002630305446,0.08936713397151459,0.596460004056482,0.527672659733758,0.5669920755180604,0.24625592827796935,0.5242937853107345,0.5242937853107345
All eligible,History + Forward GAT,2023-02-27,0.5644791666666666,0.5669138342809663,0.5629646901647198,0.5993548389546545,0.51610337972167,0.5527286701400442,0.5732007101893956,0.13516949334271772,0.5957590412819682,0.5607042040504613,0.5884195918580422,0.24489094316959376,0.5239583333333333,0.5239583333333333
All eligible,History + Forward GAT,2023-03-06,0.5443159922928709,0.543335501012616,0.5410813008531747,0.5569076262534933,0.5751401869158879,0.5633935489489255,0.518769052757424,0.08765648372767873,0.5701922761401198,0.541834710466812,0.5642279036063991,0.24697006642818448,0.5154142581888247,0.5154142581888247
All eligible,History + Forward GAT,2023-03-13,0.5481927710843373,0.5492205819816536,0.5467038988157966,0.5849490261854567,0.5337099811676083,0.5566314692044851,0.5367763284271081,0.0987610853418645,0.5881814908232603,0.5334373283087513,0.5637308385476784,0.24662363231182094,0.5331325301204819,0.5331325301204819
All eligible,History + Forward GAT,2023-03-20,0.5543269230769231,0.566853587740197,0.552690616254798,0.6401332427880051,0.45518731988472616,0.5309767287144795,0.5744045037951164,0.13625754936908546,0.6335082914629433,0.5170958324135428,0.5829763106149668,0.2454144492745399,0.5560897435897436,0.5560897435897436
All eligible,History + Forward GAT,2023-03-27,0.53213058419244,0.5378695772312794,0.5305221777900152,0.605288879533462,0.4939209726443769,0.5422410131906481,0.5188033423893823,0.07570089166596598,0.6282325107927573,0.4949254555035664,0.5639252976440765,0.24678407758474347,0.5652920962199313,0.5652920962199313
All eligible,History + Reversed GAT,2022-12-19,0.5096828046744574,0.5104565562233294,0.4853974719267121,0.5372816188672938,0.49329073482428115,0.48889479993857987,0.48190014391484437,0.02506803986727431,0.5323663782272697,0.4977752614024883,0.5091501150606582,0.275913006067276,0.5225375626043406,0.5225375626043406
All eligible,History + Reversed GAT,2022-12-26,0.5252129471890971,0.5257597953726311,0.5096830751305192,0.5527541227973936,0.5118032786885246,0.5092532595958249,0.5101128906652134,0.055725909052056447,0.5457585021940836,0.5005570195058467,0.5228176956167887,0.26010233461856835,0.5195911413969335,0.5195911413969335
All eligible,History + Reversed GAT,2023-01-02,0.52976,0.5236854300543746,0.5212961199220517,0.5584888971590324,0.6044642857142857,0.5791894534819325,0.4634027863621709,0.04811170453566878,0.5801070085198605,0.4866036565472358,0.5340191959136595,0.26064672768116,0.5376,0.5376
All eligible,History + Reversed GAT,2023-01-09,0.5071220930232558,0.5066112565779934,0.5025107258183863,0.5550801771907231,0.5119363395225464,0.5292524251182781,0.47576902651849473,0.01316194636221955,0.5620637898136187,0.46666864651608797,0.5106812967495971,0.2751204147934913,0.5479651162790697,0.5479651162790697
All eligible,History + Reversed GAT,2023-01-16,0.5262051915945613,0.5272711429095579,0.5219208915028842,0.513996143265732,0.5726582278481012,0.5389502741588919,0.5048915088468766,0.05519066410187795,0.5093178428693085,0.5362432604764537,0.5247758821011435,0.2514599278569221,0.488257107540173,0.488257107540173
All eligible,History + Reversed GAT,2023-01-23,0.5251673360107094,0.5216347672515291,0.5110278544785023,0.5397787914495922,0.6126288659793814,0.5674499303158942,0.45460577864111046,0.04486250524138878,0.5363791935702892,0.5194626416645232,0.5244874077477528,0.2578291863203048,0.5194109772423026,0.5194109772423026
All eligible,History + Reversed GAT,2023-01-30,0.5085906040268456,0.510787888853586,0.5051502824892246,0.5359185067002217,0.46118251928020565,0.492275214675962,0.518025350302487,0.02190278931884389,0.549347861633591,0.5022946310487496,0.519942737067098,0.2503907382488251,0.5221476510067115,0.5221476510067115
All eligible,History + Reversed GAT,2023-02-06,0.520189701897019,0.5177530700298705,0.5139462350104365,0.553567631989324,0.5552162849872774,0.550041968222499,0.47785050179837396,0.03633535352751236,0.5653931914918559,0.49561595521252233,0.5306925544861156,0.25984286069869994,0.532520325203252,0.532520325203252
All eligible,History + Reversed GAT,2023-02-13,0.5482366325369739,0.5470081784077565,0.5454553779816357,0.577243328599051,0.567381974248927,0.5705826759621331,0.5203280800011383,0.09432641514353933,0.5835756463034076,0.5288721450863136,0.5609935674276985,0.2560656279325485,0.5301478953356087,0.5301478953356087
All eligible,History + Reversed GAT,2023-02-20,0.5346892655367231,0.5354042100090097,0.5266816336354682,0.5571653176082739,0.5206896551724138,0.5282159340329536,0.5251473332379828,0.07043845075644982,0.5773359593928497,0.5340477960739839,0.5552138791055778,0.24677235186100002,0.5242937853107345,0.5242937853107345
All eligible,History + Reversed GAT,2023-02-27,0.5327083333333333,0.5319331277107595,0.5308040933307251,0.555640134912434,0.5481113320079523,0.5507419838237693,0.5108662028376809,0.06396113139970985,0.5683029860201745,0.5169654795614781,0.5477000143558779,0.2482417449355125,0.5239583333333333,0.5239583333333333
All eligible,History + Reversed GAT,2023-03-06,0.5183044315992292,0.5178521394994519,0.5113937163609764,0.5320520750799077,0.5325233644859813,0.5246526323288929,0.49813480039305985,0.03657599826230369,0.5422248062135062,0.5117853864730775,0.5288575091507033,0.25023101270198816,0.5154142581888247,0.5154142581888247
All eligible,History + Reversed GAT,2023-03-13,0.5279116465863454,0.5293712411153636,0.5238162920759478,0.5638226069354931,0.5073446327683616,0.5289566321970158,0.5186759519548799,0.05943705610015669,0.5669553548583638,0.5022893235447492,0.542617702448211,0.2492417052388191,0.5331325301204819,0.5331325301204819
All eligible,History + Reversed GAT,2023-03-20,0.5459134615384615,0.5486925061642339,0.5444797955401646,0.606701543720249,0.5239193083573487,0.5612153363615556,0.5277442547187735,0.09720599918652852,0.6118245748929183,0.5098803893320096,0.5677852453729232,0.2463520467281341,0.5560897435897436,0.5560897435897436
All eligible,History + Reversed GAT,2023-03-27,0.5243986254295533,0.5286567271766162,0.521970428284682,0.5954223583488575,0.496048632218845,0.5389772839771608,0.504963572592203,0.05732986140625729,0.6048822804968806,0.4705524582594786,0.5375337890601536,0.25067205429077144,0.5652920962199313,0.5652920962199313
All eligible,History + Structural MLP,2022-12-19,0.5869782971619365,0.5894099510712929,0.585714956192409,0.6235668990710757,0.5354632587859425,0.5746137964298894,0.5968161159549286,0.1804714900031661,0.6127412376280237,0.5731267040511171,0.6095824303492036,0.2437521785497665,0.5225375626043406,0.5225375626043406
All eligible,History + Structural MLP,2022-12-26,0.5402044293015332,0.5413893733286826,0.5375983827337609,0.565595522824913,0.5111475409836065,0.5336647754448278,0.541531990022694,0.08383886746815909,0.594656038819013,0.5182657873057492,0.5581124287873502,0.24670898914337153,0.5195911413969335,0.5195911413969335
All eligible,History + Structural MLP,2023-01-02,0.53424,0.5365160034602077,0.5335949634642466,0.5762309457127625,0.50625,0.53822795384029,0.5289619730882033,0.07314039311485834,0.5995813588477347,0.5231316513440397,0.5619572829131653,0.24739509522914882,0.5376,0.5376
All eligible,History + Structural MLP,2023-01-09,0.5361918604651162,0.5455205676904313,0.5342383343763037,0.6043979267221112,0.44827586206896547,0.5131294488512186,0.5553472199013891,0.09277936880123397,0.6094349865146411,0.5046094963005464,0.557517463133385,0.2487556084990501,0.5479651162790697,0.5479651162790697
All eligible,History + Structural MLP,2023-01-16,0.5332509270704573,0.5324472573839663,0.530255553454096,0.5227975534033154,0.4982278481012658,0.5078922331535148,0.552618873754677,0.06556736805545826,0.5493620252847227,0.5640336527933422,0.5497398030942334,0.24755160361528392,0.488257107540173,0.488257107540173
All eligible,History + Structural MLP,2023-01-23,0.5821954484605087,0.5822882864773282,0.581477155481475,0.6021387706067867,0.5798969072164948,0.5900557616658869,0.5728985492970632,0.16486493535226082,0.616661908132939,0.5694838250578367,0.6076824225368291,0.24247572273015972,0.5194109772423026,0.5194109772423026
All eligible,History + Structural MLP,2023-01-30,0.5377181208053692,0.5395616100054881,0.5370089109383682,0.5651754810984484,0.4979434447300771,0.5286680406627255,0.5453497812140109,0.07949494461120055,0.5757860109757627,0.557821883217441,0.5614283960601947,0.24689166396856305,0.5221476510067115,0.5221476510067115
All eligible,History + Structural MLP,2023-02-06,0.5490514905149052,0.5540214625511671,0.5467831449290608,0.5969143513166779,0.4776081424936387,0.5281676552187392,0.5653986346393822,0.10982363027905011,0.615703139787796,0.5566583377557566,0.5847169672161374,0.2457614794373512,0.532520325203252,0.532520325203252
All eligible,History + Structural MLP,2023-02-13,0.5620022753128555,0.5638188591796652,0.5617436885067212,0.5972811397963756,0.5336909871244635,0.5633482151393578,0.5601391618740846,0.12770095185152142,0.60463156616865,0.565155904185394,0.5916729883922727,0.24421993196010586,0.5301478953356087,0.5301478953356087
All eligible,History + Structural MLP,2023-02-20,0.5471186440677966,0.5480721189286591,0.5465383696858643,0.5741770343859599,0.528448275862069,0.549632462190177,0.5434442771815515,0.09633247830253659,0.600364550949591,0.5401983531799865,0.5769184105987387,0.2455549761652946,0.5242937853107345,0.5242937853107345
All eligible,History + Structural MLP,2023-02-27,0.559375,0.5617629018014452,0.5587573233186466,0.5925176930399942,0.5119284294234593,0.5487003354569949,0.5688143111802982,0.12419807333752937,0.5837872896317448,0.5618576627671861,0.5816977783191442,0.24538885802030558,0.5239583333333333,0.5239583333333333
All eligible,History + Structural MLP,2023-03-06,0.5453757225433525,0.5454396982590438,0.5446521711449714,0.5612123541158012,0.5433644859813084,0.5513670445637395,0.5379372977262034,0.09108227400424863,0.5765098940604148,0.5554823606389686,0.5718936846212446,0.2463110521435737,0.5154142581888247,0.5154142581888247
All eligible,History + Structural MLP,2023-03-13,0.5543172690763052,0.5555792479193244,0.5524292792560443,0.5914556275102993,0.5365348399246704,0.560610309243805,0.5442482492682836,0.11175798161893788,0.6006152656414706,0.548038588420251,0.5775685964805702,0.24523807317018503,0.5331325301204819,0.5331325301204819
All eligible,History + Structural MLP,2023-03-20,0.5641025641025641,0.5729304299878276,0.5629684272194808,0.6405244723942067,0.4942363112391931,0.5562413722443845,0.5696954821945772,0.14704512053044358,0.6337620366684071,0.5334298701630552,0.5907792684068707,0.24465168118476863,0.5560897435897436,0.5560897435897436
All eligible,History + Structural MLP,2023-03-27,0.5314432989690722,0.5345225080192704,0.5301982684195973,0.6003822994807269,0.5109422492401215,0.5517392986520634,0.508657238187131,0.06856803907085403,0.6283602377801422,0.48562154019427795,0.5540654997176737,0.24706224054098125,0.5652920962199313,0.5652920962199313
All eligible,History Logistic,2022-12-19,0.6060100166944908,0.6047554681739985,0.6048105738694816,0.6206896551724138,0.6325878594249201,0.6265822784810127,0.5830388692579506,0.20974302435406286,0.6207918563926349,0.5718529617528395,0.6134520431645032,0.2412777266621279,0.5225375626043406,0.5225375626043406
All eligible,History Logistic,2022-12-26,0.5383304940374787,0.5364841297523544,0.5361767390055661,0.5527950310559007,0.5836065573770491,0.5677830940988836,0.5045703839122486,0.0732584268277182,0.559507254073248,0.5005544770432168,0.5426462039297757,0.24789215764842482,0.5195911413969335,0.5195911413969335
All eligible,History Logistic,2023-01-02,0.5216,0.5187582385895535,0.5187615400660793,0.5548961424332344,0.5565476190476191,0.5557206537890045,0.4818024263431542,0.0375257531038819,0.5840144007398371,0.5117777384651554,0.5530050255396276,0.2479868261497104,0.5376,0.5376
All eligible,History Logistic,2023-01-09,0.5479651162790697,0.548129163219528,0.5467922282305944,0.5953757225433526,0.5464190981432361,0.5698478561549101,0.5237366003062787,0.0958160082394318,0.6091310698619417,0.47335982495651924,0.5532806809555895,0.24855275464968427,0.5479651162790697,0.5479651162790697
All eligible,History Logistic,2023-01-16,0.5512978986402967,0.5507888460832875,0.5507597556666162,0.5414507772020726,0.529113924050633,0.5352112676056338,0.5663082437275986,0.10165604843423721,0.5447579942801153,0.5333179438481607,0.5461352657004831,0.2488349692158232,0.488257107540173,0.488257107540173
All eligible,History Logistic,2023-01-23,0.571619812583668,0.5697240329667175,0.5694524495677233,0.5825242718446602,0.6185567010309279,0.6,0.5389048991354467,0.1400891727696288,0.6283322015166739,0.5547061874076629,0.6021092381472016,0.2428853298138094,0.5194109772423026,0.5194109772423026
All eligible,History Logistic,2023-01-30,0.5436241610738255,0.5418929262586292,0.5418005267575468,0.5607940446650124,0.5809768637532133,0.5707070707070707,0.5128939828080229,0.0839856168822387,0.5858019820489053,0.5191239573131841,0.5518218711186852,0.2475917475695497,0.5221476510067115,0.5221476510067115
All eligible,History Logistic,2023-02-06,0.5663956639566395,0.5665007191060958,0.565856815106771,0.5983827493261455,0.5648854961832062,0.581151832460733,0.550561797752809,0.1327217724908741,0.6094316860930622,0.5187289139149688,0.5807095180145296,0.2451208203223089,0.532520325203252,0.532520325203252
All eligible,History Logistic,2023-02-13,0.5642775881683731,0.5627565494809257,0.5627473416656168,0.589247311827957,0.5879828326180258,0.5886143931256713,0.5368802902055623,0.1254961462790153,0.6181433663798117,0.5051568627356293,0.574779951989525,0.2461232890107108,0.5301478953356087,0.5301478953356087
All eligible,History Logistic,2023-02-20,0.5378531073446328,0.5367044803014169,0.5367079275402572,0.5591397849462365,0.5603448275862069,0.5597416576964478,0.5136741973840666,0.0734172294516872,0.5974868813226526,0.5127755502635819,0.5539177041526743,0.247772327900382,0.5242937853107345,0.5242937853107345
All eligible,History Logistic,2023-02-27,0.5427083333333333,0.5427065615062361,0.5423980021173214,0.5663900414937759,0.5427435387673957,0.5543147208121827,0.5304812834224599,0.0853157526938307,0.5897830813305777,0.5189515596400073,0.5699936051089524,0.2461149747789177,0.5239583333333333,0.5239583333333333
All eligible,History Logistic,2023-03-06,0.5510597302504817,0.5505731963360027,0.5505775405839329,0.5642458100558659,0.5663551401869159,0.5652985074626866,0.5358565737051793,0.1011591744086254,0.5967344567756481,0.5430305818214938,0.5834451236506196,0.2452394119738389,0.5154142581888247,0.5154142581888247
All eligible,History Logistic,2023-03-13,0.5592369477911646,0.558963610959237,0.5584887941959034,0.5909090909090909,0.5630885122410546,0.5766634522661523,0.5403141361256545,0.1176832100848721,0.6002203443345535,0.520179532030645,0.5736306016240407,0.2453015404594662,0.5331325301204819,0.5331325301204819
All eligible,History Logistic,2023-03-20,0.5769230769230769,0.5782675641652535,0.575736504183761,0.6338709677419355,0.5662824207492796,0.5981735159817352,0.5532994923857868,0.1555502683236448,0.6229095774639072,0.5027379568648909,0.5815720617151655,0.2449291134552774,0.5560897435897436,0.5560897435897436
All eligible,History Logistic,2023-03-27,0.5343642611683849,0.5351886781118973,0.532474692830994,0.6,0.5288753799392097,0.5621970920840065,0.5027522935779817,0.0697751426604769,0.6078359751870954,0.4543313560494779,0.5351045808955152,0.24973750080996232,0.5652920962199313,0.5652920962199313
All eligible,Persistence,2022-12-19,0.5709515859766278,0.5687962197546862,0.5686239894638028,0.5848484848484848,0.6166134185303515,0.6003110419906688,0.5369369369369369,0.138170918991603,0.5837537444161205,0.528714401558446,0.5897249715141089,0.39145274950698755,0.5225375626043406,0.5225375626043406
All eligible,Persistence,2022-12-26,0.5059625212947189,0.503197302639228,0.5019019194756554,0.5223880597014925,0.5737704918032787,0.546875,0.45692883895131087,0.006454543644205144,0.5239604525843062,0.4827233698598845,0.5063074061155679,0.47239135741781596,0.5195911413969335,0.5195911413969335
All eligible,Persistence,2023-01-02,0.5584,0.5544364804745427,0.5544293596181266,0.5862068965517241,0.6071428571428571,0.5964912280701754,0.5123674911660777,0.10927204928026274,0.5596113726626553,0.49502268390048737,0.5465274345032132,0.4325897461927816,0.5376,0.5376
All eligible,Persistence,2023-01-09,0.5290697674418605,0.5266659274864176,0.5263640999490056,0.5730027548209367,0.5517241379310345,0.5621621621621622,0.49056603773584906,0.05316705025926237,0.5679246701502343,0.4689399325219906,0.5327854870487092,0.44950054623092045,0.5479651162790697,0.5479651162790697
All eligible,Persistence,2023-01-16,0.4956736711990111,0.4974866996881306,0.493499797444113,0.4860813704496788,0.5746835443037974,0.5266821345707656,0.4603174603174603,-0.005086295710209967,0.5032027255848273,0.5140918961647072,0.5151134348437596,0.46281218359555854,0.48825710754017304,0.48825710754017304
All eligible,Persistence,2023-01-23,0.570281124497992,0.5685394710392557,0.5683472274976643,0.5819070904645477,0.6134020618556701,0.5972396486825596,0.539454806312769,0.13759854037751446,0.5605066518372076,0.5248664991204895,0.5712172989116389,0.4124678269595418,0.5194109772423026,0.5194109772423026
All eligible,Persistence,2023-01-30,0.5342281879194631,0.5315848762311891,0.5309798414676848,0.5502392344497608,0.5912596401028277,0.5700123915737298,0.49194729136163984,0.06358387000030156,0.5419945721678227,0.4972721272654861,0.5350004332630485,0.44799191983576714,0.5221476510067115,0.5221476510067115
All eligible,Persistence,2023-02-06,0.5392953929539296,0.5350370616218608,0.5346162977031278,0.5632458233890215,0.6005089058524173,0.5812807881773399,0.4879518072289157,0.07057666659505603,0.5577576840098231,0.49078024919543184,0.5421801821735444,0.4339641817545629,0.532520325203252,0.532520325203252
All eligible,Persistence,2023-02-13,0.565415244596132,0.5620395099190473,0.5618763048016702,0.5853658536585366,0.6180257510729614,0.6012526096033403,0.5225,0.12474648129532004,0.5717734387491781,0.5111557362568868,0.5694904862359579,0.4129622947462092,0.5301478953356087,0.5301478953356087
All eligible,Persistence,2023-02-20,0.5536723163841808,0.5501397534605619,0.549215261237864,0.5677799607072691,0.6228448275862069,0.5940390544707091,0.5043914680050188,0.10131165604456721,0.5530667205559563,0.5079336530090663,0.5519263453190268,0.4252248410511179,0.5242937853107345,0.5242937853107345
All eligible,Persistence,2023-02-27,0.55,0.5468632406871681,0.5461867077526437,0.5651376146788991,0.6123260437375746,0.5877862595419847,0.5045871559633027,0.09448918571643068,0.552575140802108,0.506092580478193,0.5504108826254726,0.4290737713923092,0.5239583333333333,0.5239583333333333
All eligible,Persistence,2023-03-06,0.5394990366088632,0.5372772709537169,0.5358528690901607,0.5478991596638656,0.6093457943925233,0.5769911504424778,0.49471458773784355,0.07533115802169715,0.5395195064929884,0.5084748000209705,0.5418609836309247,0.4376477690612577,0.5154142581888247,0.5154142581888247
All eligible,Persistence,2023-03-13,0.5502008032128514,0.5476824008261952,0.5477040971476068,0.5769944341372912,0.5856873822975518,0.5813084112149532,0.5140997830802603,0.09547933030469126,0.5617390091950416,0.49620634339443803,0.5505842091407974,0.43541191282673797,0.5331325301204819,0.5331325301204819
All eligible,Persistence,2023-03-20,0.5576923076923077,0.5498704730594367,0.5499200317782215,0.5988857938718662,0.6195965417867435,0.6090651558073654,0.4907749077490775,0.10025543926825656,0.595219647773517,0.47877474792312885,0.5629974302687294,0.41577067584770844,0.5560897435897436,0.5560897435897436
All eligible,Persistence,2023-03-27,0.5360824742268041,0.5243821858067926,0.5241930600133229,0.5855072463768116,0.6139817629179332,0.599406528189911,0.4489795918367347,0.04920136155469898,0.5895447178175084,0.45291807608373114,0.5376455182190613,0.43352315902795946,0.5652920962199313,0.5652920962199313
All eligible,Reversed GAT (no history),2022-12-19,0.5098497495826377,0.5048554480663107,0.49374348059795814,0.5259898176302032,0.6156549520766773,0.5634271574379753,0.42405980375794083,0.01013150168939574,0.5429127933850884,0.4881843186870213,0.5134593042740008,0.2729540228843689,0.5225375626043406,0.5225375626043406
All eligible,Reversed GAT (no history),2022-12-26,0.5114139693356048,0.5067050342983375,0.4777681975084126,0.5276323345257732,0.6268852459016394,0.5586249961864811,0.396911398830344,0.007737337662098468,0.5394074663537507,0.4871094925461059,0.5122497384025113,0.279751555621624,0.5195911413969335,0.5195911413969335
All eligible,Reversed GAT (no history),2023-01-02,0.5001599999999999,0.49676068956994557,0.4728074582312212,0.5302731336410755,0.5419642857142857,0.5120199274755489,0.4335949889868934,-0.005675498215249641,0.5462689963240095,0.45793182267564914,0.4950141085846103,0.28693086504936216,0.5376,0.5376
All eligible,Reversed GAT (no history),2023-01-09,0.5042151162790698,0.5023544312434434,0.48717312415309,0.5530102353273855,0.5217506631299734,0.5216230540007224,0.45272319430545743,0.004552454187694256,0.5630685735503225,0.45248008640280285,0.5029352563391813,0.29659451842308043,0.5479651162790697,0.5479651162790697
All eligible,Reversed GAT (no history),2023-01-16,0.4964153275648949,0.4958876047208463,0.4887359845028943,0.48301465812332334,0.47341772151898737,0.4696326106210151,0.5078393583847735,-0.007774634359461363,0.4987420261588559,0.5252427220240284,0.5099165290772335,0.26687784790992736,0.48825710754017304,0.48825710754017304
All eligible,Reversed GAT (no history),2023-01-23,0.5198125836680053,0.5161886540504839,0.5075368407028619,0.5323068235637525,0.6095360824742267,0.5636015796910806,0.45147210171464314,0.03424495422437838,0.5361981148530578,0.4992815277760336,0.5168929299600838,0.270717465877533,0.5194109772423026,0.5194109772423026
All eligible,Reversed GAT (no history),2023-01-30,0.5061744966442954,0.506198550012998,0.4898210640460925,0.5329333498793514,0.5056555269922879,0.5002005005934173,0.47944162749876773,0.014057177323687043,0.5358197183294121,0.4817203645984957,0.5032992981138615,0.2633648872375488,0.5221476510067115,0.5221476510067115
All eligible,Reversed GAT (no history),2023-02-06,0.505420054200542,0.5023984954087842,0.4930729949081517,0.5337434161702557,0.5488549618320611,0.5334966169341069,0.4526493728821964,0.004150871529620953,0.5424030071372254,0.4768281575671069,0.5097005568462588,0.2650411084294319,0.532520325203252,0.532520325203252
All eligible,Reversed GAT (no history),2023-02-13,0.5072810011376564,0.5064263371748641,0.4977856657667615,0.5370954125260692,0.5206008583690986,0.5196598904605525,0.47591144107297045,0.013419987630034897,0.538662463622946,0.4789721919663334,0.5095667626183376,0.25761466175317765,0.5301478953356087,0.5301478953356087
All eligible,Reversed GAT (no history),2023-02-20,0.5082485875706215,0.5083616594315669,0.5005365221382003,0.5346900104090608,0.5060344827586206,0.510584035723468,0.49048900855293265,0.017875525396600866,0.537613307941508,0.48445518634040596,0.5097653370464411,0.2585661247372627,0.5242937853107345,0.5242937853107345
All eligible,Reversed GAT (no history),2023-02-27,0.510625,0.508348160490014,0.49910165076507623,0.5344443027733143,0.5558648111332009,0.5351369949977266,0.4630663065324258,0.017632453474370445,0.5353853089062073,0.4810522028225632,0.5056490379386699,0.2691259518265724,0.5239583333333333,0.5239583333333333
All eligible,Reversed GAT (no history),2023-03-06,0.4990366088631985,0.49870868248453204,0.49582966474155965,0.514159971158933,0.5093457943925234,0.5089149571491772,0.4827443723339422,-0.0025295428972668677,0.5166545825464419,0.4944911466182518,0.503415023875439,0.26092921793460844,0.5154142581888247,0.5154142581888247
All eligible,Reversed GAT (no history),2023-03-13,0.5083333333333333,0.5046078610047993,0.493918217890905,0.5389476500356183,0.5608286252354049,0.5399223367787631,0.447914099003047,0.009895151457955356,0.5387875201685891,0.4776586992260978,0.5062300791770447,0.2655735149979591,0.5331325301204819,0.5331325301204819
All eligible,Reversed GAT (no history),2023-03-20,0.5153846153846154,0.5161450909809715,0.5078578197302749,0.5734005545350195,0.5093659942363112,0.5322264804168098,0.48348915904373974,0.03319167680834882,0.5716831304361782,0.46219041006198713,0.518417534514508,0.25282112210989,0.5560897435897436,0.5560897435897436
All eligible,Reversed GAT (no history),2023-03-27,0.5151202749140894,0.5133282074077634,0.5083111775004616,0.579228274137374,0.5270516717325229,0.5485022315447294,0.4681201234561939,0.026738282240530216,0.5772456501238576,0.4520030261244359,0.5142250441510386,0.2571844756603241,0.5652920962199313,0.5652920962199313
History available,History + Forward GAT,2022-12-19,0.579811320754717,0.5810803847475094,0.5791481019356595,0.6191229885133955,0.5633802816901408,0.5893180420086928,0.5689781618626262,0.16215445461493677,0.6110663668097884,0.5550792886122898,0.5945064697125845,0.2446940258145332,0.5358490566037736,0.5358490566037736
History available,History + Forward GAT,2022-12-26,0.5362453531598513,0.5360933021310772,0.5326341852195717,0.5594223759071765,0.5395017793594306,0.5457286255803921,0.5195397448587513,0.07304168407787495,0.594608589222779,0.5195602785348618,0.5579316504424165,0.24694821834564204,0.5223048327137546,0.5223048327137546
History available,History + Forward GAT,2023-01-02,0.5473498233215548,0.5465021966880703,0.5455127907387414,0.56951174844868,0.5636363636363637,0.5654550028420648,0.5255705786354177,0.09341163835020619,0.5803427464410702,0.5353669588408081,0.5643679671560713,0.24660608619451518,0.5247349823321554,0.5247349823321554
History available,History + Forward GAT,2023-01-09,0.5272727272727272,0.5318309917100363,0.5249801604801432,0.5866156239838707,0.48786127167630056,0.529805017077042,0.5201553038832444,0.06411608504508613,0.6104942107899969,0.4982234890372278,0.5515875383127969,0.24917273372411725,0.5518341307814992,0.5518341307814992
History available,History + Forward GAT,2023-01-16,0.527961432506887,0.5278813385653457,0.5266361754717757,0.5330330979855156,0.5351498637602179,0.5327956620460259,0.5204766888975254,0.05614642258990445,0.5703627509227075,0.5517266335012664,0.5528196701403384,0.24740368276834485,0.5055096418732782,0.5055096418732782
History available,History + Forward GAT,2023-01-23,0.5826979472140763,0.5826136363636364,0.5810081465720167,0.5988770712389165,0.5852272727272727,0.5898749470141871,0.5721413461298462,0.16626352683985093,0.6158761437840848,0.5673550280138255,0.6082351928374655,0.24308950453996653,0.5161290322580645,0.5161290322580645
History available,History + Forward GAT,2023-01-30,0.5442028985507246,0.5453961050442455,0.5436087073251066,0.5711223968986281,0.5196675900277008,0.543414248249259,0.543803166400954,0.09103020257751988,0.593249359693855,0.5582730451828571,0.5691880878006887,0.2453947305679321,0.5231884057971015,0.5231884057971015
History available,History + Forward GAT,2023-02-06,0.5365296803652968,0.5390378166915053,0.5332053829475906,0.5791011928608333,0.5039772727272728,0.5345590536005754,0.5318517122946058,0.07936241525258964,0.6089997712163344,0.5400951547514597,0.5720990126676602,0.2465059399604797,0.5357686453576864,0.5357686453576864
History available,History + Forward GAT,2023-02-13,0.562578222778473,0.5637326203208556,0.5608054480313398,0.5984789985102801,0.5456470588235294,0.5687065591584376,0.552904336904242,0.12817994072705685,0.6179907003824443,0.567954210048977,0.599026423403586,0.24299834966659542,0.5319148936170213,0.5319148936170213
History available,History + Forward GAT,2023-02-20,0.5485461441213654,0.5470246176704152,0.5458160338522646,0.5649608384157673,0.583495145631068,0.5729844739015799,0.5186475938029492,0.0946610501923984,0.5967748182331525,0.5384707396349329,0.5753278940492353,0.2456432685256004,0.5208596713021492,0.5208596713021492
History available,History + Forward GAT,2023-02-27,0.5721198156682028,0.573145842644023,0.5708307111220984,0.6002950725087084,0.5508810572687224,0.5727440969000035,0.5689173253441933,0.1471519250635974,0.599166068524499,0.5664350668291106,0.5939762497605823,0.24415683597326274,0.5230414746543779,0.5230414746543779
History available,History + Forward GAT,2023-03-06,0.5439957492029756,0.5424664224664225,0.5403098019293019,0.5559289074041157,0.5888888888888889,0.5699910348080437,0.51062856905056,0.08597232736060689,0.5740918130771814,0.5430845363220534,0.5669323474879031,0.24671641737222666,0.5164718384697131,0.5164718384697131
History available,History + Forward GAT,2023-03-13,0.555113024757804,0.5550961225154774,0.5532816684796054,0.5887128154861565,0.5553535353535353,0.5701359940234016,0.5364273429358088,0.11044072303229033,0.591327030071818,0.5380954734449515,0.568422473583764,0.2460731357336044,0.5328310010764262,0.5328310010764262
History available,History + Forward GAT,2023-03-20,0.5578947368421053,0.567262205223784,0.5572789516196877,0.6402878648049442,0.4938291139240506,0.5565955839658533,0.557962319273522,0.13495488761103952,0.6408802845217149,0.5155029384345543,0.5860206181564029,0.2448944449424743,0.5637823371989296,0.5637823371989296
History available,History + Forward GAT,2023-03-27,0.5350877192982456,0.5368542994868605,0.5321942268058253,0.6112915405099868,0.5250847457627119,0.5640556640235335,0.500332789588117,0.07312390623068929,0.6355644795642041,0.48545432582937115,0.5622430415176489,0.24679349660873412,0.5750487329434698,0.5750487329434698
History available,History + Reversed GAT,2022-12-19,0.5177358490566037,0.5217164777281575,0.4931724389210543,0.5645577656073084,0.4661971830985915,0.48295746899873376,0.5033874088433749,0.048549598840006855,0.5531666067124771,0.495069399113532,0.5214509618687736,0.2782042413949966,0.5358490566037736,0.5358490566037736
History available,History + Reversed GAT,2022-12-26,0.5278810408921932,0.5278203193153967,0.5116411026893019,0.5566918333735855,0.5291814946619218,0.5205740018983872,0.5027082034802165,0.06018132028160665,0.5485514138223813,0.4995295443695732,0.5237430244956174,0.2610170096158981,0.5223048327137546,0.5223048327137546
History available,History + Reversed GAT,2023-01-02,0.5427561837455831,0.5362372172781095,0.5291034098423023,0.5539988828461121,0.668013468013468,0.6043168961182621,0.45388992356634256,0.07551041705259884,0.5781057743483224,0.5107762222079845,0.5483083624347564,0.26094284057617184,0.5247349823321554,0.5247349823321554
History available,History + Reversed GAT,2023-01-09,0.5114832535885168,0.5079310061094768,0.5020508925374118,0.560383372681131,0.5421965317919075,0.5450745464778742,0.4590272385969493,0.01580136169896083,0.5680456211149417,0.4673572051591453,0.5135503877563614,0.2768970400094986,0.5518341307814992,0.5518341307814992
History available,History + Reversed GAT,2023-01-16,0.5234159779614325,0.5225110623667013,0.5130984274508894,0.5264189890569455,0.6046321525885558,0.5585234950848456,0.46767335981693314,0.04511943569244048,0.5205246157181478,0.5198827399037644,0.5192974733023157,0.25157879441976544,0.5055096418732782,0.5055096418732782
History available,History + Reversed GAT,2023-01-23,0.5280058651026394,0.5248390151515151,0.5111861085043483,0.5395285289392602,0.6230113636363637,0.5696484443516475,0.4527237726570491,0.05180817135493101,0.5325657503058745,0.5239353134522815,0.5251037362258952,0.25841528326272967,0.5161290322580645,0.5161290322580645
History available,History + Reversed GAT,2023-01-30,0.5089855072463768,0.5100287111956824,0.5045796618801155,0.535885759116079,0.4875346260387811,0.5059488391718028,0.5032104845884283,0.02015282038089835,0.550635638526842,0.5014989923072406,0.519193139623976,0.25038297176361085,0.5231884057971015,0.5231884057971015
History available,History + Reversed GAT,2023-02-06,0.5225266362252664,0.5172140461997019,0.5106844147795818,0.5562002065010694,0.5914772727272728,0.5680286331091347,0.4533401964500289,0.03436191018502563,0.568816730233802,0.49287206883719586,0.5301867548435172,0.2610054790973663,0.5357686453576864,0.5357686453576864
History available,History + Reversed GAT,2023-02-13,0.5493116395494368,0.5458074866310161,0.5439134106243383,0.5745685672885252,0.6007058823529412,0.5857204151933055,0.5021064060553712,0.09219723981750362,0.5844441673828373,0.5276434789168767,0.5597231833910035,0.25703186541795725,0.5319148936170213,0.5319148936170213
History available,History + Reversed GAT,2023-02-20,0.5402022756005057,0.5387930040730589,0.5292397897296502,0.5532376897843205,0.5725728155339807,0.5516380440561338,0.5068415354031666,0.07788313598909628,0.5763775604679037,0.5432753950895263,0.5610433691113559,0.24640682935714717,0.5208596713021492,0.5208596713021492
History available,History + Reversed GAT,2023-02-27,0.5410138248847927,0.5380578433250335,0.5359669151411011,0.5575494876629069,0.6022026431718062,0.5778541489501821,0.49407968133201996,0.07672554328505951,0.5731194767149338,0.5221467664566202,0.5547814382089424,0.24774197340011592,0.5230414746543779,0.5230414746543779
History available,History + Reversed GAT,2023-03-06,0.5228480340063761,0.5218109256998146,0.5133029364286643,0.5358355061475648,0.5532921810699588,0.5352837236584095,0.4913221491989191,0.045687132875447525,0.5456619345405774,0.5137302208569352,0.5327160493827161,0.250234343111515,0.5164718384697131,0.5164718384697131
History available,History + Reversed GAT,2023-03-13,0.5302475780409042,0.5311948982916725,0.5252301541959172,0.5647974594737429,0.5167676767676768,0.5336529913112765,0.516807317080558,0.06324696795840272,0.5678922731192231,0.5035533698606427,0.5439945538332636,0.24914694279432292,0.5328310010764262,0.5328310010764262
History available,History + Reversed GAT,2023-03-20,0.5486173059768065,0.5462635254070565,0.5440108193101396,0.6078437109457691,0.5647151898734177,0.5842984881500681,0.5037231504702111,0.09226606519652696,0.6178928046393329,0.5066687109847574,0.5683709326706531,0.2460140228271484,0.5637823371989296,0.5637823371989296
History available,History + Reversed GAT,2023-03-27,0.5270955165692007,0.5266723682164516,0.5199842793945132,0.601102400008416,0.5294915254237288,0.5585714227152548,0.48139713607377166,0.0533504785164635,0.6135302138054979,0.46558575622389026,0.5387513605971078,0.2507621869444847,0.5750487329434698,0.5750487329434698
History available,History + Structural MLP,2022-12-19,0.5930188679245283,0.5940298293828008,0.5921570157541657,0.631850174917079,0.5799295774647887,0.6039648616325268,0.5803491698758048,0.18807539279225408,0.6312099723902077,0.5698546680221238,0.6154750658422077,0.24215259402990336,0.5358490566037736,0.5358490566037736
History available,History + Structural MLP,2022-12-26,0.5416356877323419,0.5412368278937092,0.5380549816415778,0.564729434247074,0.5501779359430605,0.5538596475434,0.5222503157397558,0.08335386181820391,0.599836693770796,0.5178016317088241,0.5610735699350569,0.24645206630229946,0.5223048327137546,0.5223048327137546
History available,History + Structural MLP,2023-01-02,0.5496466431095406,0.5489360770029915,0.5481547423464435,0.572138238433881,0.5632996632996633,0.5668675113621762,0.5294419733307106,0.09816578595427362,0.5911995891706063,0.5389763452776941,0.5691725182431503,0.24645165503025052,0.5247349823321554,0.5247349823321554
History available,History + Structural MLP,2023-01-09,0.5421052631578946,0.5486130253224446,0.5409117800979499,0.6073020775649844,0.48583815028901733,0.5380707400807401,0.5437528201151597,0.09797548562511585,0.6252083557639351,0.507643851235016,0.5653441466274454,0.24727636575698847,0.5518341307814992,0.5518341307814992
History available,History + Structural MLP,2023-01-16,0.5206611570247934,0.5205057949344607,0.5179362283718161,0.5252129540574944,0.5346049046321526,0.5273659992325381,0.5085064575110939,0.04162079938779636,0.5617628541350901,0.5525532048307307,0.5476326914757159,0.24808201044797892,0.5055096418732782,0.5055096418732782
History available,History + Structural MLP,2023-01-23,0.5934017595307919,0.5919981060606061,0.5911574584772465,0.6008899336907589,0.6355113636363636,0.6169447140988218,0.5653702028556713,0.1852021028348656,0.6199001051166353,0.5776746139627023,0.6154808023415977,0.24153366237878796,0.5161290322580645,0.5161290322580645
History available,History + Structural MLP,2023-01-30,0.5414492753623188,0.5416868037956032,0.5406238766813651,0.5651754810984484,0.5365650969529085,0.5496999353009414,0.5315478180617887,0.08354404261125875,0.5783233911963875,0.560713009628081,0.5633679663885357,0.24639097005128857,0.5231884057971015,0.5231884057971015
History available,History + Structural MLP,2023-02-06,0.5546423135464231,0.5564665611028315,0.552731239147924,0.5959512551228774,0.5309659090909091,0.5589893365282987,0.5464731417675492,0.11371392519522061,0.6224940847417952,0.5644914533022274,0.5914428092399404,0.2444133192300796,0.5357686453576864,0.5357686453576864
History available,History + Structural MLP,2023-02-13,0.5692115143929912,0.5681871657754011,0.5677576787331549,0.5971835763297266,0.5842352941176471,0.5902984269932045,0.5452169304731053,0.13637419601475265,0.6085814754292846,0.5688971758169336,0.5960044039005977,0.24348239749670025,0.5319148936170213,0.5319148936170213
History available,History + Structural MLP,2023-02-20,0.556890012642225,0.5554041678407664,0.5546703337568039,0.5724726360728322,0.5910194174757282,0.5808209482899691,0.5285197192236386,0.11141097871803476,0.6011757977890044,0.5468721559689019,0.5830740707533878,0.2448771238327026,0.5208596713021492,0.5208596713021492
History available,History + Structural MLP,2023-02-27,0.569815668202765,0.569942965374875,0.5691157457529659,0.5933166739529603,0.5671806167400881,0.5793437556517851,0.5588877358541465,0.14003436020558538,0.5866403239727743,0.5677753918048001,0.5883674902636787,0.2444873228669166,0.5230414746543779,0.5230414746543779
History available,History + Structural MLP,2023-03-06,0.5513283740701381,0.5497614525392304,0.5486687240011969,0.562001187557126,0.5973251028806584,0.5783534921672814,0.5189839558351124,0.10026407729563877,0.5807407287253511,0.5597840085929404,0.5777492877492877,0.24587845802307123,0.5164718384697131,0.5164718384697131
History available,History + Structural MLP,2023-03-13,0.5608180839612487,0.5598391751617557,0.5576728519942147,0.5914448805609844,0.5747474747474748,0.5809169978488274,0.534428706139602,0.1204247113977291,0.6029329935114451,0.5517800645426247,0.5810622352557837,0.2447006523609161,0.5328310010764262,0.5328310010764262
History available,History + Structural MLP,2023-03-20,0.5700267618198037,0.5741811951541508,0.5681301402754055,0.6408426240586488,0.5416139240506329,0.5853157476838613,0.5509445328669497,0.1481016394085225,0.6409633718661446,0.5328587840135568,0.5935455010224949,0.2440032824873924,0.5637823371989296,0.5637823371989296
History available,History + Structural MLP,2023-03-27,0.5348927875243665,0.5287824599595708,0.5278243273658851,0.6006484267960345,0.5694915254237288,0.584337974338687,0.47131068039308344,0.05729548089075186,0.6380549663693771,0.4825772753398215,0.5567788835328875,0.24662654101848597,0.5750487329434698,0.5750487329434698
History available,History Logistic,2022-12-19,0.6094339622641509,0.6026565899461811,0.6018811848852019,0.6206896551724138,0.6971830985915493,0.6567164179104478,0.5470459518599562,0.20917365436235177,0.6312170737782832,0.566977434843595,0.6152524905530746,0.24085979364611623,0.5358490566037736,0.5358490566037736
History available,History Logistic,2022-12-26,0.5408921933085502,0.5365703366243405,0.5340913473506324,0.5527950310559007,0.6334519572953736,0.5903814262023217,0.4778012684989429,0.0745287545557374,0.5628513980464418,0.4997518596413085,0.5445670686957365,0.2476406623309486,0.5223048327137546,0.5223048327137546
History available,History Logistic,2023-01-02,0.5406360424028268,0.5360044058928817,0.5339085046811853,0.5548961424332344,0.6296296296296297,0.5899053627760252,0.4779116465863454,0.0732668158662122,0.5822974072151414,0.5302321480511883,0.566032067890804,0.2462026144923258,0.5247349823321554,0.5247349823321554
History available,History Logistic,2023-01-09,0.5534290271132376,0.5485775409869789,0.5485775409869789,0.5953757225433526,0.5953757225433526,0.5953757225433526,0.501779359430605,0.0971550819739575,0.6141712428655299,0.4704835001249773,0.5546098780161686,0.2481602952886718,0.5518341307814992,0.5518341307814992
History available,History Logistic,2023-01-16,0.5385674931129476,0.5382230385645868,0.5379284008458298,0.5414507772020726,0.5694822888283378,0.5551128818061088,0.5207439198855508,0.0765953402688897,0.5545173099087959,0.5131140140175316,0.5377600510045312,0.24975460294744528,0.5055096418732782,0.5055096418732782
History available,History Logistic,2023-01-23,0.5835777126099707,0.5803030303030303,0.5774694589877836,0.5825242718446602,0.6818181818181818,0.6282722513089005,0.5266666666666666,0.1641193322553588,0.635153625208206,0.5664278128054006,0.6141615013774104,0.241773867384881,0.5161290322580645,0.5161290322580645
History available,History Logistic,2023-01-30,0.5478260869565217,0.5440224300953953,0.5425647650778541,0.5607940446650124,0.6260387811634349,0.5916230366492147,0.49350649350649356,0.0892199728305806,0.5895822904407392,0.5207893244629466,0.55411344711162,0.2471981663986897,0.5231884057971015,0.5231884057971015
History available,History Logistic,2023-02-06,0.5753424657534246,0.5710786140089419,0.5710133327716579,0.5983827493261455,0.6306818181818182,0.6141078838174274,0.5279187817258884,0.1429947940017896,0.6156842010587736,0.5194694424321873,0.5846544336810731,0.2442894533383079,0.5357686453576864,0.5357686453576864
History available,History Logistic,2023-02-13,0.571964956195244,0.5670053475935829,0.5663397448105123,0.589247311827957,0.6447058823529411,0.6157303370786517,0.5169491525423728,0.1355720041992164,0.625754024950349,0.5089131993023118,0.5835011009751494,0.24551450172178463,0.5319148936170213,0.5319148936170213
History available,History Logistic,2023-02-20,0.5486725663716814,0.5450854317698594,0.5432737329872146,0.5591397849462365,0.6310679611650486,0.5929304446978335,0.4936170212765957,0.0915164500418838,0.6035804840358523,0.5226982441798084,0.5638913082460231,0.24691013389692767,0.5208596713021492,0.5208596713021492
History available,History Logistic,2023-02-27,0.5506912442396313,0.5482453340143438,0.5479166666666666,0.5663900414937759,0.6013215859030837,0.5833333333333334,0.5125,0.0969831394680999,0.5941583831197155,0.525056064943698,0.5778347059950202,0.2453473863528232,0.5230414746543779,0.5230414746543779
History available,History Logistic,2023-03-06,0.5568544102019128,0.5545855379188712,0.5534635854963318,0.5642458100558659,0.6234567901234568,0.592375366568915,0.5145518044237486,0.11021827194917791,0.6018169847018862,0.5451377187872832,0.5876588432143988,0.2446269163548,0.5164718384697131,0.5164718384697131
History available,History Logistic,2023-03-13,0.566200215285253,0.5635409393473909,0.5635787782812287,0.5909090909090909,0.604040404040404,0.5974025974025974,0.5297549591598599,0.1273167807042912,0.6024070696493163,0.5225963939240437,0.5762696085276731,0.2447640219595454,0.5328310010764262,0.5328310010764262
History available,History Logistic,2023-03-20,0.584299732381802,0.5788113820506846,0.5785442282247394,0.6338709677419355,0.6218354430379747,0.6277955271565495,0.5292929292929293,0.1572234059163633,0.6288756975458469,0.4975307680284609,0.5807139991198779,0.2443473576256983,0.5637823371989296,0.5637823371989296
History available,History Logistic,2023-03-27,0.5380116959064327,0.5288602083657286,0.5287284144427001,0.6,0.5898305084745763,0.5948717948717949,0.4625850340136054,0.0575595357277639,0.615679924407432,0.4448645332843818,0.5326621054268388,0.2496672379674587,0.5750487329434698,0.5750487329434698
History available,Persistence,2022-12-19,0.590566037735849,0.5915779228214817,0.5902378195421751,0.6283524904214559,0.5774647887323944,0.6018348623853211,0.5786407766990291,0.18270528671265238,0.5892665324703226,0.5185131708229477,0.5915779228214818,0.40943396226415096,0.5358490566037736,0.5358490566037736
History available,Persistence,2022-12-26,0.5074349442379182,0.5060373596244652,0.5059995911338413,0.527972027972028,0.5373665480427047,0.5326278659611993,0.4793713163064833,0.012086859570830716,0.525350193866777,0.4807484032962458,0.5060373596244652,0.49256505576208176,0.5223048327137546,0.5223048327137546
History available,Persistence,2023-01-02,0.5477031802120141,0.5472945064023131,0.5471377314380728,0.5709342560553633,0.5555555555555556,0.5631399317406144,0.5311355311355311,0.09449443913639123,0.5504012455117153,0.5012468002476765,0.547294506402313,0.45229681978798586,0.5247349823321554,0.5247349823321554
History available,Persistence,2023-01-09,0.5311004784688995,0.5333604179951865,0.5305738907224056,0.5860927152317881,0.5115606936416185,0.5462962962962963,0.5148514851485149,0.06640603295739443,0.569359476006069,0.46583890979470677,0.5333604179951865,0.4688995215311005,0.5518341307814992,0.5518341307814992
History available,Persistence,2023-01-16,0.5137741046831956,0.5134569990816149,0.5131968597267362,0.5182291666666666,0.5422343324250681,0.5299600532623169,0.4964336661911555,0.026957512150977504,0.5124066049083853,0.5014123455234463,0.5134569990816149,0.48622589531680444,0.5055096418732782,0.5055096418732782
History available,Persistence,2023-01-23,0.5718475073313783,0.571780303030303,0.5716670108059743,0.5872093023255814,0.5738636363636364,0.5804597701149425,0.562874251497006,0.14349144641016431,0.5569194145127191,0.5250840144140392,0.571780303030303,0.4281524926686217,0.5161290322580645,0.5161290322580645
History available,Persistence,2023-01-30,0.5362318840579711,0.5350975422879707,0.5351030858374882,0.5564738292011019,0.5595567867036011,0.5580110497237569,0.5121951219512195,0.07021518795474267,0.5418134903611127,0.49567961480903117,0.5350975422879707,0.463768115942029,0.5231884057971015,0.5231884057971015
History available,Persistence,2023-02-06,0.54337899543379,0.5425624068554395,0.5422240802675585,0.5769230769230769,0.5539772727272727,0.5652173913043478,0.5192307692307693,0.08494224483524015,0.5585672651169227,0.48739238095193393,0.5425624068554397,0.45662100456621,0.5357686453576864,0.5357686453576864
History available,Persistence,2023-02-13,0.5707133917396746,0.5700000000000001,0.5697401865432046,0.5995145631067961,0.5811764705882353,0.5902031063321386,0.5492772667542707,0.13978295309897526,0.5712022309440198,0.508301720820276,0.57,0.4292866082603254,0.5319148936170213,0.5319148936170213
History available,Persistence,2023-02-20,0.5537294563843237,0.5527928631810846,0.5528031583077748,0.5710843373493976,0.5752427184466019,0.5731559854897219,0.5324503311258278,0.10562225957799433,0.5497510447322411,0.5085394369216987,0.5527928631810847,0.44627054361567636,0.5208596713021492,0.5208596713021492
History available,Persistence,2023-02-27,0.5518433179723502,0.5509427738406861,0.550936756469917,0.5717439293598234,0.5704845814977973,0.5711135611907387,0.5307599517490953,0.10187497893629711,0.5508254741449294,0.5052088404375533,0.5509427738406861,0.44815668202764974,0.5230414746543779,0.5230414746543779
History available,Persistence,2023-03-06,0.5430393198724761,0.5421222810111699,0.5420831296286237,0.5562248995983936,0.5699588477366255,0.5630081300813008,0.5211581291759465,0.08434302541379604,0.5391294473846194,0.506510840663308,0.5421222810111699,0.4569606801275239,0.5164718384697131,0.5164718384697131
History available,Persistence,2023-03-13,0.5511302475780409,0.5508192524321557,0.5503779609260477,0.5826271186440678,0.5555555555555556,0.5687693898655636,0.531986531986532,0.10143238393116466,0.5604955108362271,0.495254352691317,0.5508192524321557,0.4488697524219591,0.5328310010764262,0.5328310010764262
History available,Persistence,2023-03-20,0.5655664585191793,0.5631228805881288,0.5619396631619828,0.622673434856176,0.5822784810126582,0.6017988552739166,0.5220804710500491,0.1254001623161355,0.5980733560879592,0.471939520648449,0.5631228805881288,0.4344335414808207,0.5637823371989296,0.5637823371989296
History available,Persistence,2023-03-27,0.5419103313840156,0.5370393406935158,0.5359789072573661,0.6086956521739131,0.5694915254237288,0.5884413309982487,0.4835164835164835,0.07345202679601429,0.5942103683018239,0.44472288606779986,0.5370393406935158,0.4580896686159844,0.5750487329434698,0.5750487329434698
History available,Reversed GAT (no history),2022-12-19,0.5160377358490565,0.5089273445551357,0.4979165969920505,0.542757221553231,0.6080985915492958,0.5676288224486796,0.42820437153542124,0.0188415444705058,0.5562203038458056,0.47951930806282145,0.5163675140272529,0.27516700327396393,0.5358490566037736,0.5358490566037736
History available,Reversed GAT (no history),2022-12-26,0.512825278810409,0.5070932052009914,0.4755272658589426,0.5295421383241439,0.6355871886120996,0.5618581657450249,0.38919636597286034,0.009549676414687434,0.541424343388106,0.48742274929248,0.5125621391085201,0.2821830540895462,0.5223048327137546,0.5223048327137546
History available,Reversed GAT (no history),2023-01-02,0.5001766784452297,0.49739964702789974,0.47087796088961476,0.5162381559901607,0.5535353535353535,0.5088929154640067,0.4328630063152227,-0.0017456213412484073,0.5368617409195908,0.47724983284397904,0.4981819433492296,0.29040960073471067,0.5247349823321554,0.5247349823321554
History available,Reversed GAT (no history),2023-01-09,0.508133971291866,0.5044951967580688,0.48431663016771154,0.5610944559208157,0.5395953757225433,0.5302062108913179,0.43842704944410515,0.008848806148528494,0.5730806622943396,0.4527261898097453,0.5069369304507025,0.30025849491357803,0.5518341307814992,0.5518341307814992
History available,Reversed GAT (no history),2023-01-16,0.4940771349862259,0.49426920070131236,0.48364591622046593,0.4976390784999582,0.4768392370572207,0.47580250672749935,0.49148932571343246,-0.011341930872944977,0.5116194530521048,0.5043350447417911,0.5051551008326186,0.2690628945827484,0.5055096418732782,0.5055096418732782
History available,Reversed GAT (no history),2023-01-23,0.5241935483870968,0.5203219696969696,0.5057182943325302,0.5315018154741276,0.6403409090909091,0.5741629337934266,0.4372736548716339,0.04465251482737307,0.5340356885828884,0.5084562888307356,0.5194133092286501,0.2726605758070946,0.5161290322580645,0.5161290322580645
History available,Reversed GAT (no history),2023-01-30,0.5063768115942029,0.5053263056858271,0.4885089723760646,0.533239132388325,0.52797783933518,0.5122279859872036,0.4647899587649256,0.012140408993055704,0.5367356667947873,0.477350191200559,0.501420825299531,0.2643615409731865,0.5231884057971015,0.5231884057971015
History available,Reversed GAT (no history),2023-02-06,0.5060882800608828,0.5032302533532041,0.4910825989502793,0.5373179630541243,0.5431818181818182,0.5299132872605857,0.4522519106399727,0.005677619687393427,0.5446923982113476,0.47646548074004214,0.5102780365126677,0.2666303709149361,0.5357686453576864,0.5357686453576864
History available,Reversed GAT (no history),2023-02-13,0.5028785982478098,0.49959358288770056,0.488512562940835,0.5322824332224434,0.5510588235294118,0.5314912104503262,0.4455339154313438,-0.0008640119779271266,0.5367066999934244,0.4708717007143804,0.5028845548914753,0.2587038964033127,0.5319148936170213,0.5319148936170213
History available,Reversed GAT (no history),2023-02-20,0.5109987357774968,0.5100827420139867,0.5019009108674053,0.532064718751504,0.5320388349514563,0.5226419661279438,0.4811598556068669,0.021661211241036482,0.5330141415282651,0.4919305826668131,0.5115726746420063,0.25964289605617524,0.5208596713021492,0.5208596713021492
History available,Reversed GAT (no history),2023-02-27,0.5160138248847926,0.5122544638106791,0.5001384970806231,0.5370797116621647,0.5938325991189427,0.5537327289164311,0.446544265244815,0.026095069673842192,0.5384007119757711,0.4808635989746685,0.5096237949307285,0.2709725797176361,0.5230414746543779,0.5230414746543779
History available,Reversed GAT (no history),2023-03-06,0.4994686503719447,0.4987776421109754,0.49403307412630815,0.5146658921689964,0.519753086419753,0.5129237009726435,0.47514244727997273,-0.0023298621336578103,0.5188062127104965,0.49565272001889316,0.5059406231628454,0.2620510205626488,0.5164718384697131,0.5164718384697131
History available,Reversed GAT (no history),2023-03-13,0.508719052744887,0.5037380719638784,0.48954362255996176,0.5373666626988386,0.5795959595959597,0.5464450948144288,0.4326421503054945,0.008085932156518798,0.5375708635585167,0.4771107451452101,0.504388353581902,0.26655068844556806,0.5328310010764262,0.5328310010764262
History available,Reversed GAT (no history),2023-03-20,0.5150758251561106,0.5106633920944319,0.5026917611939472,0.5747795685163615,0.545253164556962,0.5521499959967864,0.4532335263911079,0.02208485023667584,0.5745950790510524,0.4500923198043797,0.5113281755584893,0.2531581461429596,0.5637823371989296,0.5637823371989296
History available,Reversed GAT (no history),2023-03-27,0.5165692007797271,0.5096773441144457,0.5065949297876362,0.5843513906633397,0.5555932203389831,0.5671663810834399,0.44602347849183266,0.019424156467494597,0.5822619211212106,0.43770500993986927,0.5062812937334785,0.25805305540561674,0.5750487329434698,0.5750487329434698
