Model,Week_Start,accuracy,balanced_accuracy,macro_F1,class_0_precision,class_0_recall,class_0_F1,class_1_F1,MCC,class_0_PR_AUC,class_1_PR_AUC,ROC_AUC,Brier_score,no_skill_class_0_PR_AUC
Majority,2022-12-19,0.5225375626043406,0.5,0.3432017543859649,0.5225375626043406,1.0,0.6864035087719298,0.0,0.0,0.5225375626043406,0.4774624373956594,0.5,0.2495065777513923,0.5225375626043406
Persistence,2022-12-19,0.5709515859766278,0.5687962197546862,0.5686239894638028,0.5848484848484848,0.6166134185303515,0.6003110419906688,0.5369369369369369,0.138170918991603,0.5837537444161205,0.528714401558446,0.5897249715141089,0.3914527495069875,0.5225375626043406
Logistic Regression,2022-12-19,0.5175292153589316,0.5318539288187851,0.4719408220849538,0.6090909090909091,0.2140575079872204,0.3167848699763593,0.6270967741935484,0.0821859186827516,0.5539838539729822,0.4984080043995258,0.5219117942760115,0.250261319457862,0.5225375626043406
Majority,2022-12-26,0.5195911413969335,0.5,0.3419282511210762,0.5195911413969335,1.0,0.6838565022421524,0.0,0.0,0.5195911413969335,0.4804088586030664,0.5,0.2496193281436438,0.5195911413969335
Persistence,2022-12-26,0.5059625212947189,0.503197302639228,0.5019019194756554,0.5223880597014925,0.5737704918032787,0.546875,0.4569288389513108,0.0064545436442051,0.5239604525843062,0.4827233698598845,0.5063074061155679,0.4723913574178159,0.5195911413969335
Logistic Regression,2022-12-26,0.4957410562180579,0.5053947215440064,0.4684532550171316,0.5302013422818792,0.2590163934426229,0.3480176211453744,0.5888888888888889,0.0123863490091871,0.5578794259810019,0.4586360667418915,0.4988082781071968,0.2479879406579361,0.5195911413969335
Majority,2023-01-02,0.5376,0.5,0.3496357960457856,0.5376,1.0,0.6992715920915713,0.0,0.0,0.5376,0.4624,0.5,0.2488450953469961,0.5376
Persistence,2023-01-02,0.5584,0.5544364804745427,0.5544293596181266,0.5862068965517241,0.6071428571428571,0.5964912280701754,0.5123674911660777,0.1092720492802627,0.5596113726626553,0.4950226839004873,0.5465274345032132,0.4325897461927816,0.5376
Logistic Regression,2023-01-02,0.5104,0.5274602488054045,0.4926194367213532,0.5872093023255814,0.3005952380952381,0.3976377952755905,0.5876010781671159,0.0613111834551816,0.5866636384423111,0.4700462599554064,0.5263377409787444,0.2481156347617844,0.5376
Majority,2023-01-09,0.5479651162790697,0.5,0.3539906103286385,0.5479651162790697,1.0,0.707981220657277,0.0,0.0,0.5479651162790697,0.4520348837209302,0.5,0.2484103521318102,0.5479651162790697
Persistence,2023-01-09,0.5290697674418605,0.5266659274864176,0.5263640999490056,0.5730027548209367,0.5517241379310345,0.5621621621621622,0.490566037735849,0.0531670502592623,0.5679246701502343,0.4689399325219906,0.5327854870487092,0.4495005462309204,0.5479651162790697
Logistic Regression,2023-01-09,0.4927325581395348,0.5146187109265056,0.4759839813188132,0.574468085106383,0.2864721485411141,0.3823008849557522,0.5696670776818742,0.0326532201846438,0.5750865498583986,0.4608388865678329,0.50936910965739,0.2485046489126746,0.5479651162790697
Majority,2023-01-16,0.488257107540173,0.5,0.3280730897009967,0.488257107540173,1.0,0.6561461794019934,0.0,0.0,0.488257107540173,0.511742892459827,0.5,0.2510695102170249,0.488257107540173
Persistence,2023-01-16,0.4956736711990111,0.4974866996881306,0.493499797444113,0.4860813704496788,0.5746835443037974,0.5266821345707656,0.4603174603174603,-0.0050862957102099,0.5032027255848273,0.5140918961647072,0.5151134348437596,0.4628121835955585,0.488257107540173
Logistic Regression,2023-01-16,0.5278121137206427,0.5230202409343851,0.5046324792900926,0.5271966527196653,0.3189873417721519,0.3974763406940063,0.6117886178861789,0.0504431501768564,0.5388747063258428,0.5573900665392453,0.5427077600440285,0.2483137371044539,0.488257107540173
Majority,2023-01-23,0.5194109772423026,0.5,0.3418502202643171,0.5194109772423026,1.0,0.6837004405286343,0.0,0.0,0.5194109772423026,0.4805890227576974,0.5,0.2496612880221082,0.5194109772423026
Persistence,2023-01-23,0.570281124497992,0.5685394710392557,0.5683472274976643,0.5819070904645477,0.6134020618556701,0.5972396486825596,0.539454806312769,0.1375985403775144,0.5605066518372076,0.5248664991204895,0.5712172989116389,0.4124678269595418,0.5194109772423026
Logistic Regression,2023-01-23,0.5261044176706827,0.536111190879591,0.4979152426520847,0.5934065934065934,0.2783505154639175,0.3789473684210526,0.6168831168831169,0.0840572109263508,0.565448728158065,0.5081212260197064,0.5398048703443127,0.2486776426840304,0.5194109772423026
Majority,2023-01-30,0.5221476510067115,0.5,0.3430335097001764,0.5221476510067115,1.0,0.6860670194003528,0.0,0.0,0.5221476510067115,0.4778523489932886,0.5,0.2495098491638916,0.5221476510067115
Persistence,2023-01-30,0.5342281879194631,0.5315848762311891,0.5309798414676848,0.5502392344497608,0.5912596401028277,0.5700123915737298,0.4919472913616398,0.0635838700003015,0.5419945721678227,0.4972721272654861,0.5350004332630485,0.4479919198357671,0.5221476510067115
Logistic Regression,2023-01-30,0.4496644295302013,0.4584717368071402,0.4315474861166942,0.452914798206278,0.2596401028277635,0.3300653594771242,0.5330296127562643,-0.0905911724838837,0.520992583289517,0.4720084101402313,0.4767662690274689,0.2498515959998108,0.5221476510067115
Majority,2023-02-06,0.532520325203252,0.5,0.3474801061007957,0.532520325203252,1.0,0.6949602122015915,0.0,0.0,0.532520325203252,0.4674796747967479,0.5,0.2490672544851134,0.532520325203252
Persistence,2023-02-06,0.5392953929539296,0.5350370616218608,0.5346162977031278,0.5632458233890215,0.6005089058524173,0.5812807881773399,0.4879518072289157,0.070576666595056,0.5577576840098231,0.4907802491954318,0.5421801821735444,0.4339641817545629,0.532520325203252
Logistic Regression,2023-02-06,0.497289972899729,0.5124128775307003,0.4765206917319109,0.5555555555555556,0.2798982188295165,0.3722504230118443,0.5807909604519774,0.0279562434570397,0.5555235296976406,0.4724178556535105,0.5124239407014051,0.2497274805643565,0.532520325203252
Majority,2023-02-13,0.5301478953356087,0.5,0.3464684014869889,0.5301478953356087,1.0,0.6929368029739778,0.0,0.0,0.5301478953356087,0.4698521046643913,0.5,0.2491673812901038,0.5301478953356087
Persistence,2023-02-13,0.565415244596132,0.5620395099190473,0.5618763048016702,0.5853658536585366,0.6180257510729614,0.6012526096033403,0.5225,0.12474648129532,0.5717734387491781,0.5111557362568868,0.5694904862359579,0.4129622947462092,0.5301478953356087
Logistic Regression,2023-02-13,0.4812286689419795,0.4946196053164846,0.4613159875282228,0.5204918032786885,0.2725321888412017,0.3577464788732394,0.5648854961832062,-0.0119930691817223,0.5229408638446816,0.4941846709468936,0.5051673611904935,0.2518072328313657,0.5301478953356087
Majority,2023-02-20,0.5242937853107345,0.5,0.3439584877687175,0.5242937853107345,1.0,0.6879169755374351,0.0,0.0,0.5242937853107345,0.4757062146892655,0.5,0.2494139529068346,0.5242937853107345
Persistence,2023-02-20,0.5536723163841808,0.5501397534605619,0.549215261237864,0.5677799607072691,0.6228448275862069,0.5940390544707091,0.5043914680050188,0.1013116560445672,0.5530667205559563,0.5079336530090663,0.5519263453190268,0.4252248410511179,0.5242937853107345
Logistic Regression,2023-02-20,0.4926553672316384,0.5053776926857236,0.462384576357179,0.5355450236966824,0.2435344827586207,0.3348148148148148,0.5899543378995433,0.0126053479537108,0.5410076775861016,0.492985955600285,0.5167166639364402,0.2504405135567457,0.5242937853107345
Majority,2023-02-27,0.5239583333333333,0.5,0.3438140806561859,0.5239583333333333,1.0,0.6876281613123718,0.0,0.0,0.5239583333333333,0.4760416666666666,0.5,0.2494270886714152,0.5239583333333333
Persistence,2023-02-27,0.55,0.5468632406871681,0.5461867077526437,0.5651376146788991,0.6123260437375746,0.5877862595419847,0.5045871559633027,0.0944891857164306,0.552575140802108,0.506092580478193,0.5504108826254726,0.4290737713923092,0.5239583333333333
Logistic Regression,2023-02-27,0.484375,0.4953452153599192,0.4617072444100585,0.5153846153846153,0.2664015904572565,0.3512450851900393,0.5721694036300777,-0.0104625124258583,0.5233853755242245,0.4764814677349614,0.4956018810550264,0.2505020671040147,0.5239583333333333
Majority,2023-03-06,0.5154142581888247,0.5,0.3401144310235219,0.5154142581888247,1.0,0.6802288620470439,0.0,0.0,0.5154142581888247,0.4845857418111753,0.5,0.2498202567608079,0.5154142581888247
Persistence,2023-03-06,0.5394990366088632,0.5372772709537169,0.5358528690901607,0.5478991596638656,0.6093457943925233,0.5769911504424778,0.4947145877378435,0.0753311580216971,0.5395195064929884,0.5084748000209705,0.5418609836309247,0.4376477690612577,0.5154142581888247
Logistic Regression,2023-03-06,0.5115606936416185,0.5192712881588971,0.4832398038089346,0.5538461538461539,0.2691588785046729,0.3622641509433962,0.6042154566744731,0.0444554644670552,0.5208418550441568,0.4947437664820346,0.5096505081659575,0.2511225261374403,0.5154142581888247
Majority,2023-03-13,0.5331325301204819,0.5,0.3477406679764244,0.5331325301204819,1.0,0.6954813359528488,0.0,0.0,0.5331325301204819,0.466867469879518,0.5,0.2490030272961921,0.5331325301204819
Persistence,2023-03-13,0.5502008032128514,0.5476824008261952,0.5477040971476068,0.5769944341372912,0.5856873822975518,0.5813084112149532,0.5140997830802603,0.0954793303046912,0.5617390091950416,0.496206343394438,0.5505842091407974,0.4354119128267379,0.5331325301204819
Logistic Regression,2023-03-13,0.4859437751004016,0.5003827227993439,0.4677799114970359,0.5338078291814946,0.2824858757062147,0.3694581280788177,0.5661016949152542,0.0008485586918593,0.5331659715493121,0.4659917016341883,0.49266549217342,0.2505588491929643,0.5331325301204819
Majority,2023-03-20,0.5560897435897436,0.5,0.3573635427394439,0.5560897435897436,1.0,0.7147270854788877,0.0,0.0,0.5560897435897436,0.4439102564102564,0.5,0.2479821367073611,0.5560897435897436
Persistence,2023-03-20,0.5576923076923077,0.5498704730594367,0.5499200317782215,0.5988857938718662,0.6195965417867435,0.6090651558073654,0.4907749077490775,0.1002554392682565,0.595219647773517,0.4787747479231288,0.5629974302687294,0.4157706758477084,0.5560897435897436
Logistic Regression,2023-03-20,0.4879807692307692,0.5155926507766414,0.4691585251474592,0.5862068965517241,0.2694524495677233,0.3692003948667324,0.5691166554281861,0.0355206878320424,0.5929545537652628,0.462939170921694,0.5266284501503345,0.2487278684102481,0.5560897435897436
Majority,2023-03-27,0.5652920962199313,0.5,0.3611416026344676,0.5652920962199313,1.0,0.7222832052689352,0.0,0.0,0.5652920962199313,0.4347079037800687,0.5,0.2475058844211035,0.5652920962199313
Persistence,2023-03-27,0.5360824742268041,0.5243821858067926,0.5241930600133229,0.5855072463768116,0.6139817629179332,0.599406528189911,0.4489795918367347,0.0492013615546989,0.5895447178175084,0.4529180760837311,0.5376455182190613,0.4335231590279594,0.5652920962199313
Logistic Regression,2023-03-27,0.506872852233677,0.541459927676394,0.4875550306023837,0.65,0.2765957446808511,0.3880597014925373,0.5870503597122302,0.0961704377500784,0.6048372233006537,0.441953520617578,0.5296502757187308,0.2494637136960038,0.5652920962199313
MLP,2022-12-19,0.5058430717863105,0.5090143881677427,0.4740493270581142,0.5426612588049563,0.4386581469648562,0.45480372531802304,0.49329492879820547,0.017717240367783865,0.5399224437281502,0.49146280919623314,0.513304586787015,0.2506805509328842,0.5225375626043406
GRU,2022-12-19,0.5111853088480801,0.5042633883688197,0.44341294666598785,0.4740766430031938,0.6578274760383387,0.5431775132447928,0.34364838008718285,0.009232764247823233,0.5478385894207987,0.49273159031407276,0.5167497039701512,0.24996067732572555,0.5225375626043406
MLP,2022-12-26,0.5211243611584326,0.5300482502034647,0.4872328750966883,0.5974648837924664,0.3022950819672131,0.3777664660354717,0.5966992841579047,0.07549743796091316,0.582680737965483,0.49923361796253374,0.5346610859202418,0.24735289365053176,0.5195911413969335
GRU,2022-12-26,0.5105621805792163,0.5075566794558772,0.4170758170917758,0.5389785431870378,0.5842622950819673,0.4894241907157733,0.3447274434677784,0.009467997897165507,0.555315335814934,0.4715698858292797,0.5085170329031508,0.25020559728145597,0.5195911413969335
MLP,2023-01-02,0.50576,0.5210876997857967,0.48753928740745184,0.577039711237582,0.31726190476190474,0.40129139931903657,0.5737871754958671,0.0476469836434796,0.5865261820301908,0.47429698036616985,0.5293185656615588,0.24874183982610704,0.5376
GRU,2023-01-02,0.51328,0.5014124031965728,0.4265586639518889,0.5382772794684342,0.6592261904761905,0.5549325163506591,0.2981848115531188,0.005175136176809704,0.5601464715011054,0.4631142590245198,0.5095773603559071,0.2494197219610214,0.5376
MLP,2023-01-09,0.5039244186046512,0.5018077221592023,0.40592276347780587,0.5598254084626457,0.5238726790450928,0.4606396845909675,0.35120584236464414,0.0012300148335419952,0.5744081859534713,0.4596905111519294,0.508140080343207,0.24876461327075958,0.5479651162790697
GRU,2023-01-09,0.49883720930232556,0.501303231639189,0.40969235244174734,0.5001077621061616,0.47559681697612727,0.42223769151688695,0.39714701336660774,0.002661168850821858,0.563436384059669,0.45294034963897767,0.5032452855936612,0.2513169750571251,0.5479651162790697
MLP,2023-01-16,0.5159456118665019,0.5173457469577448,0.45764132772283983,0.5121172188823909,0.5769620253164557,0.5056397536991244,0.4096429017465552,0.041336566479390456,0.5274249657773553,0.5360478702783724,0.5279835504188833,0.2496944010257721,0.48825710754017304
GRU,2023-01-16,0.5288009888751545,0.5263856784687825,0.5208871692527841,0.5219989854554246,0.4235443037974684,0.4655165022176261,0.5762578362879421,0.05424012149560735,0.5302550684078229,0.5459122385716842,0.5372552436861737,0.24891833811998368,0.48825710754017304
MLP,2023-01-23,0.513520749665328,0.5192196967521465,0.4880289924109834,0.5580356543555376,0.37242268041237114,0.42257483715009936,0.5534831476718675,0.04548178731492832,0.5593776303579238,0.5130886972813428,0.5390212646813888,0.24920540302991867,0.5194109772423026
GRU,2023-01-23,0.5161981258366801,0.5121575539155157,0.4507571689965695,0.5367418992037492,0.6162371134020619,0.5402611658642664,0.36125317212887254,0.03341598277417962,0.5520934659199065,0.5013649936383571,0.5278687936134164,0.24925729930400847,0.5194109772423026
MLP,2023-01-30,0.46993288590604027,0.4739009560671269,0.4381439634142323,0.47967329013337656,0.384318766066838,0.40396123392210653,0.4723266929063582,-0.05690708308343283,0.5225756555761099,0.4791948836643142,0.48333742526212414,0.24985411465168,0.5221476510067115
GRU,2023-01-30,0.49651006711409396,0.4933934606163889,0.44381600547587385,0.5116997948177229,0.5637532133676093,0.5034268780968654,0.38420513285488245,-0.009897462893285273,0.524950493938806,0.47781512143088795,0.4940603246584443,0.2506085395812988,0.5221476510067115
MLP,2023-02-06,0.5025745257452574,0.49854076778404693,0.35571279153805513,0.5061218488716388,0.5605597964376591,0.4102665804174649,0.30115900265864537,-0.004893619085696023,0.538464859029527,0.46578026843821396,0.4981649887524431,0.25032253861427306,0.532520325203252
GRU,2023-02-06,0.5017615176151761,0.49905188627060515,0.4355402497918173,0.532885467787647,0.5407124681933843,0.47986825107266445,0.39121224851097014,-0.004788537361181939,0.5496477079193222,0.47115246651328413,0.5055990706936608,0.25018228590488434,0.532520325203252
MLP,2023-02-13,0.47451649601820256,0.48676074779951983,0.44611018236997885,0.49855418527762474,0.2836909871244635,0.34553974945351407,0.5466806152864437,-0.03238526692145756,0.5173321633379538,0.4819941175310805,0.4948755053050536,0.2514125436544418,0.5301478953356087
GRU,2023-02-13,0.49886234357224124,0.5006481933720603,0.42265345734337056,0.47876719722472477,0.47103004291845496,0.4209387675176738,0.4243681471690673,0.0016988365445953484,0.5238530704617071,0.4818612420506173,0.4999064731006245,0.25172832757234576,0.5301478953356087
MLP,2023-02-20,0.5061016949152543,0.5118723892210665,0.48750268781056894,0.5416600237067127,0.3931034482758621,0.43804692379947274,0.5369584518216651,0.0255611493926023,0.5413018829503532,0.49495384038012097,0.515116921942829,0.2501881182193756,0.5242937853107345
GRU,2023-02-20,0.503954802259887,0.5029240724056024,0.44260043469728655,0.4749026895812524,0.5241379310344827,0.4732295425541541,0.4119713268404189,0.004709960559743402,0.5303827908860175,0.48142056987323195,0.5059372184454091,0.2505783632397652,0.5242937853107345
MLP,2023-02-27,0.5063541666666667,0.4986594655263169,0.4027286951161463,0.5195451410543404,0.659244532803181,0.5254119631479435,0.2800454270843491,0.0015176818682293917,0.519507548360324,0.4780086523696815,0.49570998516559284,0.2501947909593582,0.5239583333333333
GRU,2023-02-27,0.5006250000000001,0.4968243058063001,0.44811350084588614,0.5210678944115508,0.5761431411530815,0.5150399698995501,0.38118703179222213,-0.0040771947406578295,0.5255958745334998,0.47914441353039045,0.49845000021751334,0.25040091574192047,0.5239583333333333
MLP,2023-03-06,0.516281310211946,0.5183391241337024,0.5124525461289264,0.5380334497295314,0.45158878504672895,0.48733761688973304,0.5375674753681199,0.03763375560115851,0.5223481797833297,0.4985483098082758,0.5132572787573624,0.2508683443069458,0.5154142581888247
GRU,2023-03-06,0.5090558766859345,0.5076851043273072,0.4509918480490548,0.5737528303411858,0.5521495327102804,0.4894589646587729,0.41252473143933666,0.018666447103331322,0.5232739267394845,0.4829291784276818,0.5046478140502778,0.25081127136945724,0.5154142581888247
MLP,2023-03-13,0.488855421686747,0.4990638478828747,0.4679744462453733,0.5345041168169284,0.3450094161958569,0.39953519763664247,0.5364136948541043,-0.0011188673168529846,0.5327184093489497,0.4691868457364817,0.49457930866897515,0.2504668265581131,0.5331325301204819
GRU,2023-03-13,0.5003012048192771,0.5077401129943503,0.48183286302521805,0.5456723666297535,0.3954802259887006,0.43475291043367753,0.5289128156167585,0.017031271808404507,0.536046974673732,0.4736746712239703,0.5028825709252172,0.2503487795591354,0.5331325301204819
MLP,2023-03-20,0.49655448717948725,0.5038751443523133,0.42745746187998995,0.5801835271146525,0.4386167146974064,0.42383424120796753,0.4310806825520124,0.012494610470941364,0.5789386441053413,0.46169788386836264,0.5139597790239183,0.24933307319879533,0.5560897435897436
GRU,2023-03-20,0.49375,0.503119570532361,0.4588012728465629,0.5660241967852451,0.4195965417867435,0.4469408285273177,0.4706617171658081,0.00878817593704414,0.5697778927211832,0.45064323703108455,0.5072385532516984,0.2495285838842392,0.5560897435897436
MLP,2023-03-27,0.5135738831615121,0.5088560375794418,0.4446613859523539,0.5953553338096695,0.544984802431611,0.5033055497210599,0.38601722218364776,0.023982587033844795,0.5975211578396018,0.44531299824168824,0.5170459050662566,0.24906184375286103,0.5652920962199313
GRU,2023-03-27,0.5132302405498281,0.5178195994569723,0.47785328590595555,0.595542861894032,0.48267477203647413,0.49706455408949246,0.4586420177224186,0.039538575591143016,0.6035372438205149,0.4448497899137914,0.5250075086800341,0.2486862286925316,0.5652920962199313
