Week_Start,Model,Seed,Test_Users,GRU_Empty_Sequence_Users,accuracy,balanced_accuracy,macro_F1,class_0_precision,class_0_recall,class_0_F1,class_1_F1,MCC,class_0_PR_AUC,class_1_PR_AUC,ROC_AUC,Brier_score,no_skill_class_0_PR_AUC
2022-12-19,MLP,42,599,0,0.5392320534223706,0.5366350901494671,0.5361279461279461,0.5552238805970149,0.5942492012779552,0.5740740740740741,0.49818181818181817,0.07371537490131919,0.5428590752316781,0.5156248503353256,0.5357693424786076,0.2507004737854004,0.5225375626043406
2022-12-19,MLP,43,599,0,0.5025041736227045,0.5093333184387497,0.4941451857897481,0.5358851674641149,0.35782747603833864,0.42911877394636017,0.5591715976331361,0.01956211546475185,0.5562344230521338,0.5083697697797704,0.5361826671730825,0.2504982054233551,0.5225375626043406
2022-12-19,MLP,44,599,0,0.5141903171953256,0.49261601018789514,0.35153143031461936,0.5187713310580204,0.9712460063897763,0.6763070077864294,0.026755852842809364,-0.05062392168722846,0.539902192578229,0.4757503453377692,0.5131872919412855,0.25044459104537964,0.5225375626043406
2022-12-19,MLP,45,599,0,0.5141903171953256,0.5248888491699993,0.4909452509659275,0.569620253164557,0.28753993610223644,0.3821656050955414,0.5997248968363136,0.056421179195879835,0.5558781868705147,0.5058420092036595,0.5345684666770929,0.25001198053359985,0.5225375626043406
2022-12-19,MLP,46,599,0,0.5025041736227045,0.5186833932840322,0.43937814070351755,0.5882352941176471,0.1597444089456869,0.25125628140703515,0.6275,0.053487206255414844,0.5332816767483832,0.4814747471879456,0.49256015549945253,0.2506275773048401,0.5225375626043406
2022-12-19,MLP,47,599,0,0.4707846410684474,0.4676713063294533,0.46644843137530384,0.49411764705882355,0.536741214057508,0.5145482388973966,0.41834862385321103,-0.06519045264587152,0.4965028017593698,0.4446062890078944,0.45744989834446703,0.25091689825057983,0.5225375626043406
2022-12-19,MLP,48,599,0,0.5158597662771286,0.5210572175428405,0.5117433441266415,0.5497835497835498,0.4057507987220447,0.46691176470588236,0.5565749235474006,0.04321716414013509,0.5553137731438003,0.523500224310063,0.5392881878504882,0.2507091760635376,0.5225375626043406
2022-12-19,MLP,49,599,0,0.5125208681135225,0.5217833284925937,0.49582612706099394,0.559322033898305,0.31629392971246006,0.40408163265306124,0.5875706214689266,0.04769430921531802,0.5409389979220881,0.47349818585585757,0.5066355369869747,0.2509406507015228,0.5225375626043406
2022-12-19,MLP,50,599,0,0.48747913188647746,0.4863602850823298,0.48635679311317614,0.5095541401273885,0.5111821086261981,0.5103668261562998,0.46234676007005254,-0.027283697151787085,0.5221539253307015,0.46906775825346136,0.47904332089635604,0.25126734375953674,0.5225375626043406
2022-12-19,MLP,51,599,0,0.4991652754590985,0.511115083000067,0.4679906210032685,0.5460992907801419,0.24600638977635783,0.3392070484581498,0.5967741935483871,0.026173125989906874,0.5561593846446032,0.5168939126905845,0.5383610000223419,0.2506886124610901,0.5225375626043406
2022-12-19,GRU,42,599,27,0.5275459098497496,0.5274134810876026,0.5272085791183811,0.5496688741721855,0.5303514376996805,0.5398373983739837,0.5145797598627787,0.05477314428525305,0.5477264250265357,0.4996692840146827,0.5224647556915928,0.2492712140083313,0.5225375626043406
2022-12-19,GRU,43,599,27,0.5258764607679466,0.5223474608458634,0.5209079644023882,0.5417867435158501,0.6006389776357828,0.5696969696969697,0.4721189591078067,0.04522185345114892,0.5639618551772936,0.527138837100134,0.5380984829866619,0.2490171492099762,0.5225375626043406
2022-12-19,GRU,44,599,27,0.4774624373956594,0.5,0.3231638418079096,0.0,0.0,0.0,0.6463276836158192,0.0,0.5508985645556943,0.4846584144632191,0.5182253848388034,0.2545296251773834,0.5225375626043406
2022-12-19,GRU,45,599,27,0.5175292153589316,0.510740856587502,0.5025331551647341,0.5307692307692308,0.6613418530351438,0.5889046941678521,0.4161616161616162,0.02251223700701245,0.5459005256742637,0.48997227331262805,0.5249614602649747,0.24927033483982086,0.5225375626043406
2022-12-19,GRU,46,599,27,0.5225375626043406,0.5,0.3432017543859649,0.5225375626043406,1.0,0.6864035087719298,0.0,0.0,0.5612798768586518,0.5015908013694637,0.5285082329810764,0.24880629777908325,0.5225375626043406
2022-12-19,GRU,47,599,27,0.5125208681135225,0.5027815634844389,0.4830590627512177,0.5244755244755245,0.7188498402555911,0.6064690026954178,0.35964912280701755,0.00616340988614819,0.5481456345765607,0.4947187125173816,0.5134330525704328,0.24947786331176758,0.5225375626043406
2022-12-19,GRU,48,599,27,0.5225375626043406,0.5048258450814361,0.4227964959568733,0.525233644859813,0.8977635782747604,0.6627358490566038,0.18285714285714286,0.015606002751084931,0.5647676252892854,0.5102912387904135,0.5380035300163096,0.24895302951335907,0.5225375626043406
2022-12-19,GRU,49,599,27,0.5225375626043406,0.5,0.3432017543859649,0.5225375626043406,1.0,0.6864035087719298,0.0,0.0,0.5605827932724048,0.49073644991672605,0.523347259768985,0.2494027465581894,0.5225375626043406
2022-12-19,GRU,50,599,27,0.49081803005008345,0.48744386603811524,0.48599892526664357,0.5116279069767442,0.5623003194888179,0.5357686453576864,0.43622920517560076,-0.025368326001538082,0.5014956404125992,0.45128497057672534,0.46772716101789585,0.25091564655303955,0.5225375626043406
2022-12-19,GRU,51,599,27,0.49248747913188645,0.4870808105632387,0.48205793341980113,0.5121293800539084,0.6070287539936102,0.5555555555555556,0.4085603112840467,-0.026580678900877137,0.5336269533646978,0.47725492107935363,0.49272771956478023,0.24996286630630493,0.5225375626043406
2022-12-26,MLP,42,587,0,0.5502555366269165,0.5550459248924544,0.5456656346749227,0.5919282511210763,0.43278688524590164,0.5,0.5913312693498453,0.11332520657098508,0.5902941292517248,0.5075919123335779,0.5430647599116382,0.24713134765625,0.5195911413969335
2022-12-26,MLP,43,587,0,0.5400340715502555,0.5468143239158237,0.5292115206387681,0.5906735751295337,0.3737704918032787,0.4578313253012048,0.6005917159763313,0.09957640888029194,0.5925454309969561,0.49004461943858285,0.5412917102662481,0.2472001016139984,0.5195911413969335
2022-12-26,MLP,44,587,0,0.49233390119250425,0.4906173700732473,0.4903088578088578,0.5109717868338558,0.5344262295081967,0.5224358974358975,0.4581818181818182,-0.01882202379017269,0.5369963834043414,0.44965215449119195,0.4725438902453203,0.2481241375207901,0.5195911413969335
2022-12-26,MLP,45,587,0,0.5400340715502555,0.5498895477270085,0.5143468242100361,0.6190476190476191,0.2983606557377049,0.4026548672566372,0.6260387811634349,0.11506123488579569,0.6058806311126352,0.5399387201209533,0.5697883966980584,0.24710525572299957,0.5195911413969335
2022-12-26,MLP,46,587,0,0.524701873935264,0.5380769677944426,0.47037593984962406,0.6382978723404256,0.19672131147540983,0.3007518796992481,0.64,0.10374792985244827,0.5807984130911779,0.4974385600181743,0.5361992791535868,0.24720701575279236,0.5195911413969335
2022-12-26,MLP,47,587,0,0.5127768313458262,0.5290082548540868,0.42349798082470264,0.6862745098039216,0.11475409836065574,0.19662921348314608,0.6503667481662592,0.10291023949339541,0.590622829442915,0.48613483790016576,0.5363562376467852,0.247675359249115,0.5195911413969335
2022-12-26,MLP,48,587,0,0.5127768313458262,0.526200441809092,0.45642516707247577,0.6021505376344086,0.18360655737704917,0.2814070351758794,0.6314432989690721,0.07169818064446373,0.588843316860342,0.518185767478439,0.5478025810952215,0.24731123447418213,0.5195911413969335
2022-12-26,MLP,49,587,0,0.5076660988074957,0.5091152191605628,0.5075231733479646,0.5294117647058824,0.4721311475409836,0.49913344887348354,0.5159128978224455,0.018265512218269706,0.5752944067890178,0.4987919011181271,0.5241251017323567,0.2474919706583023,0.5195911413969335
2022-12-26,MLP,50,587,0,0.5025553662691652,0.5140913847227067,0.46208982952976324,0.5537190082644629,0.21967213114754097,0.3145539906103286,0.6096256684491979,0.034807473258663964,0.5635380300296979,0.4822230568938042,0.5149226834089059,0.24755261838436127,0.5195911413969335
2022-12-26,MLP,51,587,0,0.5281090289608177,0.5416230670852227,0.4728838230097676,0.6521739130434783,0.19672131147540983,0.3022670025188917,0.6435006435006435,0.11440421759499045,0.601993808676023,0.5223346498323215,0.5605162190442972,0.24672989547252655,0.5195911413969335
2022-12-26,GRU,42,587,27,0.5638841567291312,0.5640158121148704,0.5637309550353029,0.5836177474402731,0.5606557377049181,0.5719063545150501,0.5555555555555556,0.12793349176460123,0.5900133610191629,0.5193917570664877,0.5685617951401,0.24737967550754547,0.5195911413969335
2022-12-26,GRU,43,587,27,0.4855195911413969,0.4990349959307057,0.424599465087897,0.5164835164835165,0.1540983606557377,0.23737373737373738,0.6118251928020566,-0.002664232242369617,0.5054819088872304,0.42474487898465846,0.44361702127659575,0.25508520007133484,0.5195911413969335
2022-12-26,GRU,44,587,27,0.5195911413969335,0.5,0.3419282511210762,0.5195911413969335,1.0,0.6838565022421524,0.0,0.0,0.5671730180745227,0.4729163554565282,0.5129694221602139,0.2501828074455261,0.5195911413969335
2022-12-26,GRU,45,587,27,0.4838160136286201,0.480816184164632,0.4790749576051524,0.5029585798816568,0.5573770491803278,0.5287713841368584,0.4293785310734463,-0.03878657597311986,0.5469166060836772,0.45068952829450093,0.48538542029996506,0.24982810020446777,0.5195911413969335
2022-12-26,GRU,46,587,27,0.514480408858603,0.49534937797930473,0.3459034660723711,0.5172413793103449,0.9836065573770492,0.6779661016949152,0.01384083044982699,-0.042810716492245444,0.5512360888584547,0.4883874807610239,0.5310719683757702,0.250605970621109,0.5195911413969335
2022-12-26,GRU,47,587,27,0.5059625212947189,0.5122892686896873,0.49588367685382606,0.5376884422110553,0.35081967213114756,0.4246031746031746,0.5671641791044776,0.02594108329199644,0.540609786446856,0.445985438062782,0.4819439600046507,0.2510938346385956,0.5195911413969335
2022-12-26,GRU,48,587,27,0.504258943781942,0.5198755958609464,0.4215181942868754,0.6166666666666667,0.12131147540983607,0.20273972602739726,0.6402966625463535,0.06556071694128672,0.5370523593375194,0.44825841202978334,0.4813626322520637,0.2520110309123993,0.5195911413969335
2022-12-26,GRU,49,587,27,0.514480408858603,0.49508196721311476,0.33970753655793023,0.5171232876712328,0.9901639344262295,0.6794150731158605,0.0,-0.06891739262706086,0.5757374669026829,0.4809223727201182,0.5318335077316592,0.24988286197185516,0.5195911413969335
2022-12-26,GRU,50,587,27,0.5195911413969335,0.5,0.3419282511210762,0.5195911413969335,1.0,0.6838565022421524,0.0,0.0,0.5893530150159871,0.5124545336374697,0.5489826764329729,0.24726516008377075,0.5195911413969335
2022-12-26,GRU,51,587,27,0.4940374787052811,0.509103592605511,0.41648341717625087,0.5588235294117647,0.12459016393442623,0.2037533512064343,0.6292134831460674,0.02842360430856647,0.5495797475232462,0.47194810127944503,0.49944192535751664,0.24872133135795593,0.5195911413969335
2023-01-02,MLP,42,625,0,0.5104,0.5209260174658099,0.5053742861872051,0.5663716814159292,0.38095238095238093,0.4555160142348754,0.5552325581395349,0.04343046425071625,0.5809390923299935,0.4702223732719415,0.5175636431043005,0.24914845824241638,0.5376
2023-01-02,MLP,43,625,0,0.4992,0.5175275992750041,0.4772753386186976,0.5714285714285714,0.27380952380952384,0.3702213279678068,0.5843293492695883,0.039966771086388804,0.5739586218724335,0.4665918013575647,0.5183411599934091,0.24910219013690948,0.5376
2023-01-02,MLP,44,625,0,0.52,0.5247724089635855,0.5197233606557377,0.5656934306569343,0.46130952380952384,0.5081967213114754,0.53125,0.04978379013349556,0.5888826241316395,0.46403082074239893,0.5253748558246829,0.24814099073410034,0.5376
2023-01-02,MLP,45,625,0,0.512,0.5330624897017631,0.48217317487266553,0.6115107913669064,0.25297619047619047,0.35789473684210527,0.6064516129032258,0.07927907514085322,0.600107411738599,0.4983708413473835,0.554606401384083,0.24828378856182098,0.5376
2023-01-02,MLP,46,625,0,0.5056,0.5217859202504531,0.4897959183673469,0.5754189944134078,0.30654761904761907,0.4,0.5795918367346938,0.048054108033412396,0.5874943495173504,0.4835300819890034,0.533881199538639,0.24808970093727112,0.5376
2023-01-02,MLP,47,625,0,0.4896,0.5177953534354919,0.4246446865305534,0.6075949367088608,0.14285714285714285,0.23132530120481928,0.6179640718562874,0.05340049794643617,0.5936624555613452,0.48065822924883,0.5390457653649695,0.24967682361602783,0.5376
2023-01-02,MLP,48,625,0,0.5104,0.5260081973966058,0.4961801896733403,0.5815217391304348,0.31845238095238093,0.4115384615384615,0.5808219178082191,0.056902402354611546,0.5802631192437185,0.46021790191930895,0.5195203081232493,0.24845993518829346,0.5376
2023-01-02,MLP,49,625,0,0.496,0.5077751688910859,0.4888341914427923,0.5488372093023256,0.35119047619047616,0.4283121597096189,0.5493562231759657,0.016321017441800492,0.5876152504088386,0.47565551483964114,0.5273109243697479,0.248716801404953,0.5376
2023-01-02,MLP,50,625,0,0.5088,0.5179858708189158,0.505376094617203,0.5611814345991561,0.3958333333333333,0.4642233856893543,0.5465288035450517,0.03696493865156496,0.5853057446361523,0.4636551110593291,0.5238301202834076,0.24952641129493713,0.5376
2023-01-02,MLP,51,625,0,0.5056,0.5232379716592519,0.48601563310897666,0.5808383233532934,0.28869047619047616,0.3856858846918489,0.5863453815261044,0.05236677139551658,0.5870331508618367,0.4800371278862976,0.5337112786290987,0.24827329814434052,0.5376
2023-01-02,GRU,42,625,25,0.5088,0.5133877080243863,0.5085534117598847,0.5527272727272727,0.4523809523809524,0.49754500818330605,0.5195618153364632,0.026893939205568495,0.5744521507921947,0.47440112210831825,0.521729279947273,0.24838510155677795,0.5376
2023-01-02,GRU,43,625,25,0.4608,0.4842333992420498,0.41661750327525127,0.49572649572649574,0.17261904761904762,0.2560706401766004,0.5771643663739021,-0.0403052704167554,0.5171305547519729,0.4347088164532867,0.4746869335969682,0.252750962972641,0.5376
2023-01-02,GRU,44,625,25,0.5376,0.5,0.34963579604578565,0.5376,1.0,0.6992715920915713,0.0,0.0,0.5669798365002001,0.4741604257820196,0.5164514335145823,0.24839633703231812,0.5376
2023-01-02,GRU,45,625,25,0.5136,0.4907470341077607,0.4496837129550247,0.5318725099601593,0.7946428571428571,0.6372315035799523,0.2621359223300971,-0.023207325988586068,0.5550931528223156,0.4469764837649368,0.49862003624979395,0.2509952783584595,0.5376
2023-01-02,GRU,46,625,25,0.5408,0.5034602076124568,0.3572378157373266,0.5393258426966292,1.0,0.7007299270072993,0.013745704467353952,0.06109303375170571,0.5601579865076513,0.46723424002542585,0.513779041028176,0.2480790764093399,0.5376
2023-01-02,GRU,47,625,25,0.4784,0.48027372713791394,0.4783345622874934,0.5168918918918919,0.45535714285714285,0.48417721518987344,0.47249190938511326,-0.039395787608573506,0.5263228240555452,0.43372879032318534,0.4742801532377656,0.25141727924346924,0.5376
2023-01-02,GRU,48,625,25,0.528,0.5348749794035261,0.5267594282355538,0.5797665369649806,0.44345238095238093,0.5025295109612141,0.5509893455098934,0.07067601341944729,0.5824499788067925,0.48768931117307646,0.5377842313395946,0.2490086406469345,0.5376
2023-01-02,GRU,49,625,25,0.5344,0.4975078266600758,0.3544236400745408,0.5363489499192245,0.9880952380952381,0.6952879581151833,0.013559322033898305,-0.025486244893972484,0.5610874125480931,0.46651803661316116,0.5126925770308124,0.24932479858398438,0.5376
2023-01-02,GRU,50,625,25,0.5376,0.5,0.34963579604578565,0.5376,1.0,0.6992715920915713,0.0,0.0,0.5722599512964308,0.4653126048623394,0.5187942824188498,0.24764753878116608,0.5376
2023-01-02,GRU,51,625,25,0.4928,0.5096391497775581,0.47470497310224324,0.5549132947976878,0.2857142857142857,0.37721021611001965,0.5721997300944669,0.021483004299263003,0.5855308669298578,0.4804127591394488,0.5269556351952546,0.2481922060251236,0.5376
2023-01-09,MLP,42,688,0,0.48546511627906974,0.5133350959939273,0.45365958706829257,0.5793103448275863,0.22281167108753316,0.3218390804597701,0.585480093676815,0.03254566094439485,0.5675824452676279,0.46270508619714334,0.5010917123679071,0.24916981160640717,0.5479651162790697
2023-01-09,MLP,43,688,0,0.4811046511627907,0.48655829147014423,0.48105093018096534,0.5328947368421053,0.4297082228116711,0.47577092511013214,0.48633093525179855,-0.026942192524796463,0.5757010936471675,0.48208957530535707,0.5139534487023122,0.248489111661911,0.5479651162790697
2023-01-09,MLP,44,688,0,0.5479651162790697,0.5,0.3539906103286385,0.5479651162790697,1.0,0.707981220657277,0.0,0.0,0.5913179695077702,0.47777509779874705,0.539783533907051,0.24764570593833923,0.5479651162790697
2023-01-09,MLP,45,688,0,0.4811046511627907,0.5172371148089077,0.4189615323654721,0.6162790697674418,0.14058355437665782,0.22894168466522677,0.6089813800657174,0.05187976119186033,0.567225171061474,0.45177940983355824,0.5031514665620442,0.25020742416381836,0.5479651162790697
2023-01-09,MLP,46,688,0,0.5479651162790697,0.5,0.3539906103286385,0.5479651162790697,1.0,0.707981220657277,0.0,0.0,0.5695376971405925,0.4523267758422173,0.5018635871280288,0.24715517461299896,0.5479651162790697
2023-01-09,MLP,47,688,0,0.47674418604651164,0.5081921072607402,0.43255131964809385,0.5714285714285714,0.18037135278514588,0.27419354838709675,0.5909090909090909,0.021559906910100523,0.5657738827712037,0.44739317754982,0.4983880184567622,0.2499139904975891,0.5479651162790697
2023-01-09,MLP,48,688,0,0.47238372093023256,0.5013987564713809,0.43588596830043436,0.5514705882352942,0.1989389920424403,0.29239766081871343,0.5793742757821553,0.0034961010839411246,0.5637376840930048,0.4382849002641986,0.49372265388453435,0.2501191794872284,0.5479651162790697
2023-01-09,MLP,49,688,0,0.46656976744186046,0.5031301440548586,0.4001088136696579,0.5609756097560976,0.1220159151193634,0.20043572984749455,0.5997818974918212,0.009616166005550663,0.5696970089175631,0.4641539805824003,0.5015096335087464,0.24922914803028107,0.5479651162790697
2023-01-09,MLP,50,688,0,0.5392441860465116,0.4931682686977065,0.3614989387396618,0.5445103857566765,0.9734748010610079,0.698382492863939,0.024615384615384615,-0.04816345972350784,0.5722073033288106,0.4518575448435911,0.4987291785717332,0.2477053701877594,0.5479651162790697
2023-01-09,MLP,51,688,0,0.5406976744186046,0.49505744283435826,0.36752932414820333,0.5454545454545454,0.9708222811671088,0.6984732824427481,0.036585365853658534,-0.03169179555212323,0.6013016037994992,0.46853956330226076,0.5292075703429512,0.24801121652126312,0.5479651162790697
2023-01-09,GRU,42,688,26,0.5101744186046512,0.511113290745179,0.5094188715973891,0.5591715976331361,0.5013262599469496,0.5286713286713287,0.49016641452344933,0.022127439879867105,0.5822256785293417,0.47243055932431144,0.5175910684281901,0.24789105355739594,0.5479651162790697
2023-01-09,GRU,43,688,26,0.4796511627906977,0.5159108548619581,0.41671166178824826,0.611764705882353,0.13793103448275862,0.22510822510822512,0.6083150984682714,0.048128935976145454,0.5796949937352436,0.4670132103799802,0.5190026184038824,0.2520618140697479,0.5479651162790697
2023-01-09,GRU,44,688,26,0.45203488372093026,0.5,0.3113113113113113,0.0,0.0,0.0,0.6226226226226226,0.0,0.5374119578088296,0.4309382168714944,0.47753034192772525,0.25842487812042236,0.5479651162790697
2023-01-09,GRU,45,688,26,0.498546511627907,0.5010661253592842,0.49830803666730783,0.549079754601227,0.47480106100795755,0.5092460881934566,0.487369985141159,0.002125328440002779,0.5698015334024815,0.4559683866187929,0.5068701118152277,0.24890342354774475,0.5479651162790697
2023-01-09,GRU,46,688,26,0.5479651162790697,0.5,0.3539906103286385,0.5479651162790697,1.0,0.707981220657277,0.0,0.0,0.5846172056590937,0.46455157240171824,0.51559528175561,0.24664339423179626,0.5479651162790697
2023-01-09,GRU,47,688,26,0.45348837209302323,0.5002004315675455,0.32305437797665776,0.5555555555555556,0.013262599469496022,0.025906735751295335,0.6202020202020202,0.0017558638858067778,0.5613872048963868,0.45530734949930035,0.5147807619811168,0.2605222761631012,0.5479651162790697
2023-01-09,GRU,48,688,26,0.5348837209302325,0.49256697399507027,0.38920454545454547,0.5440494590417311,0.9336870026525199,0.6875,0.09090909090909091,-0.03125377266219438,0.5517975601149939,0.4361646248146398,0.48327462536354876,0.2487122267484665,0.5479651162790697
2023-01-09,GRU,49,688,26,0.5479651162790697,0.5,0.3539906103286385,0.5479651162790697,1.0,0.707981220657277,0.0,0.0,0.5712560759313222,0.44736979347518113,0.4974199766305321,0.24737302958965302,0.5479651162790697
2023-01-09,GRU,50,688,26,0.4898255813953488,0.4942343940569908,0.4898245035840817,0.5416666666666666,0.4482758620689655,0.49056603773584906,0.4890829694323144,-0.011528016847890515,0.5533591117519625,0.45562856392545426,0.5066057127261252,0.2504473924636841,0.5479651162790697
2023-01-09,GRU,51,688,26,0.4738372093023256,0.4979402458058628,0.45110899538065513,0.543859649122807,0.246684350132626,0.33941605839416056,0.5628019323671497,-0.004744090163518646,0.5428125187670336,0.4440312190789041,0.49378235690465433,0.2521902620792389,0.5479651162790697
2023-01-16,MLP,42,809,0,0.5389369592088998,0.541093377361952,0.5360332726000754,0.5230125523012552,0.6329113924050633,0.572737686139748,0.4993288590604027,0.08355503109136056,0.549603190940122,0.5687917435594979,0.5629242340854889,0.24890261888504028,0.48825710754017304
2023-01-16,MLP,43,809,0,0.5203955500618047,0.5168195438145906,0.5070729531778038,0.5124555160142349,0.36455696202531646,0.4260355029585799,0.5881104033970276,0.035316105486755324,0.5245430033400867,0.5240687526609525,0.522047942273589,0.2489539086818695,0.48825710754017304
2023-01-16,MLP,44,809,0,0.48825710754017304,0.5,0.3280730897009967,0.48825710754017304,1.0,0.6561461794019934,0.0,0.0,0.4736032195535591,0.4937253077586169,0.47030820033021464,0.2548907399177551,0.48825710754017304
2023-01-16,MLP,45,809,0,0.5265760197775031,0.5207087384577753,0.4916682662414259,0.5297029702970297,0.2708860759493671,0.35845896147403683,0.6248775710088149,0.047831315673660814,0.5393585724431766,0.5520447753201582,0.5406989543203082,0.24818003177642822,0.48825710754017304
2023-01-16,MLP,46,809,0,0.48825710754017304,0.5,0.3280730897009967,0.48825710754017304,1.0,0.6561461794019934,0.0,0.0,0.5268569696579222,0.5479195045247123,0.5363511282333516,0.25149646401405334,0.48825710754017304
2023-01-16,MLP,47,809,0,0.5265760197775031,0.5228000978413747,0.5119605091347827,0.5218978102189781,0.3620253164556962,0.42750373692077726,0.5964172813487882,0.04816296913241034,0.5360573034303058,0.530690538240345,0.532718767198679,0.24921035766601562,0.48825710754017304
2023-01-16,MLP,48,809,0,0.5302843016069221,0.5256680731364276,0.5088509713701431,0.5306122448979592,0.3291139240506329,0.40625,0.6114519427402862,0.055846940765661754,0.5116044464015294,0.5212224652318772,0.526022748119611,0.25005248188972473,0.48825710754017304
2023-01-16,MLP,49,809,0,0.5290482076637825,0.5239375038219287,0.5027642223960895,0.5307017543859649,0.30632911392405066,0.3884430176565008,0.6170854271356784,0.053192706103140766,0.5413891965234299,0.5271351592349993,0.5317006053935058,0.24791619181632996,0.48825710754017304
2023-01-16,MLP,50,809,0,0.5166872682323856,0.5165076744328259,0.516498146662081,0.5050251256281407,0.5088607594936709,0.5069356872635561,0.526060606060606,0.033010504531394806,0.5418478427798359,0.5572472397619745,0.5398000366905155,0.24818271398544312,0.48825710754017304
2023-01-16,MLP,51,809,0,0.49443757725587145,0.505922460710573,0.3454187562440033,0.49125,0.9949367088607595,0.6577405857740586,0.03309692671394799,0.056450092009520204,0.5293859127035853,0.5376332164905901,0.51726288754357,0.24915850162506104,0.48825710754017304
2023-01-16,GRU,42,809,28,0.5179233621755254,0.5186448969608023,0.5177575750165073,0.5058275058275058,0.549367088607595,0.5266990291262136,0.5088161209068011,0.03734807800964142,0.5336073232643456,0.5309917056996831,0.5320277624900629,0.24891087412834167,0.48825710754017304
2023-01-16,GRU,43,809,28,0.5241038318912238,0.5201522656393323,0.5080824113777609,0.5186567164179104,0.3518987341772152,0.4193061840120664,0.5968586387434555,0.04280421765154027,0.5375284035038946,0.5541389186057337,0.5433895921237694,0.24826958775520325,0.48825710754017304
2023-01-16,GRU,44,809,28,0.5302843016069221,0.5289793921604599,0.5281032026721681,0.520891364902507,0.47341772151898737,0.4960212201591512,0.5601851851851852,0.058312881826401694,0.5273663286379893,0.5474772082894993,0.5337858496911881,0.2490597665309906,0.48825710754017304
2023-01-16,GRU,45,809,28,0.5364647713226205,0.535076132819666,0.5340699137021457,0.5280898876404494,0.4759493670886076,0.5006657789613849,0.5674740484429066,0.07064254223771746,0.5259373946821443,0.551327110678498,0.5319543814590595,0.24893786013126373,0.48825710754017304
2023-01-16,GRU,46,809,28,0.5253399258343634,0.5219990215862533,0.5137307937939066,0.5190311418685121,0.379746835443038,0.43859649122807015,0.588865096359743,0.04589670275560911,0.5248625530896551,0.534307097308902,0.5338592307221917,0.2494090050458908,0.48825710754017304
2023-01-16,GRU,47,809,28,0.5265760197775031,0.5233229376872746,0.5155590160679303,0.5205479452054794,0.3848101265822785,0.44250363901018924,0.5886143931256713,0.04854843881311885,0.5241786117956264,0.5487523419307556,0.5381092154344769,0.2495209276676178,0.48825710754017304
2023-01-16,GRU,48,809,28,0.5253399258343634,0.5222313948510977,0.5151999400741583,0.5185185185185185,0.389873417721519,0.44508670520231214,0.5853131749460043,0.0461086302826445,0.54109428503891,0.5537920184418733,0.5434201675533541,0.248119056224823,0.48825710754017304
2023-01-16,GRU,49,809,28,0.5315203955500618,0.5283281355103039,0.52098093834999,0.5272108843537415,0.3924050632911392,0.44992743105950656,0.5920344456404736,0.058880220206698204,0.5310262002638436,0.5518644616429309,0.5408334862104812,0.24877752363681793,0.48825710754017304
2023-01-16,GRU,50,809,28,0.5302843016069221,0.527817525836238,0.5237165662725267,0.5235109717868338,0.42278481012658226,0.4677871148459384,0.5796460176991151,0.05690544614094684,0.5219106716791106,0.5341385261627443,0.5327218247416377,0.2495533972978592,0.48825710754017304
2023-01-16,GRU,51,809,28,0.5401730531520396,0.537305081636397,0.5316713352007469,0.5377049180327869,0.4151898734177215,0.4685714285714286,0.5947712418300654,0.07695405703175516,0.5350389121227093,0.552332996956222,0.5424509264355164,0.24862538278102875,0.48825710754017304
2023-01-23,MLP,42,747,0,0.5180722891566265,0.5224456537346007,0.5139250390421656,0.5482758620689655,0.4097938144329897,0.4690265486725664,0.5588235294117647,0.04602229189674536,0.5585902027335544,0.5159112142168412,0.549529046894294,0.24951891601085663,0.5194109772423026
2023-01-23,MLP,43,747,0,0.5220883534136547,0.5306837435028573,0.5020083696072335,0.5741626794258373,0.30927835051546393,0.4020100502512563,0.6020066889632107,0.06830258579988911,0.5603597179159561,0.5176820389265704,0.5394171955316888,0.24914146959781647,0.5194109772423026
2023-01-23,MLP,44,747,0,0.5234270414993306,0.5256224334491572,0.5228036175710594,0.5481927710843374,0.4690721649484536,0.5055555555555555,0.5400516795865633,0.05152528068971225,0.5647621058904096,0.516790725739897,0.5457707549608017,0.24875736236572266,0.5194109772423026
2023-01-23,MLP,45,747,0,0.5127175368139224,0.5244737673376791,0.47046863802075223,0.581081081081081,0.22164948453608246,0.3208955223880597,0.6200417536534447,0.06135495485843833,0.5660268371944117,0.52433095638334,0.549791086350975,0.2489306926727295,0.5194109772423026
2023-01-23,MLP,46,747,0,0.5234270414993306,0.5323887947620826,0.5014024298785061,0.5792079207920792,0.3015463917525773,0.39661016949152544,0.6061946902654868,0.07286415527388194,0.5696252667818837,0.5173746529927662,0.5485670390259312,0.24864649772644043,0.5194109772423026
2023-01-23,MLP,47,747,0,0.5087014725568942,0.5187340263618873,0.4791260152947323,0.5580110497237569,0.2603092783505155,0.35500878734622143,0.6032432432432432,0.04368946300391457,0.558285429467512,0.514445153103525,0.5454153863825633,0.2493501454591751,0.5194109772423026
2023-01-23,MLP,48,747,0,0.5140562248995983,0.5251378399333774,0.47733541504033306,0.577639751552795,0.23969072164948454,0.33879781420765026,0.6158730158730159,0.06108847635128595,0.5581687926117302,0.5154299562959971,0.5326651925451569,0.2491835653781891,0.5194109772423026
2023-01-23,MLP,49,747,0,0.5314591700133868,0.5205503546506619,0.48470980559103166,0.5325342465753424,0.8015463917525774,0.6399176954732511,0.32950191570881227,0.04971783150396089,0.5603028164327617,0.5109095855178141,0.5358060764437297,0.24916593730449677,0.5194109772423026
2023-01-23,MLP,50,747,0,0.4685408299866131,0.4667497056543089,0.4663373552514374,0.48894348894348894,0.5128865979381443,0.5006289308176101,0.43204577968526464,-0.06671936647015307,0.5313453513733368,0.4752406858618238,0.48859230968038364,0.2499629706144333,0.5194109772423026
2023-01-23,MLP,51,747,0,0.5127175368139224,0.5254106481348534,0.4621732388125831,0.5923076923076923,0.19845360824742267,0.2972972972972973,0.6270491803278688,0.06697220024160791,0.5663097831776813,0.5227720037748524,0.5546585589983631,0.24939647316932678,0.5194109772423026
2023-01-23,GRU,42,747,37,0.5247657295850067,0.5264947017775609,0.5244896312434439,0.5483870967741935,0.48195876288659795,0.5130315500685871,0.5359477124183006,0.05315105777343453,0.5561918687352563,0.5030120369992228,0.5358419722597134,0.24862520396709442,0.5194109772423026
2023-01-23,GRU,43,747,37,0.5087014725568942,0.5155069925049536,0.4965613999004688,0.5432098765432098,0.3402061855670103,0.4183835182250396,0.574739281575898,0.03307518292038892,0.5632078362728892,0.5052646203001155,0.5349445768601212,0.24943099915981293,0.5194109772423026
2023-01-23,GRU,44,747,37,0.5220883534136547,0.5027855153203342,0.3479938290469985,0.5208053691275167,1.0,0.6849073256840247,0.0110803324099723,0.05386485560394715,0.5527901031412197,0.5100400990453702,0.5344061396203659,0.2500593662261963,0.5194109772423026
2023-01-23,GRU,45,747,37,0.49531459170013387,0.4814885276972116,0.4128154392432169,0.5086071987480438,0.8376288659793815,0.6329113924050633,0.19271948608137046,-0.05259830359755007,0.4911555896873573,0.449212546541975,0.4585834075180196,0.25192588567733765,0.5194109772423026
2023-01-23,GRU,46,747,37,0.5287817938420348,0.5333795192832324,0.5242382572193675,0.5629370629370629,0.41494845360824745,0.47774480712166173,0.5707317073170731,0.06861825687280955,0.5647213900686132,0.5108981179117089,0.536265542888321,0.2479604035615921,0.5194109772423026
2023-01-23,GRU,47,747,37,0.5194109772423026,0.525503977256411,0.5102802202317364,0.556420233463035,0.36855670103092786,0.4434108527131783,0.5771495877502945,0.0536458824336527,0.5549300639912512,0.5011235927461057,0.5367968009648795,0.24949969351291656,0.5194109772423026
2023-01-23,GRU,48,747,37,0.5167336010709505,0.521573385406197,0.5114064410925397,0.5480427046263345,0.39690721649484534,0.46038863976083705,0.5624242424242424,0.04450053852239918,0.559525767345237,0.5071166995859697,0.5370265341871752,0.24889211356639862,0.5194109772423026
2023-01-23,GRU,49,747,37,0.5220883534136547,0.5027855153203342,0.3479938290469985,0.5208053691275167,1.0,0.6849073256840247,0.0110803324099723,0.05386485560394715,0.5583156305903028,0.5129383696582176,0.5391084915142291,0.24886484444141388,0.5194109772423026
2023-01-23,GRU,50,747,37,0.5194109772423026,0.5,0.34185022026431716,0.5194109772423026,1.0,0.6837004405286343,0.0,0.0,0.5603331006791177,0.5102991399798404,0.5365491198345921,0.248887300491333,0.5194109772423026
2023-01-23,GRU,51,747,37,0.5046854082998661,0.5120574045889211,0.48994242267660737,0.5387931034482759,0.32216494845360827,0.4032258064516129,0.5766590389016019,0.02603750160876709,0.5597633086878204,0.5037447136150451,0.5291653504867473,0.24842718243598938,0.5194109772423026
2023-01-30,MLP,42,745,0,0.4563758389261745,0.46501761936396985,0.4393031358885018,0.4646017699115044,0.2699228791773779,0.34146341463414637,0.5371428571428571,-0.0760223442916229,0.5150973570359153,0.4694498868479637,0.47253473325438317,0.2495916336774826,0.5221476510067115
2023-01-30,MLP,43,745,0,0.4697986577181208,0.4703648074867855,0.4697642655980569,0.49171270718232046,0.45758354755784064,0.474034620505992,0.4654939106901218,-0.05923574786125771,0.5149819706654553,0.4616432533963648,0.4671767135553566,0.24953150749206543,0.5221476510067115
2023-01-30,MLP,44,745,0,0.5221476510067115,0.5,0.3430335097001764,0.5221476510067115,1.0,0.6860670194003528,0.0,0.0,0.5570726398035565,0.5308178245772817,0.5483521562057712,0.25018078088760376,0.5221476510067115
2023-01-30,MLP,45,745,0,0.4563758389261745,0.4687111868519107,0.41770029006428505,0.45121951219512196,0.19023136246786632,0.26763110307414106,0.567769477054429,-0.07544125332406193,0.518221839820671,0.4718630912158182,0.4754231535773086,0.25012439489364624,0.5221476510067115
2023-01-30,MLP,46,745,0,0.4738255033557047,0.4775569740908697,0.47172296026164223,0.49514563106796117,0.39331619537275064,0.4383954154727794,0.5050505050505051,-0.04550810189223127,0.5168833365469743,0.477302418952582,0.475892521879784,0.25003862380981445,0.5221476510067115
2023-01-30,MLP,47,745,0,0.4563758389261745,0.4652559140406112,0.4382006781251571,0.46396396396396394,0.2647814910025707,0.337152209492635,0.5392491467576792,-0.07588979059844447,0.5169344471062635,0.4692236246586218,0.4753112272897952,0.24996761977672577,0.5221476510067115
2023-01-30,MLP,48,745,0,0.45234899328859063,0.4634253776609572,0.42189187955510243,0.4486486486486487,0.2133676092544987,0.289198606271777,0.5545851528384279,-0.08457261670323842,0.5149689321316321,0.4680175300244338,0.4755350798648219,0.2507939338684082,0.5221476510067115
2023-01-30,MLP,49,745,0,0.4604026845637584,0.47149490193813004,0.4303934695616451,0.4648648648648649,0.2210796915167095,0.29965156794425085,0.5611353711790393,-0.06591320916802244,0.5264343576946545,0.4864826494634112,0.4867854770226163,0.24973897635936737,0.5221476510067115
2023-01-30,MLP,50,745,0,0.48456375838926175,0.48640998238063604,0.48435472242249455,0.5073313782991202,0.44473007712082263,0.473972602739726,0.49473684210526314,-0.027250968583599298,0.5219247474989552,0.4789392373070732,0.48223260448860517,0.24945802986621857,0.5221476510067115
2023-01-30,MLP,51,745,0,0.4671140939597315,0.4707727968573987,0.46507472296526187,0.4870967741935484,0.38817480719794345,0.43204577968526464,0.49810366624525915,-0.05923679841184983,0.5232369274570208,0.47820932019959184,0.4741305854827995,0.24911564588546753,0.5221476510067115
2023-01-30,GRU,42,745,39,0.4966442953020134,0.4932122122411253,0.49162858998924575,0.5162790697674419,0.570694087403599,0.5421245421245421,0.44113263785394935,-0.013726775943485372,0.5276807563076171,0.47247757071669705,0.48643886658386526,0.2501785159111023,0.5221476510067115
2023-01-30,GRU,43,745,39,0.4885906040268456,0.5033722307270154,0.43367032388203536,0.532258064516129,0.16966580976863754,0.2573099415204678,0.6100307062436029,0.009044622264801854,0.537173108173735,0.4866217083842126,0.5169333641431502,0.25102493166923523,0.5221476510067115
2023-01-30,GRU,44,745,39,0.5221476510067115,0.5,0.3430335097001764,0.5221476510067115,1.0,0.6860670194003528,0.0,0.0,0.5152159307809208,0.47487016087454764,0.48734149793477943,0.25118985772132874,0.5221476510067115
2023-01-30,GRU,45,745,39,0.5261744966442953,0.5117197654602698,0.46046058367954046,0.5292207792207793,0.8380462724935732,0.6487562189054726,0.2721649484536082,0.030943077467993827,0.5305392897824461,0.48309072171403644,0.5148970278154877,0.2502164840698242,0.5221476510067115
2023-01-30,GRU,46,745,39,0.49798657718120803,0.4954507379913925,0.49481818313679415,0.5180722891566265,0.5526992287917738,0.5348258706467661,0.45481049562682213,-0.009149339165657978,0.5294519213752247,0.4840422096765427,0.4877819820340256,0.25000467896461487,0.5221476510067115
2023-01-30,GRU,47,745,39,0.49798657718120803,0.499263452817654,0.4979639639639639,0.5213675213675214,0.4704370179948586,0.4945945945945946,0.5013333333333333,-0.0014741059482091035,0.5244467633347358,0.4848804091517939,0.5067589035556455,0.25011977553367615,0.5221476510067115
2023-01-30,GRU,48,745,39,0.4671140939597315,0.4750621010369429,0.4534014906644046,0.4831932773109244,0.29562982005141386,0.3668261562998405,0.5399768250289687,-0.05343147929600669,0.5242519929417426,0.4766512227905417,0.48700210854683573,0.2507220208644867,0.5221476510067115
2023-01-30,GRU,49,745,39,0.5234899328859061,0.5014044943820225,0.34613739582328956,0.5228494623655914,1.0,0.6866725507502206,0.0056022408963585435,0.03832333838631345,0.5080131215821518,0.47343550235552534,0.48260809913058544,0.2511548697948456,0.5221476510067115
2023-01-30,GRU,50,745,39,0.48590604026845635,0.4848357933046417,0.48483305619198763,0.5076923076923077,0.5089974293059126,0.5083440308087291,0.4613220815752461,-0.03033213712764563,0.5244279743522092,0.47091951049568215,0.48313884636492305,0.25068509578704834,0.5221476510067115
2023-01-30,GRU,51,745,39,0.4590604026845638,0.4696138182028249,0.43221295772730106,0.4639175257731959,0.23136246786632392,0.30874785591766724,0.5556780595369349,-0.06917182957095709,0.5283040807572762,0.4711621981492996,0.4877025504751451,0.25078916549682617,0.5221476510067115
2023-02-06,MLP,42,738,0,0.497289972899729,0.4897555039274256,0.4860791759187481,0.5242290748898678,0.6055979643765903,0.5619834710743802,0.41017488076311603,-0.02101064196800298,0.5170279112020384,0.46028265561060605,0.48307334882177233,0.2503531575202942,0.532520325203252
2023-02-06,MLP,43,738,0,0.532520325203252,0.5,0.34748010610079577,0.532520325203252,1.0,0.6949602122015915,0.0,0.0,0.5532595493027808,0.4776776398227596,0.5199210827156397,0.24929627776145935,0.532520325203252
2023-02-06,MLP,44,738,0,0.532520325203252,0.5,0.34748010610079577,0.532520325203252,1.0,0.6949602122015915,0.0,0.0,0.5549615973045765,0.48261512958915037,0.5073754471364826,0.24911163747310638,0.532520325203252
2023-02-06,MLP,45,738,0,0.46883468834688347,0.5012722646310432,0.32139204518798614,1.0,0.002544529262086514,0.005076142131979695,0.6377079482439926,0.034512747048684324,0.5257884747200684,0.45898149398088955,0.48173470516650074,0.2516656219959259,0.532520325203252
2023-02-06,MLP,46,738,0,0.532520325203252,0.5,0.34748010610079577,0.532520325203252,1.0,0.6949602122015915,0.0,0.0,0.556714141968869,0.4663315606264855,0.5075561455913264,0.24845944344997406,0.532520325203252
2023-02-06,MLP,47,738,0,0.46747967479674796,0.5,0.3185595567867036,0.0,0.0,0.0,0.6371191135734072,0.0,0.5340159667858416,0.47183086232527427,0.5005789726002139,0.25115305185317993,0.532520325203252
2023-02-06,MLP,48,738,0,0.4634146341463415,0.49529815245049236,0.3209851301115242,0.2857142857142857,0.005089058524173028,0.01,0.6319702602230484,-0.048405716571130616,0.5126346677355706,0.4560457581196384,0.4837150127226463,0.2515072822570801,0.532520325203252
2023-02-06,MLP,49,738,0,0.47289972899729,0.5034959619426927,0.3480076763226327,0.5909090909090909,0.03307888040712468,0.06265060240963856,0.6333647502356268,0.020513258980872525,0.5459634086776811,0.46106177641428425,0.5040417450307925,0.25130465626716614,0.532520325203252
2023-02-06,MLP,50,738,0,0.5284552845528455,0.49689124903197257,0.35587881219903694,0.530949105914718,0.9821882951653944,0.6892857142857143,0.02247191011235955,-0.025601075117159925,0.5321146839957428,0.4566433534041412,0.48848692701995056,0.25010085105895996,0.532520325203252
2023-02-06,MLP,51,738,0,0.5298102981029811,0.49869454585684253,0.36378520055153224,0.5318559556786704,0.9770992366412213,0.6887892376681615,0.038781163434903045,-0.008944763230223555,0.5521681886021003,0.4663324544889106,0.5051665007191061,0.2502734065055847,0.532520325203252
2023-02-06,GRU,42,738,31,0.4959349593495935,0.4939705719659254,0.49396897487318625,0.5268542199488491,0.5241730279898219,0.5255102040816326,0.4624277456647399,-0.012054766934064744,0.5532081333115659,0.486845317851129,0.5162481100416713,0.24977083504199982,0.532520325203252
2023-02-06,GRU,43,738,31,0.46883468834688347,0.493306781723642,0.3974606771527593,0.5054945054945055,0.11704834605597965,0.19008264462809918,0.6048387096774194,-0.020314117967896634,0.5351281419673426,0.44871961785460224,0.4834273702843235,0.25218504667282104,0.532520325203252
2023-02-06,GRU,44,738,31,0.532520325203252,0.5,0.34748010610079577,0.532520325203252,1.0,0.6949602122015915,0.0,0.0,0.5435226784021808,0.4658541034682113,0.5083490061584983,0.24975943565368652,0.532520325203252
2023-02-06,GRU,45,738,31,0.516260162601626,0.4985396614669764,0.46668852817401757,0.531578947368421,0.7709923664122137,0.6292834890965732,0.30409356725146197,-0.0034753399642498553,0.5416216112333138,0.4551160779617045,0.49113471254194785,0.24975553154945374,0.532520325203252
2023-02-06,GRU,46,738,31,0.5040650406504065,0.497355902201571,0.4947890558951377,0.5303370786516854,0.6005089058524173,0.5632458233890215,0.4263322884012539,-0.005392616264947949,0.5667577431579008,0.48782051478913174,0.5179112733709481,0.2486409693956375,0.532520325203252
2023-02-06,GRU,47,738,31,0.5067750677506775,0.4999004314636575,0.4971698113207547,0.5324384787472036,0.6055979643765903,0.5666666666666667,0.4276729559748428,-0.0002033095061219059,0.5449036599962447,0.455118178766755,0.49525021204410513,0.25057315826416016,0.532520325203252
2023-02-06,GRU,48,738,31,0.4742547425474255,0.49928089390419295,0.3997534818591157,0.5294117647058824,0.11450381679389313,0.18828451882845187,0.6112224448897795,-0.0022478262322267063,0.5535251108229707,0.4741664934030344,0.5106575211122174,0.25112980604171753,0.532520325203252
2023-02-06,GRU,49,738,31,0.5311653116531165,0.49872773536895676,0.34690265486725663,0.5318860244233379,0.9974554707379135,0.6938053097345133,0.0,-0.034512747048684324,0.5400367002251346,0.46267404261862194,0.5054947081166796,0.24969689548015594,0.532520325203252
2023-02-06,GRU,50,738,31,0.502710027100271,0.4992698307334882,0.4990595089471494,0.5318627450980392,0.5521628498727735,0.5418227215980025,0.4562962962962963,-0.0014654544231094751,0.5652476187806877,0.4874299364243682,0.5185492495482539,0.24848045408725739,0.532520325203252
2023-02-06,GRU,51,738,31,0.48509485094850946,0.5101670538776414,0.4121296987279999,0.5764705882352941,0.12468193384223919,0.20502092050209206,0.6192384769539078,0.0317808047294822,0.5525256812958796,0.48778038199528273,0.508968543717963,0.25183072686195374,0.532520325203252
2023-02-13,MLP,42,879,0,0.5005688282138794,0.5096930239324944,0.493198757560037,0.5439739413680782,0.3583690987124464,0.4320827943078913,0.5543147208121827,0.020295047061837757,0.5226545149932845,0.4803919337245738,0.5034708871546,0.2512909173965454,0.5301478953356087
2023-02-13,MLP,43,879,0,0.46871444823663255,0.4833677997277328,0.44324607315640785,0.49777777777777776,0.24034334763948498,0.32416787264833574,0.5623242736644799,-0.03804236888011754,0.5160781084522322,0.47780529743854494,0.49831391784181484,0.2517215609550476,0.5301478953356087
2023-02-13,MLP,44,879,0,0.5233219567690558,0.5171076286774257,0.5145739452259538,0.544256120527307,0.6201716738197425,0.5797392176529589,0.44940867279894875,0.03491812478128088,0.5260084163599978,0.5000581770825164,0.5091162747196791,0.2503935694694519,0.5301478953356087
2023-02-13,MLP,45,879,0,0.4630261660978385,0.47993068617568513,0.42679193147278255,0.484375,0.19957081545064378,0.2826747720364742,0.5709090909090909,-0.04848434367866606,0.5204490041422002,0.5001174967288918,0.5045360546197093,0.25140658020973206,0.5301478953356087
2023-02-13,MLP,46,879,0,0.4630261660978385,0.481582994731318,0.4177958395545427,0.48214285714285715,0.17381974248927037,0.2555205047318612,0.5800711743772242,-0.04675494505370381,0.5212855202595867,0.49921671743716656,0.5003247461783871,0.25133195519447327,0.5301478953356087
2023-02-13,MLP,47,879,0,0.45733788395904434,0.47318895551237156,0.4258009736991667,0.47342995169082125,0.21030042918454936,0.2912332838038633,0.56036866359447,-0.06307276989999112,0.5027313694971276,0.45921819824958643,0.4733448336779973,0.2506645917892456,0.5301478953356087
2023-02-13,MLP,48,879,0,0.4539249146757679,0.4734123808831018,0.40200691649186465,0.45454545454545453,0.15021459227467812,0.22580645161290322,0.5782073813708261,-0.06981489107301324,0.5145354278138965,0.469741751526216,0.49130199835808336,0.25249338150024414,0.5301478953356087
2023-02-13,MLP,49,879,0,0.472127417519909,0.4889274543017178,0.4371915880112602,0.5051546391752577,0.21030042918454936,0.296969696969697,0.5774134790528234,-0.026650128688436456,0.5210047602609785,0.4927656788585616,0.5003455299338038,0.2517728805541992,0.5301478953356087
2023-02-13,MLP,50,879,0,0.47554038680318544,0.4747970985877438,0.47465919919102345,0.5055679287305123,0.4871244635193133,0.4961748633879781,0.4531435349940688,-0.05032585038188873,0.5057224948810588,0.44918957826283057,0.4634205904664914,0.2514350414276123,0.5301478953356087
2023-02-13,MLP,51,879,0,0.46757679180887374,0.48559945546560807,0.4258365993367501,0.4943181818181818,0.18669527896995708,0.27102803738317754,0.5806451612903226,-0.035920543401877295,0.5228520167191754,0.491436346001917,0.5045802200999698,0.2516149580478668,0.5301478953356087
2023-02-13,GRU,42,879,26,0.5130830489192264,0.5146109800579867,0.5130672934549634,0.5454545454545454,0.4892703862660944,0.5158371040723982,0.5102974828375286,0.029203756876974803,0.5237328002519972,0.48771185496837755,0.5030578100156917,0.2506667375564575,0.5301478953356087
2023-02-13,GRU,43,879,26,0.47667804323094426,0.49198006837855535,0.4490019514003205,0.5138888888888888,0.23819742489270387,0.3255131964809384,0.5724907063197026,-0.018594521438337827,0.5210259587690507,0.47216073156259575,0.5002883746064077,0.25157129764556885,0.5301478953356087
2023-02-13,GRU,44,879,26,0.46985210466439137,0.5,0.31965944272445823,0.0,0.0,0.0,0.6393188854489165,0.0,0.5135063093133874,0.47979274086038093,0.498238576728429,0.2560841739177704,0.5301478953356087
2023-02-13,GRU,45,879,26,0.48236632536973834,0.4879817934302549,0.4802567884549158,0.5154061624649859,0.3948497854077253,0.4471445929526124,0.5133689839572193,-0.02442689607570049,0.5128156901997458,0.4697097386234843,0.4938298226106475,0.251475989818573,0.5301478953356087
2023-02-13,GRU,46,879,26,0.5301478953356087,0.5,0.3464684014869889,0.5301478953356087,1.0,0.6929368029739778,0.0,0.0,0.5230766663982923,0.4841335447188476,0.4991556599361939,0.25029975175857544,0.5301478953356087
2023-02-13,GRU,47,879,26,0.4709897610921502,0.5005221918548463,0.3293104155556467,0.5555555555555556,0.01072961373390558,0.021052631578947368,0.6375681995323461,0.005177822903395438,0.5290535381368547,0.47981155403772935,0.49918943353874606,0.25760120153427124,0.5301478953356087
2023-02-13,GRU,48,879,26,0.5062571103526735,0.5012885928358395,0.49991348120182477,0.53125,0.5836909871244635,0.556237218813906,0.44358974358974357,0.0026082287617607233,0.5190323575377166,0.47874804532563975,0.49548732710513466,0.2503352761268616,0.5301478953356087
2023-02-13,GRU,49,879,26,0.5301478953356087,0.5,0.3464684014869889,0.5301478953356087,1.0,0.6929368029739778,0.0,0.0,0.5190398409252824,0.47858912625121747,0.4950300844859658,0.24977992475032806,0.5301478953356087
2023-02-13,GRU,50,879,26,0.5255972696245734,0.5109920086460422,0.48738184243980415,0.5375191424196019,0.7532188841201717,0.6273458445040214,0.3474178403755869,0.025105231529365345,0.5333992934203637,0.4884371364295764,0.5045724261916886,0.24968221783638,0.5301478953356087
2023-02-13,GRU,51,879,26,0.48350398179749715,0.49910629851707905,0.45500655522779415,0.5283018867924528,0.24034334763948498,0.3303834808259587,0.5796296296296296,-0.0020852571115045062,0.5438482496643801,0.49951794772832375,0.5102152157873406,0.24978670477867126,0.5301478953356087
2023-02-20,MLP,42,885,0,0.5242937853107345,0.5271853755426325,0.5237465247819001,0.5549872122762148,0.4676724137931034,0.5076023391812865,0.5398907103825137,0.054678112911316745,0.5446021856195569,0.5038014459519816,0.5248382340896061,0.24994754791259766,0.5242937853107345
2023-02-20,MLP,43,885,0,0.5028248587570622,0.5122143500696208,0.48832099907493065,0.5441176470588235,0.31896551724137934,0.40217391304347827,0.574468085106383,0.026441476798422715,0.5366967968754437,0.4666605285784599,0.5040646244573674,0.25026679039001465,0.5242937853107345
2023-02-20,MLP,44,885,0,0.5265536723163842,0.528460049963142,0.5264666107337556,0.5550122249388753,0.4892241379310345,0.5200458190148912,0.5328874024526199,0.05701650096726324,0.5449475207518871,0.5023495171039113,0.5202872880661807,0.24977795779705048,0.5242937853107345
2023-02-20,MLP,45,885,0,0.5005649717514125,0.5106094889016299,0.48347031046977174,0.5423076923076923,0.30387931034482757,0.38950276243093923,0.5774378585086042,0.02326471914486195,0.542719136178042,0.5271520738912269,0.5260693955278892,0.25020062923431396,0.5242937853107345
2023-02-20,MLP,46,885,0,0.4937853107344633,0.5051345319026948,0.4706542056074766,0.5338983050847458,0.27155172413793105,0.36,0.5813084112149532,0.011597183810546823,0.5434308886753639,0.5149081502332037,0.5243109591285118,0.2503364086151123,0.5242937853107345
2023-02-20,MLP,47,885,0,0.5209039548022599,0.5083237775411582,0.4789954236459768,0.5297619047619048,0.7672413793103449,0.6267605633802817,0.3312302839116719,0.019448049914628156,0.5383098286086567,0.48748446066104384,0.5091889180113031,0.2499067634344101,0.5242937853107345
2023-02-20,MLP,48,885,0,0.5096045197740113,0.5203308010484069,0.4901207493468703,0.5604838709677419,0.2995689655172414,0.3904494382022472,0.5897920604914934,0.04521566971145078,0.54412199021142,0.5039968437852967,0.5197932877385536,0.25023379921913147,0.5242937853107345
2023-02-20,MLP,49,885,0,0.4903954802259887,0.5043231427635351,0.45279071457264247,0.5343915343915344,0.21767241379310345,0.3093415007656968,0.5962399283795882,0.010536444635931905,0.5310086969429427,0.46904953465554633,0.5004479277582112,0.25039350986480713,0.5242937853107345
2023-02-20,MLP,50,885,0,0.49491525423728816,0.49245433696453433,0.49209045423556463,0.5174537987679672,0.5431034482758621,0.5299684542586751,0.4542124542124542,-0.015150306687556191,0.5427706451858647,0.458285676625001,0.49700784257514946,0.25025618076324463,0.5242937853107345
2023-02-20,MLP,51,885,0,0.4971751412429379,0.5096880375133098,0.46837088563680074,0.5441860465116279,0.2521551724137931,0.3446244477172312,0.5921173235563703,0.022563642719156892,0.5444111404543538,0.5158501723155388,0.525160742075518,0.25056159496307373,0.5242937853107345
2023-02-20,GRU,42,885,36,0.5186440677966102,0.5217974445081497,0.5178900255754476,0.5492227979274611,0.45689655172413796,0.4988235294117647,0.5369565217391304,0.0439027464414548,0.5369741705518843,0.4995556192505698,0.5183983127201246,0.24997252225875854,0.5242937853107345
2023-02-20,GRU,43,885,36,0.4915254237288136,0.5012183635023344,0.47543466807165435,0.5263157894736842,0.3017241379310345,0.3835616438356164,0.5673076923076923,0.0026541213267101843,0.5360736982757032,0.4769556517242235,0.5124984642476861,0.2502426505088806,0.5242937853107345
2023-02-20,GRU,44,885,36,0.47570621468926555,0.5,0.3223583460949464,0.0,0.0,0.0,0.6447166921898928,0.0,0.5244649704190607,0.4881367021576549,0.5133815218281595,0.25546807050704956,0.5242937853107345
2023-02-20,GRU,45,885,36,0.5096045197740113,0.5084440781390778,0.5084440781390778,0.5323275862068966,0.5323275862068966,0.5323275862068966,0.4845605700712589,0.01688815627815546,0.5350072239990101,0.4706445148381173,0.510862888033418,0.24993041157722473,0.5242937853107345
2023-02-20,GRU,46,885,36,0.5242937853107345,0.5,0.34395848776871757,0.5242937853107345,1.0,0.6879169755374351,0.0,0.0,0.539034310424486,0.47986956440290884,0.5092349905807191,0.24975571036338806,0.5242937853107345
2023-02-20,GRU,47,885,36,0.5107344632768361,0.5167857727905644,0.5058486281417598,0.5465465465465466,0.3922413793103448,0.45671267252195735,0.5549845837615622,0.034608256311013594,0.5371295857186792,0.4796171600944891,0.5060022319600295,0.25003644824028015,0.5242937853107345
2023-02-20,GRU,48,885,36,0.5254237288135594,0.522209538045704,0.5214146658014276,0.5438247011952191,0.5883620689655172,0.5652173913043478,0.47761194029850745,0.04477321841304732,0.5402186596855925,0.5010440780313752,0.5247384101892048,0.24978107213974,0.5242937853107345
2023-02-20,GRU,49,885,36,0.5242937853107345,0.5,0.34395848776871757,0.5242937853107345,1.0,0.6879169755374351,0.0,0.0,0.5310685305266083,0.47784790054099674,0.5035885412400688,0.24999041855335236,0.5242937853107345
2023-02-20,GRU,50,885,36,0.4858757062146893,0.4732676713899582,0.44129175483020566,0.5067064083457526,0.7327586206896551,0.5991189427312775,0.28346456692913385,-0.06235893338251044,0.5103917320882161,0.4685036922278384,0.47452186911294947,0.24994495511054993,0.5242937853107345
2023-02-20,GRU,51,885,36,0.47344632768361583,0.48551785568023587,0.44540520478091084,0.4954954954954955,0.23706896551724138,0.3206997084548105,0.5701107011070111,-0.033367959790436906,0.5134650271709345,0.47203081546414605,0.4861449545417315,0.25066137313842773,0.5242937853107345
2023-02-27,MLP,42,960,0,0.496875,0.4954670228084448,0.4954510287824035,0.5196850393700787,0.5248508946322068,0.5222551928783383,0.46864686468646866,-0.009070987083088965,0.518491533861233,0.47135294690269125,0.4896963949345502,0.2500879168510437,0.5239583333333333
2023-02-27,MLP,43,960,0,0.5239583333333333,0.5,0.3438140806561859,0.5239583333333333,1.0,0.6876281613123718,0.0,0.0,0.5069068254880256,0.46531279927869834,0.48244015121524675,0.2498738169670105,0.5239583333333333
2023-02-27,MLP,44,960,0,0.5239583333333333,0.5,0.3438140806561859,0.5239583333333333,1.0,0.6876281613123718,0.0,0.0,0.5090614475290476,0.4767886143529695,0.4908013625033171,0.25158169865608215,0.5239583333333333
2023-02-27,MLP,45,960,0,0.4739583333333333,0.49290906638940973,0.3895367505675873,0.49,0.09741550695825049,0.1625207296849088,0.6165527714502658,-0.023186024043428108,0.5218653569408992,0.47603461714384904,0.49864489213515406,0.25023695826530457,0.5239583333333333
2023-02-27,MLP,46,960,0,0.5239583333333333,0.5,0.3438140806561859,0.5239583333333333,1.0,0.6876281613123718,0.0,0.0,0.5148654342096739,0.47281183107410485,0.48480017053042795,0.25023940205574036,0.5239583333333333
2023-02-27,MLP,47,960,0,0.47708333333333336,0.47888163361189534,0.4769720991009373,0.5011286681715575,0.441351888667992,0.4693446088794926,0.48459958932238195,-0.04231411615282576,0.5191847651635215,0.4761312523571067,0.48992913416655426,0.24993763864040375,0.5239583333333333
2023-02-27,MLP,48,960,0,0.5072916666666667,0.5102100743460463,0.506635882113269,0.5355450236966824,0.44930417495029823,0.48864864864864865,0.5246231155778894,0.02054724641986841,0.518964268533849,0.4871633673660035,0.4984165031691688,0.24983052909374237,0.5239583333333333
2023-02-27,MLP,49,960,0,0.48125,0.5001674852417225,0.39853861792709194,0.5247524752475248,0.10536779324055666,0.17549668874172186,0.621580547112462,0.0005452445883259997,0.5256465179412408,0.47649747410694315,0.5005198567892426,0.25055578351020813,0.5239583333333333
2023-02-27,MLP,50,960,0,0.528125,0.5050767604439012,0.3664104898925514,0.5265392781316348,0.9860834990059643,0.6865051903114187,0.04631578947368421,0.03738497161146891,0.5332143477123115,0.48987775234693276,0.5169225348130038,0.24963083863258362,0.5239583333333333
2023-02-27,MLP,51,960,0,0.5270833333333333,0.5038826124217496,0.3622998408090645,0.5259259259259259,0.9880715705765407,0.68646408839779,0.038135593220338986,0.031270483341973423,0.5268749862234374,0.4881158687675153,0.5049288513992631,0.249973326921463,0.5239583333333333
2023-02-27,GRU,42,960,40,0.49270833333333336,0.49349200203592447,0.4926813600115457,0.5172413793103449,0.47713717693836977,0.4963805584281282,0.48898216159496327,-0.013008273760123389,0.5263308783932641,0.47898911857284165,0.4991081954661528,0.2509151101112366,0.5239583333333333
2023-02-27,GRU,43,960,40,0.48854166666666665,0.5038238838304963,0.43986471953426637,0.5344827586206896,0.1848906560636183,0.27474150664697194,0.6049879324215608,0.009914958049095736,0.533771587571932,0.48112163984427325,0.5039913690722188,0.2504020631313324,0.5239583333333333
2023-02-27,GRU,44,960,40,0.525,0.5010940919037199,0.34623265371955625,0.5245046923879041,1.0,0.6880984952120383,0.004366812227074236,0.033877908359422344,0.5308786371284848,0.4730964306783576,0.49304827490201025,0.2502816319465637,0.5239583333333333
2023-02-27,GRU,45,960,40,0.515625,0.4991516981263404,0.4398932986696211,0.5234567901234568,0.8429423459244533,0.6458492003046459,0.23393739703459637,-0.0023336427686434166,0.5200163327152727,0.4784656235200992,0.5008265505435657,0.25014954805374146,0.5239583333333333
2023-02-27,GRU,46,960,40,0.496875,0.4930656759660853,0.4914668693429144,0.5179856115107914,0.5725646123260437,0.5439093484419264,0.43902439024390244,-0.014029692159573042,0.5272185031209804,0.500949000718746,0.5072105659261064,0.24985608458518982,0.5239583333333333
2023-02-27,GRU,47,960,40,0.5135416666666667,0.5101709219518773,0.5091309827125023,0.5328467153284672,0.5805168986083499,0.5556612749762131,0.4626006904487917,0.020525489477618307,0.5285924918843993,0.48222168014345546,0.5055248378438342,0.2503000497817993,0.5239583333333333
2023-02-27,GRU,48,960,40,0.48125,0.48866103162208363,0.47215708096506215,0.5075528700906344,0.33399602385685884,0.4028776978417266,0.5414364640883977,-0.023829027186412343,0.5229976709699182,0.46707536321568655,0.4906143010645101,0.25034260749816895,0.5239583333333333
2023-02-27,GRU,49,960,40,0.5229166666666667,0.49920607645157505,0.34726453244971767,0.5235602094240838,0.9940357852882704,0.6858710562414266,0.008658008658008658,-0.011017018632542492,0.5305999682405927,0.4840533188239147,0.5049571281283851,0.2500850558280945,0.5239583333333333
2023-02-27,GRU,50,960,40,0.48125,0.47945586872637264,0.4793495354135538,0.5048543689320388,0.5168986083499006,0.5108055009823183,0.44789356984478934,-0.041150607373655806,0.5173507041219573,0.47313795892319516,0.48817597696099113,0.2507826089859009,0.5239583333333333
2023-02-27,GRU,51,960,40,0.48854166666666665,0.5001218074485255,0.4630939756401217,0.5241935483870968,0.2584493041749503,0.34620505992010653,0.5799828913601369,0.00027795858823580764,0.5182019711881967,0.47233400086333466,0.49104280226735864,0.2508943974971771,0.5239583333333333
2023-03-06,MLP,42,1038,0,0.5192678227360308,0.5206239200312146,0.5188922936309857,0.5379746835443038,0.4766355140186916,0.5054509415262636,0.5323336457357076,0.041384086430032455,0.5211968532480173,0.49151346689616204,0.5107578826108767,0.25097283720970154,0.5154142581888247
2023-03-06,MLP,43,1038,0,0.5183044315992292,0.518975864439531,0.5182883364519291,0.5352112676056338,0.497196261682243,0.5155038759689923,0.5210727969348659,0.03796781645923612,0.5221025868470259,0.5004712548155831,0.5122610133590978,0.25066089630126953,0.5154142581888247
2023-03-06,MLP,44,1038,0,0.5154142581888247,0.5167072332360975,0.5150861648625681,0.5336134453781513,0.4747663551401869,0.5024727992087042,0.5276995305164319,0.033513808252766335,0.522308819113831,0.492895341947857,0.5117203322123335,0.2506607472896576,0.5154142581888247
2023-03-06,MLP,45,1038,0,0.5183044315992292,0.5195109715538544,0.5180467801067541,0.5365344467640919,0.4803738317757009,0.5069033530571992,0.5291902071563088,0.039119753925827526,0.5237931707447707,0.5031323787446025,0.5161962802623512,0.25083988904953003,0.5154142581888247
2023-03-06,MLP,46,1038,0,0.5154142581888247,0.5183125545790677,0.5124453371656847,0.5379146919431279,0.42429906542056073,0.47439916405433646,0.550491510277033,0.037264322496378954,0.5197268045654982,0.4997987563663892,0.5100146782854276,0.25120458006858826,0.5154142581888247
2023-03-06,MLP,47,1038,0,0.5202312138728323,0.5212612177402872,0.5200868983957219,0.5381443298969072,0.48785046728971965,0.5117647058823529,0.5284090909090909,0.0425937207668658,0.5256146218975011,0.4899840205974587,0.5133795358688988,0.2505049705505371,0.5154142581888247
2023-03-06,MLP,48,1038,0,0.5173410404624278,0.5183980230764943,0.5171792703069309,0.5351239669421488,0.48411214953271026,0.5083415112855741,0.5260170293282876,0.03686247366294308,0.5205999101665479,0.49962576295779476,0.5128908790249159,0.25124916434288025,0.5154142581888247
2023-03-06,MLP,49,1038,0,0.5096339113680154,0.5149049627468831,0.4975459405072452,0.5380116959064327,0.34392523364485983,0.41961231470923605,0.5754795663052544,0.031695973950955955,0.5180908712367531,0.4955233506584914,0.5077571951468758,0.2510029971599579,0.5154142581888247
2023-03-06,MLP,50,1038,0,0.5067437379576107,0.5057393954032813,0.5055965706120504,0.5207956600361664,0.5383177570093458,0.5294117647058824,0.4817813765182186,0.011498034033806559,0.5236532015535041,0.5018722575290537,0.5132940673714721,0.2505035996437073,0.5154142581888247
2023-03-06,MLP,51,1038,0,0.5221579961464354,0.5289570985303135,0.5013578692493946,0.5670103092783505,0.308411214953271,0.39951573849878935,0.6032,0.0644375660327723,0.5263949584598475,0.5106665075693654,0.5243009234313744,0.25108376145362854,0.5154142581888247
2023-03-06,GRU,42,1038,43,0.5240847784200385,0.5234536705003623,0.5234460966542751,0.5378927911275416,0.5439252336448598,0.5408921933085502,0.506,0.0469272248276645,0.5292808898038049,0.4920436106258347,0.5173129447613385,0.2500305473804474,0.5154142581888247
2023-03-06,GRU,43,1038,43,0.5279383429672447,0.5327808847847495,0.5184106471942795,0.5630252100840336,0.37570093457943926,0.45067264573991034,0.5861486486486487,0.06897693405469017,0.5297863630272239,0.48192996491007484,0.5177755894539307,0.250145822763443,0.5154142581888247
2023-03-06,GRU,44,1038,43,0.5048169556840078,0.5121941249698073,0.47877923448154586,0.5387453874538746,0.27289719626168224,0.36228287841191065,0.5952755905511811,0.027749757567126294,0.5274303458832896,0.4832715994925635,0.512535998959514,0.2502771317958832,0.5154142581888247
2023-03-06,GRU,45,1038,43,0.5298651252408478,0.5281098455993014,0.5273312257154268,0.540587219343696,0.5850467289719626,0.5619389587073609,0.49272349272349275,0.05657228423281559,0.5393086260649057,0.5055717987829226,0.5315471656045039,0.24968506395816803,0.5154142581888247
2023-03-06,GRU,46,1038,43,0.5154142581888247,0.5,0.34011443102352196,0.5154142581888247,1.0,0.6802288620470439,0.0,0.0,0.5298805283118123,0.4952556251281261,0.5208803255234945,0.2508656978607178,0.5154142581888247
2023-03-06,GRU,47,1038,43,0.48554913294797686,0.5009345794392523,0.32848904826516767,1.0,0.001869158878504673,0.0037313432835820895,0.6532467532467533,0.030110483087980547,0.5288316970590428,0.4845776097038822,0.4889243975399937,0.25522181391716003,0.5154142581888247
2023-03-06,GRU,48,1038,43,0.51252408477842,0.5104550268482563,0.5091547295074613,0.5246179966044142,0.577570093457944,0.5498220640569395,0.4684873949579832,0.0210928475474234,0.5214159261729538,0.4712469185588792,0.5025807770201223,0.2502702474594116,0.5154142581888247
2023-03-06,GRU,49,1038,43,0.5154142581888247,0.5,0.34011443102352196,0.5154142581888247,1.0,0.6802288620470439,0.0,0.0,0.5205685171529602,0.47790717567315844,0.5032366548373313,0.25094515085220337,0.5154142581888247
2023-03-06,GRU,50,1038,43,0.49614643545279385,0.4892161052377325,0.4653821041653742,0.5079787234042553,0.7140186915887851,0.5936285936285937,0.33713561470215464,-0.024125403370439672,0.5047538342584992,0.4767127942679221,0.480472306348823,0.2504936456680298,0.5154142581888247
2023-03-06,GRU,51,1038,43,0.47880539499036606,0.47970680589361026,0.47869653245997335,0.49385245901639346,0.4504672897196262,0.47116324535679377,0.4862298195631529,-0.040639656913947615,0.5014825396603521,0.4607746871334547,0.47121198045372625,0.2501775920391083,0.5154142581888247
2023-03-13,MLP,42,996,0,0.4929718875502008,0.4969503675353867,0.49259901521960847,0.5296803652968036,0.4369114877589454,0.478844169246646,0.5063538611925709,-0.006130516704765618,0.5384615935784898,0.46941687239037116,0.5006419213089525,0.25062549114227295,0.5331325301204819
2023-03-13,MLP,43,996,0,0.49096385542168675,0.49466618066946116,0.49069226323693604,0.5271493212669683,0.4387947269303202,0.4789311408016444,0.5024533856722276,-0.010712134490747182,0.5335249154277709,0.47124284842537595,0.49292266569467225,0.25016722083091736,0.5331325301204819
2023-03-13,MLP,44,996,0,0.4929718875502008,0.4942773829050483,0.49288549544435784,0.5271966527196653,0.4745762711864407,0.49950445986124875,0.4862665310274669,-0.011429298946788558,0.539022801157801,0.47612893356448,0.5036105542393131,0.2500576078891754,0.5331325301204819
2023-03-13,MLP,45,996,0,0.5030120481927711,0.4951400279448393,0.4913202952905186,0.5292207792207793,0.6139359698681732,0.5684394071490846,0.41420118343195267,-0.009982868499022555,0.5328322850970653,0.4714700503753464,0.4957900492072171,0.2502434551715851,0.5331325301204819
2023-03-13,MLP,46,996,0,0.4779116465863454,0.5028734584776138,0.408126602761893,0.5447154471544715,0.12617702448210924,0.20489296636085627,0.6113602391629297,0.008714630562853843,0.5301624690370554,0.4619535475579287,0.49076200311848206,0.2508193552494049,0.5331325301204819
2023-03-13,MLP,47,996,0,0.49698795180722893,0.509270396695219,0.48515448068797945,0.5477707006369427,0.3239171374764595,0.40710059171597635,0.5632083696599826,0.019908797992494544,0.5339753503353262,0.4737681723099457,0.49324463884332664,0.2502625286579132,0.5331325301204819
2023-03-13,MLP,48,996,0,0.4748995983935743,0.4848125873276229,0.4675522601338816,0.5114942528735632,0.3352165725047081,0.4050056882821388,0.5300988319856245,-0.0317841353529677,0.5221931875639734,0.46058396372607485,0.483152096875443,0.2507893741130829,0.5331325301204819
2023-03-13,MLP,49,996,0,0.48293172690763053,0.5003644979041371,0.45407231993188407,0.5338983050847458,0.23728813559322035,0.3285528031290743,0.5795918367346938,0.0008553344621853673,0.5326208138946014,0.46906957963793916,0.49380151064131383,0.25056833028793335,0.5331325301204819
2023-03-13,MLP,50,996,0,0.49698795180722893,0.5086021505376344,0.4867009211683563,0.5462962962962963,0.3333333333333333,0.41403508771929826,0.5593667546174143,0.018321187927199934,0.5323988400928749,0.4627380148485291,0.4933742380981309,0.2504602074623108,0.5331325301204819
2023-03-13,MLP,51,996,0,0.4789156626506024,0.5036814288317842,0.4106408085783182,0.5476190476190477,0.12994350282485875,0.2100456621004566,0.6112359550561798,0.011050329881028085,0.5319918373045377,0.4754964745288258,0.4984934086629002,0.25067469477653503,0.5331325301204819
2023-03-13,GRU,42,996,49,0.5090361445783133,0.5114816839803171,0.5090316903005725,0.5454545454545454,0.4745762711864407,0.5075528700906344,0.5105105105105106,0.02297299963147372,0.5383809122284424,0.47434629262940287,0.5073831075471317,0.250474750995636,0.5331325301204819
2023-03-13,GRU,43,996,49,0.48493975903614456,0.5121377802077638,0.3998668062030254,0.6,0.1016949152542373,0.17391304347826086,0.6258205689277899,0.042243281578168465,0.547633890901783,0.47294447983490595,0.5104833647206529,0.2509665787220001,0.5331325301204819
2023-03-13,GRU,44,996,49,0.5130522088353414,0.514713565396999,0.5130124453719246,0.5485232067510548,0.4896421845574388,0.5174129353233831,0.5086119554204661,0.029396608882513,0.5349402238857441,0.4856291967727393,0.5091833221958975,0.25018757581710815,0.5331325301204819
2023-03-13,GRU,45,996,49,0.49698795180722893,0.5072656582224653,0.48945287121115233,0.5436046511627907,0.352165725047081,0.42742857142857144,0.5514771709937332,0.015246693793097017,0.5338870008753288,0.4779063856600212,0.5042504505599094,0.2503170073032379,0.5331325301204819
2023-03-13,GRU,46,996,49,0.5180722891566265,0.5162140817690298,0.5161975850358035,0.5483870967741935,0.544256120527307,0.5463137996219282,0.4860813704496788,0.03241189046538114,0.5396746866096269,0.48686531607942707,0.5095599700301723,0.24969793856143951,0.5331325301204819
2023-03-13,GRU,47,996,49,0.5050200803212851,0.50196828868234,0.5018863330881793,0.5349264705882353,0.5480225988700564,0.5413953488372093,0.4623773173391494,0.00394478974651584,0.5353355270192518,0.47274986608404523,0.5010104691898021,0.25019967555999756,0.5331325301204819
2023-03-13,GRU,48,996,49,0.47690763052208834,0.49444748192697896,0.44717068571519886,0.5213675213675214,0.2297551789077213,0.31895424836601305,0.5753871230643847,-0.013067975124154602,0.5306436244541656,0.46537309317405917,0.49615454711135415,0.250763863325119,0.5331325301204819
2023-03-13,GRU,49,996,49,0.5120481927710844,0.5104307150233887,0.5103878816813197,0.5430210325047801,0.5348399246704332,0.538899430740038,0.48187633262260127,0.02084185634251679,0.5371088710202363,0.47791203553530737,0.5112589352611222,0.2498774379491806,0.5331325301204819
2023-03-13,GRU,50,996,49,0.5110441767068273,0.5102909908268027,0.5100440307033094,0.5431372549019607,0.5216572504708098,0.5321805955811719,0.4879074658254469,0.020542708380375706,0.5359558362768111,0.4713283639810121,0.5015349411740883,0.2500358819961548,0.5331325301204819
2023-03-13,GRU,51,996,49,0.4759036144578313,0.49845088390741754,0.42127830094169505,0.5283018867924528,0.15819209039548024,0.24347826086956523,0.5990783410138248,-0.004220135611842012,0.52690917346593,0.45169168248878255,0.4780066014620416,0.2509670853614807,0.5331325301204819
2023-03-20,MLP,42,1248,0,0.5192307692307693,0.5105546249960986,0.5103578154425612,0.5650969529085873,0.5878962536023055,0.576271186440678,0.4444444444444444,0.021239581238662604,0.5896714755709827,0.4728817081939986,0.5260640456101291,0.24964432418346405,0.5560897435897436
2023-03-20,MLP,43,1248,0,0.48717948717948717,0.5090460782987755,0.47725011780721505,0.5706806282722513,0.31412103746397696,0.4052044609665427,0.5492957746478874,0.019504477844215464,0.5837641935122848,0.4580227384780982,0.5175849727941406,0.2494131177663803,0.5560897435897436
2023-03-20,MLP,44,1248,0,0.4703525641025641,0.4604162548507579,0.459729290926131,0.522633744855967,0.5489913544668588,0.5354884047786367,0.38397017707362535,-0.07980572586393597,0.5458515126440268,0.42454526532636516,0.4646102747635743,0.24984648823738098,0.5560897435897436
2023-03-20,MLP,45,1248,0,0.46153846153846156,0.5122088244779909,0.36245210727969346,0.6774193548387096,0.06051873198847262,0.1111111111111111,0.6137931034482759,0.05583419693805399,0.585279029467746,0.46913508008101773,0.5218661242834404,0.25071248412132263,0.5560897435897436
2023-03-20,MLP,46,1248,0,0.5560897435897436,0.5,0.3573635427394439,0.5560897435897436,1.0,0.7147270854788877,0.0,0.0,0.5845126187419407,0.48620117766197135,0.5329552429800559,0.24659405648708344,0.5560897435897436
2023-03-20,MLP,47,1248,0,0.4735576923076923,0.5088145944090139,0.4362620431045685,0.5793991416309013,0.19452449567723343,0.2912621359223301,0.5812619502868069,0.02247791192923807,0.5878836168937462,0.4721093948149985,0.5247934851590217,0.24990718066692352,0.5560897435897436
2023-03-20,MLP,48,1248,0,0.46794871794871795,0.5070485543961132,0.41847905415267844,0.5789473684210527,0.1585014409221902,0.248868778280543,0.5880893300248139,0.019495978382389305,0.5827151762874649,0.4787110553204001,0.5291396602128611,0.24999697506427765,0.5560897435897436
2023-03-20,MLP,49,1248,0,0.4583333333333333,0.5073242543097618,0.36702410213470904,0.6125,0.07060518731988473,0.12661498708010335,0.6074332171893148,0.029714033842683986,0.581395619597885,0.44356783349378104,0.5021483785723946,0.24989983439445496,0.5560897435897436
2023-03-20,MLP,50,1248,0,0.5184294871794872,0.5249456403000448,0.5184291779855319,0.5837837837837838,0.4668587896253602,0.5188150520416333,0.5180433039294307,0.049882264421983555,0.5935434525105555,0.472198519728532,0.5331152009488239,0.24908679723739624,0.5560897435897436
2023-03-20,MLP,51,1248,0,0.5528846153846154,0.4983926174845764,0.3672273672273672,0.5552845528455285,0.984149855907781,0.7099792099792099,0.024475524475524476,-0.013396614023877365,0.5547697458267808,0.4396060655844634,0.48732040491474116,0.2482294738292694,0.5560897435897436
2023-03-20,GRU,42,1248,47,0.49439102564102566,0.5042421373505759,0.4938967842193649,0.5611650485436893,0.4164265129682997,0.47808105872622003,0.5097125097125097,0.008562365001885121,0.5820646935886444,0.4537005176264683,0.5154495989346539,0.2487422078847885,0.5560897435897436
2023-03-20,GRU,43,1248,47,0.4655448717948718,0.5065257649372132,0.40933200594062635,0.5798816568047337,0.14121037463976946,0.22711471610660486,0.5915492957746479,0.01895142908593636,0.5457453477033725,0.42219431871351426,0.4799610378801277,0.252413809299469,0.5560897435897436
2023-03-20,GRU,44,1248,47,0.5560897435897436,0.5001820659807114,0.35901505599643996,0.5561797752808989,0.9985590778097982,0.7144329896907217,0.0035971223021582736,0.004522925133730045,0.5814003982933715,0.46621918575515975,0.5287950353208002,0.24650023877620697,0.5560897435897436
2023-03-20,GRU,45,1248,47,0.4831730769230769,0.4968866717298349,0.48087694237447726,0.5520169851380042,0.3746397694524496,0.44635193133047213,0.5154019534184824,-0.006382172899815925,0.557022016947478,0.46240680095123743,0.505190180921566,0.24974705278873444,0.5560897435897436
2023-03-20,GRU,46,1248,47,0.4983974358974359,0.5063879149803889,0.4982930682387392,0.5634328358208955,0.43515850144092216,0.49105691056910566,0.5055292259083728,0.01282334565456969,0.5709279998213453,0.444816007357761,0.5011509170923543,0.24914786219596863,0.5560897435897436
2023-03-20,GRU,47,1248,47,0.49439102564102566,0.48403281349160937,0.48328067637129557,0.5427408412483039,0.5763688760806917,0.5590496156533893,0.40751173708920185,-0.03226627400087532,0.5355928945846186,0.42014664498143894,0.4691216096713449,0.2508152425289154,0.5560897435897436
2023-03-20,GRU,48,1248,47,0.4831730769230769,0.5185525234344927,0.4465586267921563,0.6051502145922747,0.20317002881844382,0.3042071197411003,0.5889101338432122,0.0473104000564341,0.5964159415659218,0.4811307249810636,0.5404628637418201,0.24962885677814484,0.5560897435897436
2023-03-20,GRU,49,1248,47,0.5016025641025641,0.5039898459201615,0.5009822778560629,0.560200668896321,0.4827089337175792,0.5185758513931888,0.4833887043189369,0.00793621577832539,0.5662568252683973,0.4493540127168867,0.5050237205963442,0.24924129247665405,0.5560897435897436
2023-03-20,GRU,50,1248,47,0.4895833333333333,0.5019220965677962,0.48810797062488126,0.5585215605749486,0.3919308357348703,0.46062658763759523,0.5155893536121673,0.003915461946154007,0.5742693681868676,0.4409233366955419,0.5010078652503668,0.24895057082176208,0.5560897435897436
2023-03-20,GRU,51,1248,47,0.47115384615384615,0.5084738709308253,0.42766932005158537,0.580952380952381,0.17579250720461095,0.26991150442477874,0.585427135678392,0.022508063614097927,0.5880834412518143,0.4655408205317731,0.5262227031076062,0.25009870529174805,0.5560897435897436
2023-03-27,MLP,42,582,0,0.506872852233677,0.5126986796737028,0.5066266928564045,0.5789473684210527,0.46808510638297873,0.5176470588235295,0.4956063268892794,0.02527332683964154,0.602455687162825,0.4490909660741489,0.5176724293283035,0.24967411160469055,0.5652920962199313
2023-03-27,MLP,43,582,0,0.5240549828178694,0.5078090272354843,0.5060890984457864,0.5714285714285714,0.6322188449848024,0.6002886002886003,0.4118895966029724,0.01599580879276217,0.6106765836341861,0.4566015067036926,0.528412845249108,0.24924466013908386,0.5652920962199313
2023-03-27,MLP,44,582,0,0.5652920962199313,0.5,0.3611416026344676,0.5652920962199313,1.0,0.7222832052689352,0.0,0.0,0.5613958266297393,0.3989195870693102,0.46729819671540296,0.2458987683057785,0.5652920962199313
2023-03-27,MLP,45,582,0,0.4570446735395189,0.5142785059528816,0.3703110234602901,0.6756756756756757,0.07598784194528875,0.1366120218579235,0.6040100250626567,0.05801921640161231,0.6291612429133935,0.47634613511571267,0.565139301031993,0.25044897198677063,0.5652920962199313
2023-03-27,MLP,46,582,0,0.5652920962199313,0.5,0.3611416026344676,0.5652920962199313,1.0,0.7222832052689352,0.0,0.0,0.6205810926048327,0.4789263613130072,0.541015413818374,0.24530941247940063,0.5652920962199313
2023-03-27,MLP,47,582,0,0.4948453608247423,0.5280824633276067,0.47682993946064944,0.6206896551724138,0.2735562310030395,0.379746835443038,0.5739130434782609,0.06437224952207188,0.6070820741301959,0.45468144775281805,0.530425171498252,0.24983623623847961,0.5652920962199313
2023-03-27,MLP,48,582,0,0.5292096219931272,0.4968463543856698,0.4781806282722513,0.5632183908045977,0.7446808510638298,0.6413612565445026,0.315,-0.007196110076652976,0.5655308805654629,0.41832711529667105,0.4895479173925057,0.2507094144821167,0.5652920962199313
2023-03-27,MLP,49,582,0,0.46219931271477666,0.517011665485301,0.3860242198322205,0.6666666666666666,0.0972644376899696,0.16976127320954906,0.602287166454892,0.06131176129855457,0.6038097599750281,0.45844423824538183,0.5280704494395522,0.24999937415122986,0.5652920962199313
2023-03-27,MLP,50,582,0,0.5189003436426117,0.5228804497999688,0.5182119205298013,0.5890909090909091,0.49240121580547114,0.5364238410596026,0.5,0.045437792972569516,0.6022977630334152,0.4561489844733839,0.5261001717985991,0.24963682889938354,0.5652920962199313
2023-03-27,MLP,51,582,0,0.5120274914089347,0.48895322993380347,0.48205713139719986,0.5572519083969466,0.6656534954407295,0.6066481994459834,0.3574660633484163,-0.023388175412111044,0.5722206677469394,0.40564364037275624,0.4767771543904754,0.24986065924167633,0.5652920962199313
2023-03-27,GRU,42,582,39,0.5189003436426117,0.5224239220538943,0.5180808403420987,0.5884476534296029,0.49544072948328266,0.5379537953795379,0.4982078853046595,0.04451536884067727,0.6179433976649505,0.4624204841920912,0.5420365943030143,0.24729347229003906,0.5652920962199313
2023-03-27,GRU,43,582,39,0.48109965635738833,0.5250549635378498,0.44093286003282567,0.6391752577319587,0.1884498480243161,0.29107981220657275,0.5907859078590786,0.06665385062085905,0.6037376093552325,0.4359946446029762,0.515690137799296,0.24977771937847137,0.5652920962199313
2023-03-27,GRU,44,582,39,0.5652920962199313,0.5,0.3611416026344676,0.5652920962199313,1.0,0.7222832052689352,0.0,0.0,0.6050603897241288,0.43115223476490383,0.5166512488436632,0.24530993402004242,0.5652920962199313
2023-03-27,GRU,45,582,39,0.5274914089347079,0.5277400675180509,0.5253600946610796,0.5924657534246576,0.5258358662613982,0.5571658615136876,0.49355432780847147,0.05500539583579421,0.6100063675895562,0.4660390788835952,0.5428655525787811,0.2486180067062378,0.5652920962199313
2023-03-27,GRU,46,582,39,0.520618556701031,0.5111609020027151,0.5111496464085404,0.5748502994011976,0.5835866261398176,0.579185520361991,0.4431137724550898,0.02237630774235391,0.6026036287942506,0.4501707068390075,0.5273436092122493,0.24821944534778595,0.5652920962199313
2023-03-27,GRU,47,582,39,0.5085910652920962,0.4918485769549599,0.48969280765221657,0.5589041095890411,0.6200607902735562,0.5878962536023055,0.39148936170212767,-0.01671265079892193,0.5763509753780497,0.4173802635959599,0.4863041676177661,0.25042691826820374,0.5652920962199313
2023-03-27,GRU,48,582,39,0.48281786941580757,0.5229224984081599,0.4515330162835039,0.6228070175438597,0.21580547112462006,0.32054176072234764,0.5825242718446602,0.057263093267478804,0.6082024322141968,0.4374186991379999,0.5275838869733411,0.2500898540019989,0.5652920962199313
2023-03-27,GRU,49,582,39,0.5292096219931272,0.5406730180088182,0.5290705915705916,0.6131687242798354,0.45288753799392095,0.5209790209790209,0.5371621621621622,0.08176955199868426,0.6105669529699229,0.4554667847746867,0.5391352403378306,0.24883417785167694,0.5652920962199313
2023-03-27,GRU,50,582,39,0.5240549828178694,0.5183091653951969,0.5180434022224282,0.5817610062893082,0.5623100303951368,0.5718701700154559,0.46421663442940037,0.036462062375513186,0.6134396828723139,0.4616161579443536,0.5400362819419249,0.24749965965747833,0.5652920962199313
2023-03-27,GRU,51,582,39,0.4742268041237113,0.5180628806900777,0.43352799725180347,0.6185567010309279,0.182370820668693,0.28169014084507044,0.5853658536585366,0.048052776028991405,0.587461001642547,0.4308388444023403,0.5124283671924744,0.25079309940338135,0.5652920962199313
