issue,concern,checked,result,status,sentence,file
Exact vs normalized username matching,Inconsistent literal and case-insensitive populations,"Raw tweet/network endpoint sets, induced graph with all matched nodes including isolates",Exact WCC 17598 users/29715 edges; normalized 17636 users/29825 edges. WCC changes; existing model cohort remains preserved.,needs methodological correction,"Literal matching selected 17,598 users and 29,715 directed edges in the largest weak component; trimming whitespace, removing one leading @ and casefolding selected 17,636 users and 29,825 edges, so the previously fitted models retain the original cohort while the matching sensitivity is reported separately.",matching_sensitivity_comparison.csv
99.8638% coverage denominator,Raw rows and unique pairs mixed,"Literal and normalized unique pairs, reconstructed overlap, per-row membership",109217/109366 = 99.86376022%; precision 109217/109219 = 99.99816882%.,correct,"Reconstructed interactions overlap 109,217 of 109,366 normalized unique supplied directed pairs (99.8638% pair coverage), and 109,217 of 109,219 reconstructed pairs (99.9982% precision-style overlap); the supplied file contains 109,443 rows.",reconstruction_overlap_reconciliation.csv
94.67% vs 94.61% lexical agreement,Disputed percentage and zero-polarity definition,"TextBlob recomputed on every raw Tweet using exact saved formula, saved counts checked","80937/85495 = 94.66869408%; rounds 94.67%, not 94.61%.",correct,"Agreement between the binary Target label and indicator(TextBlob polarity > 0), with zero polarity assigned to the nonpositive class, is 80,937/85,495 (94.67%); Target-0 and Target-1 row agreements are 97.62% and 91.68%, respectively.",target_textblob_agreement_recheck.csv
Edge-direction semantics,Recorded action edges mistaken for verified content flow,"Reconstruction author/reference semantics, layer controls and controlled weight reallocation",Retweet reversal is plausible content flow; mention and inferred reply have no verified content direction. Structural adjacency/spectral transpose invariance does not imply reach invariance.,needs wording correction,"Recorded edges point from tweet author to a text-referenced account; retweet edges are reversed for a plausible content-flow sensitivity, whereas mention and inferred-reply direction remain uncertain and are tested in both orientations rather than treated as verified information transmission.",typed_direction_assumptions.txt
Typed retweet/reply/mention layers,Pooling hides interaction semantics,Separate weighted graphs and node-universe/layer overlaps,"16 retweet events (14 pairs/20 endpoints), 41,024 inferred replies and 88,564 mentions. Native metadata absent; inferred reply is a leading-handle heuristic.",needs methodological correction,"The 129,604 reconstructed events comprise 16 text-supported retweets, 41,024 inferred replies and 88,564 mentions; the sparse retweet layer and absent native reply/retweet metadata preclude broad conclusions about retweet propagation or verified reply behavior.",typed_layer_network_statistics.csv
Layer orientation mixing,Pooled association or global shuffle may reflect degree,2000 degree/strength-stratified and 2000 global permutations per layer; separate Holm families,"Primary Holm p: retweet=0.6777, reply_inferred=0.6777, mention=0.2984. Retweet global null has undefined draws and p=NA.",needs wording correction,None of the three layer-wise orientation correlations is supported after Holm correction under the degree/strength-stratified permutation null; these descriptive full-history associations do not establish political homophily.,layer_orientation_permutation_tests.csv
Static vs time-respecting reach,Static paths may violate event chronology,500 seeds per stratum where nodes available; non-decreasing timestamp earliest arrival,"High-out-strength mean temporal/static reach 0.748735 recorded (0.725722, 0.771174); 0.523778 layer-aware (0.498249, 0.549556). Stratum-dependent reductions; many static sinks ratio=NA.",needs methodological correction,"For the 500 highest-out-strength seeds, time-respecting reach retains on average 74.87% of static descendants in recorded direction and 52.38% under the retweet-reversed layer-aware convention, with substantial variation by seed stratum and no reach ratio assigned to static sinks.",time_respecting_reachability_summary.csv
Net-of-seed propagation reach,Final totals dominated by initial seeds,2000 paired Monte Carlo runs per configuration/direction; identity-based seed exclusion,"Full balanced recorded mean secondary 0.269500 (95% MC CI 0.246461, 0.292539); amplification 0.005390. Weighted baseline secondary 2.503500.",needs wording correction,"With 25 initial seeds per type, beta_0=beta_1=0.14 and recovery 0.25, the full recorded-direction model generates a mean of 0.2695 secondary adoptions (95% Monte Carlo CI 0.2465–0.2925) within 25 steps, corresponding to 0.00539 secondary adoptions per initial seed; seed-inclusive cascade totals should not be interpreted as amplification.",secondary_reach_simulation_results.csv
Amount of actual competition,Exclusive adoption does not imply many contested nodes,Positive-probability susceptible opportunities vs successful simultaneous resolution,Full balanced recorded mean ever-both fraction 0.00058964; actual resolution events/run 0.075500. Exposure denominator excludes 50 seeds.,needs wording correction,"In the balanced full-model recorded-direction simulation, the mean fraction of non-seed nodes ever offered both contagions before adoption is 0.0590%, and the mean number of actual simultaneous competition-resolution events is 0.0755 per run; these are model exposure opportunities, not observed Twitter contacts.",competition_exposure_overlap.csv
Seed-inclusive vs secondary competition outcome,Seed allocation can determine outcome statistic,Signed (C0-C1)/(C0+C1) and original 5% mixed-close rule on totals and secondary counts,"Both definitions saved; zero secondary-adoption denominator is NA, not zero or tie. No equivalence margin defined.",needs methodological correction,"Competitive outcomes are reported primarily using non-seed Target-0 and Target-1 adoptions; runs with no secondary adoption have undefined outcomes, and seed-inclusive outcomes are retained only as a sensitivity because initial allocation can dominate them.",competition_outcome_definition_comparison.csv
Spectral-threshold validity,Tiny recurrent core and self-loops may dominate,"Exact SCC-block spectra, loop removal, three directions, explicit normalization",Largest SCC 17; radius 20.000000 -> 9.043208; loop-dominated singleton ictcimpact. Diagnostic beta 0.425000 -> 0.939932; all-reversed invariant.,needs wording correction,"The adjacency spectral radius is dominated by a self-loop on a singleton SCC and decreases from 20.0000 to 9.0432 after loop removal; because the largest SCC has only 17 nodes and epidemic-model assumptions were not validated, the associated critical-beta calculation is a loop-sensitive spectral diagnostic rather than an established epidemic threshold.",spectral_threshold_audit.csv
Forecasting near-chance interpretation,Accuracy may reflect imbalance and incomparable cohorts,"Saved forecasts only, 156 summary means independently reproduced from saved weekly means",Graph-only balanced accuracy .5006–.5091; Persistence .5403; history logistic .5535 and history+structural MLP .5536. No corrected macro-F1 superiority over Persistence established.,needs wording correction,"Graph-only weekly models achieve balanced accuracy close to 0.50, whereas Persistence and history-based models show modest signal; historical label information, rather than demonstrated incremental graph-message value, accounts for the strongest saved results, and the original monthly majority-like accuracy must not be presented as strong balanced forecasting.",all_forecasting_models_reconciled.csv
Aligned GRU definition,Different GRUs conflated,Saved architecture/configuration and cutoff construction compared,"Original GRU direct six-feature GRU differs from graph-aligned projected raw-feature GRU. Temporal GCN fixed graph weights, not parameter-evolving EvolveGCN.",needs wording correction,"The aligned GRU replaces the Temporal GCN graph aggregation with raw weekly structural feature sequences while retaining its projection, GRU head and evaluation pipeline; it is distinct from the original lagged node-only GRU and is reported separately.",aligned_GRU_definition.txt
Static vs temporal node universes,Population denominators differ across analyses,"Exact/normalized static cohorts, reconstructed endpoint union, weekly prediction eligibility","Original WCC 17,598; normalized WCC 17,636; full event endpoint universe 60,219; weekly prediction uses eligible user-weeks, not every static node.",needs wording correction,"The original static diffusion cohort contains 17,598 users, the normalized-matching sensitivity contains 17,636 largest-WCC users, and the full reconstructed temporal network contains 60,219 endpoint accounts; weekly forecasting evaluates an eligible user-week cohort and these denominators are not interchangeable.",forecasting_population_and_information_boundary.csv
Publication figure corrections,"Mixed units, hidden zeros/core, seed-inclusive outcome and missing uncertainty","New figures only; source CSVs, SVG/400-DPI PNG, readable unit/scale/CI labels","Separated population units and weekly panels, visible exact polarity zero, CCDFs without power-law claims, log lollipop bow-tie, net-of-seed competition, panel-specific heatmap scales and forecast references.",needs methodological correction,"Corrected figures separate population units and activity/class-share panels, display exact zero polarity, report degree/strength CCDFs without a power-law claim, and use secondary-adoption outcomes and explicitly labelled uncertainty and chance references.",../figures/reviewer_corrected/
Reproducibility and governance gaps,"Environment, assumptions, provenance and hashes incomplete","Protected-file baseline/postcheck, scripts/configuration and output hashes packaged","Raw tweet text not included; original package versions/dataset provenance, validated native reply direction, causal adoption and public licence/DOI unavailable.",needs methodological correction,"The correction analyses are accompanied by scripts, fixed random seeds, configuration, software versions, protected-input SHA-256 verification, figure source data and output manifests; the source tweet dataset is excluded and no public repository, DOI, redistribution licence or verified native interaction metadata is claimed.",reproducibility_manifest.csv
