Model,Metric,Test_Weeks,Valid_Weeks,Mean,Std,Bootstrap_95_Lower,Bootstrap_95_Upper,Bootstrap_Draws,Seed
Majority,accuracy,15,15,0.5292239015580961,0.018275585897591595,0.5200618242333177,0.5380874421456702,10000,42
Majority,balanced_accuracy,15,15,0.5,0.0,0.5,0.5,10000,42
Majority,macro_F1,15,15,0.3459863034622334,0.00782073448303654,0.34203475567657415,0.34976503094657985,10000,42
Majority,class_0_precision,15,15,0.5292239015580961,0.018275585897591595,0.5200618242333177,0.5380874421456702,10000,42
Majority,class_0_recall,15,15,1.0,0.0,1.0,1.0,10000,42
Majority,class_0_F1,15,15,0.6919726069244668,0.01564146896607308,0.6840695113531483,0.6995300618931597,10000,42
Majority,class_1_F1,15,15,0.0,0.0,0.0,0.0,10000,42
Majority,MCC,15,15,0.0,0.0,0.0,0.0,10000,42
Majority,class_0_PR_AUC,15,15,0.5292239015580961,0.018275585897591595,0.5200618242333177,0.5380874421456702,10000,42
Majority,class_1_PR_AUC,15,15,0.47077609844190393,0.018275585897591595,0.4619125578543299,0.4799381757666823,10000,42
Majority,ROC_AUC,15,15,0.5,0.0,0.5,0.5,10000,42
Majority,Brier_score,15,15,0.24920059888771992,0.0008330644395417082,0.24879834096902853,0.24961766679608474,10000,42
Majority,no_skill_class_0_PR_AUC,15,15,0.5292239015580961,0.018275585897591595,0.5200618242333177,0.5380874421456702,10000,42
Persistence,accuracy,15,15,0.5437616289336494,0.0217837620493496,0.5324009360899117,0.5537588071653684,10000,42
Persistence,balanced_accuracy,15,15,0.5402665915765487,0.02126292033831981,0.52933133469275,0.5501773443090329,10000,42
Persistence,macro_F1,15,15,0.5395807242960446,0.021982253831162764,0.5282414352258523,0.549770974420909,10000,42
Persistence,class_0_precision,15,15,0.5650326518513457,0.029137692794407758,0.5492990513135372,0.5776923694374487,10000,42
Persistence,class_0_recall,15,15,0.600727544087582,0.02088279802938594,0.5897925283065495,0.6101367922040978,10000,42
Persistence,class_0_F1,15,15,0.5820602376332096,0.02270813803985059,0.5701775633207652,0.5922283861900308,10000,42
Persistence,class_1_F1,15,15,0.49710121095887977,0.026910252471051593,0.4836964728516406,0.5098583621003937,10000,42
Persistence,MCC,15,15,0.08097013037624382,0.042726462457649,0.0589547251557332,0.1008780437418111,10000,42
Persistence,class_0_PR_AUC,15,15,0.557476670319953,0.024147677860423683,0.5449418488236439,0.5688346659965977,10000,42
Persistence,class_1_PR_AUC,15,15,0.49759780645022267,0.020551776888034185,0.4873482001714153,0.507284036649517,10000,42
Persistence,ROC_AUC,15,15,0.5469181669209041,0.021344690880760724,0.5363221321419241,0.5573138197664839,10000,42
Persistence,Brier_score,15,15,0.4328523290298157,0.020507675235452657,0.42290730402908133,0.44302056994798306,10000,42
Persistence,no_skill_class_0_PR_AUC,15,15,0.5292239015580961,0.018275585897591595,0.5200618242333177,0.5380874421456702,10000,42
Logistic Regression,accuracy,15,15,0.4978593926611909,0.01997676351574025,0.48765340156316345,0.5073895975836487,10000,42
Logistic Regression,balanced_accuracy,15,15,0.5120928506013281,0.020604678114811564,0.5011363117797611,0.521547618852153,10000,42
Logistic Regression,macro_F1,15,15,0.47418363161895394,0.017892804057717492,0.4651090774173175,0.4827957290780341,10000,42
Logistic Regression,class_0_precision,15,15,0.5550217040421469,0.0472191155320008,0.5313569922521454,0.5783641745835072,10000,42
Logistic Regression,class_0_recall,15,15,0.2718119118317391,0.0239095651348449,0.2596739111339156,0.28363427003910535,10000,42
Logistic Regression,class_0_F1,15,15,0.3637512944811121,0.02421069183416734,0.35148618694523587,0.37548178077583017,10000,42
Logistic Regression,class_1_F1,15,15,0.5846159687567957,0.023988600528560697,0.5727854179532883,0.5961448388466496,10000,42
Logistic Regression,MCC,15,15,0.028503134566352895,0.047090279759309066,0.003582036445522633,0.05042472454705029,10000,42
Logistic Regression,class_0_PR_AUC,15,15,0.5529057690893435,0.02760231615146688,0.5395622474441173,0.5668055722649383,10000,42
Logistic Regression,class_1_PR_AUC,15,15,0.481809801996999,0.027578698379962702,0.4696653087365333,0.49616970503016605,10000,42
Logistic Regression,ROC_AUC,15,15,0.5136140263684641,0.018217047569043306,0.5044696494103439,0.5222761566420957,10000,42
Logistic Regression,Brier_score,15,15,0.2496041847381128,0.0011781476768918592,0.2490316477437597,0.2501867833566823,10000,42
Logistic Regression,no_skill_class_0_PR_AUC,15,15,0.5292239015580961,0.018275585897591595,0.5200618242333177,0.5380874421456702,10000,42
