Week_Start,Model,Test_Users,Test_Class_0_Count,Test_Class_1_Count,accuracy,balanced_accuracy,macro_F1,class_0_precision,class_0_recall,class_0_F1,class_1_F1,MCC,class_0_PR_AUC,class_1_PR_AUC,ROC_AUC,Brier_score,no_skill_class_0_PR_AUC
2022-12-19,Majority,599,313,286,0.5225375626043406,0.5,0.3432017543859649,0.5225375626043406,1.0,0.6864035087719298,0.0,0.0,0.5225375626043406,0.4774624373956594,0.5,0.24950657775139234,0.5225375626043406
2022-12-19,Persistence,599,313,286,0.5709515859766278,0.5687962197546862,0.5686239894638028,0.5848484848484848,0.6166134185303515,0.6003110419906688,0.5369369369369369,0.138170918991603,0.5837537444161205,0.528714401558446,0.5897249715141089,0.39145274950698755,0.5225375626043406
2022-12-19,Logistic Regression,599,313,286,0.5175292153589316,0.5318539288187851,0.47194082208495386,0.6090909090909091,0.21405750798722045,0.31678486997635935,0.6270967741935484,0.08218591868275169,0.5539838539729822,0.4984080043995258,0.5219117942760115,0.250261319457862,0.5225375626043406
2022-12-26,Majority,587,305,282,0.5195911413969335,0.5,0.3419282511210762,0.5195911413969335,1.0,0.6838565022421524,0.0,0.0,0.5195911413969335,0.4804088586030664,0.5,0.24961932814364382,0.5195911413969335
2022-12-26,Persistence,587,305,282,0.5059625212947189,0.503197302639228,0.5019019194756554,0.5223880597014925,0.5737704918032787,0.546875,0.45692883895131087,0.006454543644205144,0.5239604525843062,0.4827233698598845,0.5063074061155679,0.47239135741781596,0.5195911413969335
2022-12-26,Logistic Regression,587,305,282,0.4957410562180579,0.5053947215440064,0.46845325501713164,0.5302013422818792,0.25901639344262295,0.34801762114537443,0.5888888888888889,0.012386349009187126,0.5578794259810019,0.4586360667418915,0.4988082781071968,0.24798794065793617,0.5195911413969335
2023-01-02,Majority,625,336,289,0.5376,0.5,0.34963579604578565,0.5376,1.0,0.6992715920915713,0.0,0.0,0.5376,0.4624,0.5,0.24884509534699614,0.5376
2023-01-02,Persistence,625,336,289,0.5584,0.5544364804745427,0.5544293596181266,0.5862068965517241,0.6071428571428571,0.5964912280701754,0.5123674911660777,0.10927204928026274,0.5596113726626553,0.49502268390048737,0.5465274345032132,0.4325897461927816,0.5376
2023-01-02,Logistic Regression,625,336,289,0.5104,0.5274602488054045,0.4926194367213532,0.5872093023255814,0.3005952380952381,0.39763779527559057,0.5876010781671159,0.06131118345518164,0.5866636384423111,0.4700462599554064,0.5263377409787444,0.2481156347617844,0.5376
2023-01-09,Majority,688,377,311,0.5479651162790697,0.5,0.3539906103286385,0.5479651162790697,1.0,0.707981220657277,0.0,0.0,0.5479651162790697,0.45203488372093026,0.5,0.24841035213181026,0.5479651162790697
2023-01-09,Persistence,688,377,311,0.5290697674418605,0.5266659274864176,0.5263640999490056,0.5730027548209367,0.5517241379310345,0.5621621621621622,0.49056603773584906,0.05316705025926237,0.5679246701502343,0.4689399325219906,0.5327854870487092,0.44950054623092045,0.5479651162790697
2023-01-09,Logistic Regression,688,377,311,0.49273255813953487,0.5146187109265056,0.4759839813188132,0.574468085106383,0.2864721485411141,0.3823008849557522,0.5696670776818742,0.03265322018464385,0.5750865498583986,0.4608388865678329,0.50936910965739,0.2485046489126746,0.5479651162790697
2023-01-16,Majority,809,395,414,0.48825710754017304,0.5,0.3280730897009967,0.48825710754017304,1.0,0.6561461794019934,0.0,0.0,0.48825710754017304,0.511742892459827,0.5,0.25106951021702495,0.48825710754017304
2023-01-16,Persistence,809,395,414,0.4956736711990111,0.4974866996881306,0.493499797444113,0.4860813704496788,0.5746835443037974,0.5266821345707656,0.4603174603174603,-0.005086295710209967,0.5032027255848273,0.5140918961647072,0.5151134348437596,0.46281218359555854,0.48825710754017304
2023-01-16,Logistic Regression,809,395,414,0.5278121137206427,0.5230202409343851,0.5046324792900926,0.5271966527196653,0.3189873417721519,0.39747634069400634,0.6117886178861789,0.050443150176856445,0.5388747063258428,0.5573900665392453,0.5427077600440285,0.24831373710445398,0.48825710754017304
2023-01-23,Majority,747,388,359,0.5194109772423026,0.5,0.34185022026431716,0.5194109772423026,1.0,0.6837004405286343,0.0,0.0,0.5194109772423026,0.48058902275769744,0.5,0.24966128802210827,0.5194109772423026
2023-01-23,Persistence,747,388,359,0.570281124497992,0.5685394710392557,0.5683472274976643,0.5819070904645477,0.6134020618556701,0.5972396486825596,0.539454806312769,0.13759854037751446,0.5605066518372076,0.5248664991204895,0.5712172989116389,0.4124678269595418,0.5194109772423026
2023-01-23,Logistic Regression,747,388,359,0.5261044176706827,0.536111190879591,0.49791524265208476,0.5934065934065934,0.27835051546391754,0.37894736842105264,0.6168831168831169,0.08405721092635082,0.565448728158065,0.5081212260197064,0.5398048703443127,0.24867764268403048,0.5194109772423026
2023-01-30,Majority,745,389,356,0.5221476510067115,0.5,0.3430335097001764,0.5221476510067115,1.0,0.6860670194003528,0.0,0.0,0.5221476510067115,0.4778523489932886,0.5,0.2495098491638916,0.5221476510067115
2023-01-30,Persistence,745,389,356,0.5342281879194631,0.5315848762311891,0.5309798414676848,0.5502392344497608,0.5912596401028277,0.5700123915737298,0.49194729136163984,0.06358387000030156,0.5419945721678227,0.4972721272654861,0.5350004332630485,0.44799191983576714,0.5221476510067115
2023-01-30,Logistic Regression,745,389,356,0.44966442953020136,0.4584717368071402,0.43154748611669425,0.452914798206278,0.2596401028277635,0.3300653594771242,0.5330296127562643,-0.09059117248388372,0.520992583289517,0.4720084101402313,0.4767662690274689,0.24985159599981085,0.5221476510067115
2023-02-06,Majority,738,393,345,0.532520325203252,0.5,0.34748010610079577,0.532520325203252,1.0,0.6949602122015915,0.0,0.0,0.532520325203252,0.46747967479674796,0.5,0.24906725448511347,0.532520325203252
2023-02-06,Persistence,738,393,345,0.5392953929539296,0.5350370616218608,0.5346162977031278,0.5632458233890215,0.6005089058524173,0.5812807881773399,0.4879518072289157,0.07057666659505603,0.5577576840098231,0.49078024919543184,0.5421801821735444,0.4339641817545629,0.532520325203252
2023-02-06,Logistic Regression,738,393,345,0.497289972899729,0.5124128775307003,0.4765206917319109,0.5555555555555556,0.27989821882951654,0.37225042301184436,0.5807909604519774,0.027956243457039752,0.5555235296976406,0.4724178556535105,0.5124239407014051,0.2497274805643565,0.532520325203252
2023-02-13,Majority,879,466,413,0.5301478953356087,0.5,0.3464684014869889,0.5301478953356087,1.0,0.6929368029739778,0.0,0.0,0.5301478953356087,0.46985210466439137,0.5,0.24916738129010388,0.5301478953356087
2023-02-13,Persistence,879,466,413,0.565415244596132,0.5620395099190473,0.5618763048016702,0.5853658536585366,0.6180257510729614,0.6012526096033403,0.5225,0.12474648129532004,0.5717734387491781,0.5111557362568868,0.5694904862359579,0.4129622947462092,0.5301478953356087
2023-02-13,Logistic Regression,879,466,413,0.4812286689419795,0.49461960531648463,0.4613159875282228,0.5204918032786885,0.27253218884120173,0.35774647887323946,0.5648854961832062,-0.011993069181722308,0.5229408638446816,0.49418467094689367,0.5051673611904935,0.25180723283136575,0.5301478953356087
2023-02-20,Majority,885,464,421,0.5242937853107345,0.5,0.34395848776871757,0.5242937853107345,1.0,0.6879169755374351,0.0,0.0,0.5242937853107345,0.47570621468926555,0.5,0.2494139529068346,0.5242937853107345
2023-02-20,Persistence,885,464,421,0.5536723163841808,0.5501397534605619,0.549215261237864,0.5677799607072691,0.6228448275862069,0.5940390544707091,0.5043914680050188,0.10131165604456721,0.5530667205559563,0.5079336530090663,0.5519263453190268,0.4252248410511179,0.5242937853107345
2023-02-20,Logistic Regression,885,464,421,0.49265536723163844,0.5053776926857236,0.46238457635717906,0.5355450236966824,0.2435344827586207,0.3348148148148148,0.5899543378995433,0.012605347953710875,0.5410076775861016,0.492985955600285,0.5167166639364402,0.25044051355674574,0.5242937853107345
2023-02-27,Majority,960,503,457,0.5239583333333333,0.5,0.3438140806561859,0.5239583333333333,1.0,0.6876281613123718,0.0,0.0,0.5239583333333333,0.47604166666666664,0.5,0.2494270886714152,0.5239583333333333
2023-02-27,Persistence,960,503,457,0.55,0.5468632406871681,0.5461867077526437,0.5651376146788991,0.6123260437375746,0.5877862595419847,0.5045871559633027,0.09448918571643068,0.552575140802108,0.506092580478193,0.5504108826254726,0.4290737713923092,0.5239583333333333
2023-02-27,Logistic Regression,960,503,457,0.484375,0.49534521535991927,0.4617072444100585,0.5153846153846153,0.2664015904572565,0.35124508519003933,0.5721694036300777,-0.010462512425858304,0.5233853755242245,0.4764814677349614,0.49560188105502645,0.25050206710401474,0.5239583333333333
2023-03-06,Majority,1038,535,503,0.5154142581888247,0.5,0.34011443102352196,0.5154142581888247,1.0,0.6802288620470439,0.0,0.0,0.5154142581888247,0.48458574181117536,0.5,0.2498202567608079,0.5154142581888247
2023-03-06,Persistence,1038,535,503,0.5394990366088632,0.5372772709537169,0.5358528690901607,0.5478991596638656,0.6093457943925233,0.5769911504424778,0.49471458773784355,0.07533115802169715,0.5395195064929884,0.5084748000209705,0.5418609836309247,0.4376477690612577,0.5154142581888247
2023-03-06,Logistic Regression,1038,535,503,0.5115606936416185,0.5192712881588971,0.4832398038089346,0.5538461538461539,0.2691588785046729,0.3622641509433962,0.6042154566744731,0.04445546446705529,0.5208418550441568,0.49474376648203466,0.5096505081659575,0.25112252613744035,0.5154142581888247
2023-03-13,Majority,996,531,465,0.5331325301204819,0.5,0.3477406679764244,0.5331325301204819,1.0,0.6954813359528488,0.0,0.0,0.5331325301204819,0.46686746987951805,0.5,0.24900302729619211,0.5331325301204819
2023-03-13,Persistence,996,531,465,0.5502008032128514,0.5476824008261952,0.5477040971476068,0.5769944341372912,0.5856873822975518,0.5813084112149532,0.5140997830802603,0.09547933030469126,0.5617390091950416,0.49620634339443803,0.5505842091407974,0.43541191282673797,0.5331325301204819
2023-03-13,Logistic Regression,996,531,465,0.4859437751004016,0.5003827227993439,0.46777991149703596,0.5338078291814946,0.2824858757062147,0.3694581280788177,0.5661016949152542,0.0008485586918593658,0.5331659715493121,0.4659917016341883,0.49266549217342,0.25055884919296434,0.5331325301204819
2023-03-20,Majority,1248,694,554,0.5560897435897436,0.5,0.3573635427394439,0.5560897435897436,1.0,0.7147270854788877,0.0,0.0,0.5560897435897436,0.4439102564102564,0.5,0.2479821367073611,0.5560897435897436
2023-03-20,Persistence,1248,694,554,0.5576923076923077,0.5498704730594367,0.5499200317782215,0.5988857938718662,0.6195965417867435,0.6090651558073654,0.4907749077490775,0.10025543926825656,0.595219647773517,0.47877474792312885,0.5629974302687294,0.41577067584770844,0.5560897435897436
2023-03-20,Logistic Regression,1248,694,554,0.4879807692307692,0.5155926507766414,0.46915852514745926,0.5862068965517241,0.26945244956772335,0.36920039486673245,0.5691166554281861,0.03552068783204243,0.5929545537652628,0.46293917092169407,0.5266284501503345,0.2487278684102481,0.5560897435897436
2023-03-27,Majority,582,329,253,0.5652920962199313,0.5,0.3611416026344676,0.5652920962199313,1.0,0.7222832052689352,0.0,0.0,0.5652920962199313,0.43470790378006874,0.5,0.24750588442110352,0.5652920962199313
2023-03-27,Persistence,582,329,253,0.5360824742268041,0.5243821858067926,0.5241930600133229,0.5855072463768116,0.6139817629179332,0.599406528189911,0.4489795918367347,0.04920136155469898,0.5895447178175084,0.45291807608373114,0.5376455182190613,0.43352315902795946,0.5652920962199313
2023-03-27,Logistic Regression,582,329,253,0.506872852233677,0.541459927676394,0.48755503060238375,0.65,0.2765957446808511,0.3880597014925373,0.5870503597122302,0.09617043775007847,0.6048372233006537,0.441953520617578,0.5296502757187308,0.2494637136960038,0.5652920962199313
