population,direction,self_loops_retained,source,target,weight,right_eigenvector_contribution
full_temporal_endpoint_population,layer_aware,False,drnitinchaube,puneetvizh,1.0,0.22528767198935506
full_temporal_endpoint_population,layer_aware,False,joerave,puneetvizh,2.0,0.45057534397871013
full_temporal_endpoint_population,layer_aware,False,joerave,terence_fdes,2.0,0.3016054913506921
full_temporal_endpoint_population,layer_aware,False,kirti_sd,joerave,1.0,0.08317632759691021
full_temporal_endpoint_population,layer_aware,False,kirti_sd,puneetvizh,1.0,0.22528767198935506
full_temporal_endpoint_population,layer_aware,False,kirti_sd,sociopoliticalw,1.0,0.057099945989483786
full_temporal_endpoint_population,layer_aware,False,kirti_sd,terence_fdes,1.0,0.15080274567534604
full_temporal_endpoint_population,layer_aware,False,psmanwatkar,terence_fdes,1.0,0.15080274567534604
full_temporal_endpoint_population,layer_aware,False,psmanwatkar,trendsetting123,1.0,0.3078141194704085
full_temporal_endpoint_population,layer_aware,False,puneetvizh,psmanwatkar,4.0,0.20285582841326202
full_temporal_endpoint_population,layer_aware,False,puneetvizh,terence_fdes,4.0,0.6032109827013842
full_temporal_endpoint_population,layer_aware,False,puneetvizh,trendsetting123,4.0,1.231256477881634
full_temporal_endpoint_population,layer_aware,False,secular_hoon,psmanwatkar,1.0,0.050713957103315506
full_temporal_endpoint_population,layer_aware,False,secular_hoon,puneetvizh,1.0,0.22528767198935506
full_temporal_endpoint_population,layer_aware,False,sociopoliticalw,joerave,1.0,0.08317632759691021
full_temporal_endpoint_population,layer_aware,False,sociopoliticalw,kirti_sd,1.0,0.057099945989483786
full_temporal_endpoint_population,layer_aware,False,sociopoliticalw,puneetvizh,1.0,0.22528767198935506
full_temporal_endpoint_population,layer_aware,False,sociopoliticalw,terence_fdes,1.0,0.15080274567534604
full_temporal_endpoint_population,layer_aware,False,terence_fdes,joerave,4.0,0.33270531038764084
full_temporal_endpoint_population,layer_aware,False,terence_fdes,kirti_sd,3.0,0.17129983796845136
full_temporal_endpoint_population,layer_aware,False,terence_fdes,puneetvizh,3.0,0.6758630159680652
full_temporal_endpoint_population,layer_aware,False,terence_fdes,sociopoliticalw,3.0,0.17129983796845136
full_temporal_endpoint_population,layer_aware,False,terence_fdes,vazeindian,1.0,0.012572601425302813
full_temporal_endpoint_population,layer_aware,False,trendsetting123,drnitinchaube,1.0,0.02491236193318566
full_temporal_endpoint_population,layer_aware,False,trendsetting123,joerave,4.0,0.33270531038764084
full_temporal_endpoint_population,layer_aware,False,trendsetting123,kirti_sd,3.0,0.17129983796845136
full_temporal_endpoint_population,layer_aware,False,trendsetting123,puneetvizh,8.0,1.8023013759148405
full_temporal_endpoint_population,layer_aware,False,trendsetting123,terence_fdes,3.0,0.45240823702603816
full_temporal_endpoint_population,layer_aware,False,vazeindian,joerave,1.0,0.08317632759691021
full_temporal_endpoint_population,layer_aware,False,vazeindian,secular_hoon,1.0,0.030520322827208686
