Target,Tweet,User,Date,Likes,Retweets
0.0,"@ExSecular #RSS is not Modi ! RSS is Creater, BJP is Creation ! #BJP is Producer &amp; #Modi is the Product !#ModiOnceMore",jbsaswini,2022-10-16 09:29:20+00:00,0.0,6.0
0.0,I'm a warrior and KCR 🔥 I'm not a bigger  now I want change Indian politics #KCR #kcrforindia #BRS #brsparty #TRS #Hyderabad #Telangana  @KTRTRS @trspartyonline https://t.co/mlP8dAN8Kq,iquadri51,2022-10-16 14:39:52+00:00,2.0,2.0
0.0,#BJPScaredOfKejriwal Coward attack by psychopath on #Delhi CM @ArvindKejriwal clearly shows failure of Delhi Police and Modi Government to provide safety. Mood of Delhi is very much clear and panic is visible in the eyes of #BJP leaders,NitinShuklaIND,2022-10-17 00:15:01+00:00,2.0,26.0
0.0,Politically celebrate the Scams and play the victim card. #India #IndianPolitics,AkShukla26,2022-10-17 06:50:34+00:00,1.0,5.0
0.0,Where is @AmitShah @narendramodi #FekuNama2019 the @BJP4India #Manifesto2019 for #LokSabhaElections2019  ? @gowhargeelani @drmfirdosi @OmarAbdullah @INCIndia @yadavakhilesh  @GAMIR_INC,malik42174767,2022-10-19 15:54:48+00:00,1.0,3.0
0.0,"RT @AmitThusu: @narendramodi Builders are looting us. Neither courts, NCDRC, RERA, NCLT, CREDA, courts are helping. Ferrous Infrastructure Pvt Ltd has not delivered the appartments in sector 89 faridabad to 1500 buyers since 2006 despite 95% payments made #BJP . Sir please help.",juntz29,2022-10-21 17:53:00+00:00,34.0,2.0
0.0,"It is possible in this strange world, and identity politics, the snake oil merchant Sunak, becomes the PM of GB, but UK in 2022 is a racist society, they would rather rule India, than an Indian rule Britain.",LuuvAus,2022-10-23 20:24:41+00:00,9.0,1.0
0.0,@DSenthilAnand @drshamamohd @RahulGandhi @CNNnews18 If Modi wave is so big then even BJP should not be doing alliance with AIADMK Shiv Sena etc. Forget about 2014 people got fooled by the Jumlas of BJP but not anymore since #AbHogaNYAY #Congresswinning2019 #LokSabhaElections2019 #BJPJumlaManifesto,shandon17,2022-10-25 11:40:29+00:00,9.0,6.0
0.0,"@Shehzad_Ind Don't divert Chunawala- what is being implied is that UK &amp; US have PM &amp; VP of Indian origin, but here in India regressive &amp; bigoted bjp vociferously opposed Sonia Gandhi as PM bcoz of her Italian birth, still mocks her as a foreigner...bjp does politics of race, caste, religion.",rahulm1600,2022-10-25 17:15:07+00:00,1.0,69.0
0.0,Firstpost-National trust survey:  Preferred next PM-   Narendra Modi - 63.4% Rahul Gandhi - 16.1%   #LokSabhaElections2019,Imamol97,2022-10-26 23:32:32+00:00,35.0,7.0
0.0,@BattaKashmiri The worst thing that happened to Indian politics in recent times,tee2799,2022-10-27 13:41:49+00:00,2.0,9.0
0.0,@DrRutvij @nsui @narendramodi @AmitShah @byadavbjp @OmMathur_bjp @vijayrupanibjp @jitu_vaghani @poonam_mahajan @BJYM @BJP4Gujarat @BJP4India how can i do some work for #BJP and our #worldfamous @narendramodi .,KalpPrajapat,2022-10-30 16:13:03+00:00,20.0,3.0
0.0,RAHUL GANDHI IS THE BIGGEST ... 👇 DUFFER IN 👇 INDIAN POLITICS .. 👇😀😀😀😀😀😀😀,rajeshparikh999,2022-11-04 14:49:49+00:00,8.0,4.0
0.0,Time for a Cricket-cum-Politics News at 10:00 PM⚡  STAY TUNED🎯,Indian_Analyzer,2022-11-07 16:18:15+00:00,691.0,44.0
0.0,notic dead silenc entir bjp team regard rafal prepar big divers short,User_98250,2022-11-09 06:22:24+00:00,17.0,8.0
0.0,"Blood politics doom Indian Country on every level, unless you’re a fucking Race Realist or Racial Purist.  “Nationhood, not Race” gets bludgeoned by “Race, but with extra steps” every time.  Doubling-down on BQ and Lineal Descent doesn’t fix that, even as BQ is far clearly worse.",KirosAuld,2022-11-09 15:40:20+00:00,44.0,18.0
0.0,#Indian Team has not experienced  advantage of powerplay bcos losers opening the batting for India. #IPL politics involved in selection process where captain of 12th ranked team in IPL becums captain of national team #INDvENG  #KLRahul #Rohit #BCCI #T20Iworldcup2022 #T20WorldCup,Sniperjones16,2022-11-10 10:46:49+00:00,0.0,2.0
0.0,@RahulGandhi @ANI @BJP4India @INCIndia @narendramodi Its not modi speech that we will ignore ”Please share your qualification and citizen ship details... Its national security concern ”  And please its not typo error  #ElectionsWithTimes  #LoksabhaElections2019,Kadamtweet,2022-11-10 15:01:57+00:00,40.0,2.0
0.0,"#5YearChallenge India used to be ranked 142 in Ease of Doing Business in 2014. Then, the Modi govt took over. The impact is, in a historic rise, India now stands at 77th rank. #ModiOnceMore #ModiFor2019 #NaMoAgain #NarendraModi #NewIndia #NaMoAgain2019 #BJP #Modi",SJVatsal,2022-11-11 23:22:56+00:00,5.0,41.0
0.0,BJP releases 1st list of 182 candidates for #LoksabhaElections2019 Narendra Modi to contest from Varanasi. Amit Shah to contest from  Gandhi Nagar. LK Advani is the sitting MP from Gandhi Nagar .Rajnath Singh from Lucknow. Nitin Gadkari from Nagpur,rageshvyasa,2022-11-13 12:04:30+00:00,11.0,12.0
0.0,"Selectivism, Favoritism and Individualism rocked Indian Team from the beginning of T20 World cup. Shear luck brought the team to Semis. England played like Champions from the beginning.   When politics will leave Indian Cricket. In my lifetime !!!",alokvarshney,2022-11-14 03:48:16+00:00,1.0,16.0
0.0,@prasannalara @mjimran He knows about Indian cricket politics,sameersohail9,2022-11-19 05:06:24+00:00,21.0,2.0
0.0,Ethics of the Indian Armed Forces.  Hope our dirty religious politics don’t creep in.,knowabhilash,2022-11-20 09:10:20+00:00,3.0,1.0
0.0,"Indian fined $6,806 for drunk driving, crashing vehicle in Dubai https://t.co/vd8kjgFk3S #TRENDINGNEWS #InternationalNews #NewsFeed #Breakingnews #Viralnews #Modi #UPDATES #POLITICS",Andhravilasnews,2022-11-21 05:04:46+00:00,21.0,1.0
0.0,bjp leader remind nidhi kashmir talk jammu blast talk horrif attack kashmiri call violenc ekka dukku that is precis problem rule parti need take attack serious,User_89167,2022-11-23 16:07:08+00:00,41.0,1.0
0.0,"@gopalkagarwal @AITCofficial @MamataOfficial @BJP4India @BJP4Bengal @AmitShah @narendramodi @KailashOnline @MenonArvindBJP @SidharthNSingh @anirbanganguly @SuPriyoBabul @RoopaSpeaks @MamataOfficial dsn't deserve to continue as CM of #WB,as she is threatening people, through her #gunda_eliments. It should be condemned by entire country.BJP is contesting in every province, no violence except #WB? Don't  blame #BJP, culprit is #TMC. #SaveBengalSaveDemocracy",misra_devi,2022-11-23 23:30:04+00:00,14.0,1.0
0.0,"140 crores of population, if you go check on every Tom Dick and Harry’s opinion it’s practically not possible to satisfy yourself. But the thing is “WE SHOULD LEFT INDIAN ARMY OUT OF POLITICS”",OfficeOfRANDA,2022-11-24 21:18:05+00:00,5.0,1.0
0.0,@narthlin If Indian politics is truly committed to democracy then opposition and judiciary should be allowed to nominate the CEC,goody_guy2002,2022-11-25 13:55:50+00:00,2.0,1.0
0.0,@MinhazMerchant @ndtv @priyankagandhi @narendramodi Such is the fear that #Modi and #BJP will again  black it out.  Open your eyes #godimedia 12th man! #GoDiscoverMore,Harry3275,2022-11-25 23:40:16+00:00,3.0,1.0
0.0,"Railways to introduce Jagannath Express before next Rath Yatra https://t.co/GCQJUbw2p2 #coronavirusoutbreak #Breakingnews #Indiapolitics #AndhraPolitics #NewsFeed #HarGharTiranga #Telangana #Politics #KCR   Bhubaneswar, Nov 26 - Indian Railways will introduce Jagannath Express…",Andhravilasnews,2022-11-26 17:48:34+00:00,12.0,1.0
0.0,@CricCrazyJohns Stop watching cricket just because of dirty politics in indian cricket...Jay shah and team ruined it ..,abhigourav551,2022-11-27 03:23:20+00:00,2.0,0.0
0.0,@LagaTeerNishane Minorities don't matter in Indian politics now.... Sikhs are a micro minority anyways.... Except in Punjab... Sikh Votes have no relevance or power electorally...,Arsenal_830,2022-11-27 04:45:25+00:00,1.0,27.0
0.0,@narendramodi Got inked.  Voted @AprajitaSarangi @narendramodi     #LokSabhaElections2019,debiduttadas,2022-11-27 19:30:02+00:00,17.0,3.0
0.0,"No @IamSanjuSamson again !!! 💔  Hey @BCCI,  You will learn your lessons one day when fans away from Cricket tired of seeing  your politics and favoritism 😡  You're ruining Indian Cricket by your politics, favoritism and greed for money 👎 #NZvIND #SanjuSamson",Goku15332,2022-11-30 01:57:50+00:00,3.0,10.0
0.0,"@narendramodi in Gujarat today. Will be campaining in Himmatnagar, Surendranagar and Anand. These are the seats where Congress has an edge-going by assembly results. #CongMuslimVote PM will try to focus on national issues rather regional. #BJP #LokSabhaElections2019",1947to2014,2022-12-01 08:20:03+00:00,3.0,11.0
0.0,@desimojito Voting people 55-60 % only. And expecting change in Indian politics. Voting should be 80-85 percent to have a proper elected government.,umeshm712,2022-12-05 15:30:45+00:00,8.0,3.0
0.0,@RockySIays She has the bhasmasur hasth which will destroy every one she met 100% strike rate always guarantee that's why I call her in new age bhasmasura of Indian Journalism and politics but radical left liberals never going to learn the lesson they will meet her and destroy themselves,JaganRe35333141,2022-12-05 19:36:36+00:00,1.0,31.0
0.0,pulwamaterroristattack fire heart pm modi furious loss crpf braveheart,User_56081,2022-12-10 23:53:22+00:00,2.0,1.0
0.0,modi govt everyth seem disappear cr jobsyr promis rs lakh citizen promis x farm incom unemploy data amp now even rafal file disappear gayabhogaya,User_55606,2022-12-11 18:25:33+00:00,2.0,32.0
0.0,"@ThanthiTV EC should disqualify his candidature, is this முன்னேற்றம் மாற்றம். ......horrible #LokSabhaElections2019 @TNelectionsCEO @Swamy39 @narendramodi @DrTamilisaiBJP",senthil_jp,2022-12-13 06:45:44+00:00,2.0,28.0
0.0,@arunjaitley @smritiirani Respected @arunjaitley ji   #Congress Promises.  #BJP Delivers. @narendramodi,LaksshyaAdvani,2022-12-15 03:29:13+00:00,3.0,1.0
0.0,Instead of such big campaign on Twitter. Modi could have just agreed for investigation on Rafael deal Rahul couldn't have said anything then.#ChowkidarChorHai #EkHiChowkidarChorHai #ChowkidarPhirSe #ChowkidarNarendraModi #ChowkidarHiChorHai #ModiChowkidarChallenge #BJP #BJP4India,akshaygupta22,2022-12-15 09:24:45+00:00,181.0,21.0
0.0,"Senior BJP leader, PM Narendra Modi to address public meetings for remaining phases of #LokSabhaElections2019 at Dindori, Nandurbar in Maharashtra &amp; at Udaipur, Jodhpur in Rajasthan today. Rahul Gandhi to address rallies at Amethi, Raebareli in Uttar Pradesh today. #PollsWithAIR",airnewsalerts,2022-12-18 15:31:03+00:00,12.0,25.0
0.0,"@wanda_hudson @risingsun5169 @TeslaAllTheWay @elonmusk You didn't even know who I was apparently since you called me a bot based on a joke line I had in my profile. So you don't know what I tweeted about or not.  Most of my tweets are either about Tesla, SpaceX, Renewables or UK politics. Sometimes Indian politics.",OfficialABQ,2022-12-19 14:12:22+00:00,2.0,4.0
0.0,#Rahulgandhi gandhi apologises to supreme court for making wrong comment on @narendramodi I want to say @INCIndia is the worst party who can sell their nation for their personal interest,Vikas37940718,2022-12-21 05:40:23+00:00,7.0,1.0
0.0,rss india number one terrorist organis say former mumbai polic offic,User_48809,2022-12-22 20:46:21+00:00,0.0,1.0
0.0,"After Court Move On Robert Vadra, BJP Calls Gandhis ‘Most Corrupt Family In Indian Politics’ https://t.co/Ayvcm9FxwH",ABZ55290833,2022-12-27 08:09:02+00:00,2.0,3.0
0.0,@ndtv Why Piyush Goyal insulting Biharis. BJP must be defeated in coming Assembly Elections for sure. Winds are blowing to uproot BJP from Indian Politics of divide to polarise votes. Now people have realized their mistake.,KhushminderSah1,2022-12-27 21:27:55+00:00,8.0,1.0
0.0,A 20 year old girl died on New Year's eve - Pathetic BJP blaming AAP for CCTVs AAP blaming BJP for poor law &amp; order.  Year has changed but Indian Politics hasn't - Pathetic!,NaimMal07433888,2023-01-03 18:20:17+00:00,18.0,7.0
0.0,@yodalisque @jes_chastain It's an utterly baseless article written by someone desperate to shoe horn modern politics and a personal anti RW view in the interpretation of the movie. It literally has no proper argument. Are you Indian?,aria_isara,2023-01-07 11:54:50+00:00,13.0,1.0
0.0,"@thakkar_sameet @RahulGandhi "" @RahulGandhi is irrelevant in Indian politics"" according to #BJP #bhakts &amp; BJP Leaders   But....All of these people are after #RahulGandhi daily to check on what he wears...eat...look....smile...with whom he chat... etc..etc  Are all these guys relatively unemployed 🤣",TittyVinoo,2023-01-13 13:39:49+00:00,8.0,2.0
0.0,"@vkjha62 @zameerIYC How come a NGO director(he isn't founder also) can influence the Indian politics 🤔 I am also a director of an NGO, May i get like this opportunity 🤔 😉",GuraniManoj,2023-01-14 13:49:22+00:00,4.0,7.0
0.0,Why all oppositn are against PM @narendramodi   50 years of all oppositn promises were delivered by PM Modi in just 5 years  #LokSabhaElections2019  @AmitShah @BJP4India @blsanthosh @CTRavi_BJP @BJP4TamilNadu,KarthikThiru126,2023-01-15 00:53:19+00:00,19.0,2.0
0.0,Women’s Indian Premier League agrees £95m broadcast rights deal - The Guardian #politics https://t.co/sgcs2AQhA3 https://t.co/HIPTJhcq3d,sac_isin,2023-01-17 09:07:03+00:00,25.0,8.0
0.0,It proves that once again Hindu groups have failed to realise that such global secessionist movements are bigger than local Indian politics.,dhanashree0110,2023-01-18 18:18:38+00:00,22.0,3.0
0.0,@s_kanth Congress exiting indian politics,Kirketbuff,2023-01-19 16:59:45+00:00,2.0,0.0
0.0,"@SirKazamJeevi B batoo say same  Y not only modi supporter but al Indian have cracks on a@s n lose thinking ability if any pakistani says truth.  But when bcc said, Indians bcum smart n reject hate politics.  They can't be doesn't matter how hard they try to copy citizens of civilized society",zaid_sami_wa,2023-01-19 17:00:28+00:00,7.0,2.0
0.0,at party s first national convention president asadowaisi promises to defeat bjp again in telangana flays attacks by cow vigilantes deccanchronicle,User_67175,2023-01-20 04:44:22+00:00,2.0,2.0
0.0,Common Political Agendas in Indian Politics  See: https://t.co/uxE9YyMxaL  #isrgrajan #SaturdayMotivation #ArvindKejriwal #Delhielection #NarendraModi #Politicalagendas #PoliticsinIndia https://t.co/1G43BELF2u,isrgrajan,2023-01-21 01:30:05+00:00,1.0,10.0
0.0,@narendramodi @sureshpprabhu Chacha 5 Hamre bhi Lew  Jet Airways closed  Bsnl 54000 jobs are in danger  HAL does not have money to pay salaries  Worst performance of ONGC till date  45 years biggest unemployment rate  Modi Modi Modi #DeshKiPasandModi #LokSabhaElections2019,manuluckysayss,2023-01-21 09:40:48+00:00,0.0,2.0
0.0,"What Sanghi #HinduRashtra means?  Is it for #Hindus or  against some others? Doubts cleared. Modi govt brought #CitizenshipBill  excluding Muslims only. #BJP prez  assured Sikhs, Budhists etc not fear about #NRC.  He excuded #Muslims and #Christians. Can India be another #Israel?",EMAbdulRahiman1,2023-01-23 13:58:16+00:00,3.0,0.0
0.0,"Today, all those participants in TV debate on politics, liberty, rights, equality, will all turn economic/finance experts. They will dissecte the Budget and explain how it is against high/middle/poor class of citizens and how bad Indian economy is actually. All weather experts.",ranganaathan,2023-02-01 04:57:12+00:00,1.0,9.0
0.0,@akshaykumar sir ye bathroom le ke ghumna chora. Join @narendramodi and @BJPLive for a bigger cause. #ModiAgainSaysIndia #VoteForIndia #NaMoAgain #SundayThoughts #LokSabhaElections2019 #SundayMorning #LokSabhaEelctions2019 #SriRamaNavami,nitinkumar111,2023-02-04 01:38:28+00:00,0.0,2.0
0.0,@INCIndia Indian businessmen cannot thrive as long as Congress is there.   These people can do anything for their fucking politics.,RealSushilS,2023-02-04 13:23:41+00:00,1.0,4.0
0.0,@PrudyRay yep. I used to be on far-right politically. Then I saw what Indian far-right was doing to Christians. Made me reevaluate politics I hold here.,BobJone13984659,2023-02-07 01:19:26+00:00,1.0,2.0
0.0,"@epanchjanya A humanitarian help is not politics, Indians never helped this way before.   Don't insult Indian tradition.",yogyKS,2023-02-07 18:47:59+00:00,4.0,2.0
0.0,@ItiTish @priyankasures @PMOIndia @narendramodi @TVMohandasPai Modi Ji is Following Foot Step of East India Company... #IndiaDeservesNyay #INC #LokSabhaElections2019 #Congress #IndiaElects #India #NoMo #News #Election #NYAYForIndia #NYAY,faizfarooq,2023-02-08 11:26:35+00:00,9.0,3.0
0.0,@venkateshprasad Difficult questions for Indian  Why KL Rahul is on the team? Why Rahul Gandhi is in politics? Why Nirmala tai is the finance minister?,Nitish_Swaroop,2023-02-11 10:43:25+00:00,1.0,1.0
0.0,@zoo_bear Indian politics is the shelter of opportunists and criminals,ppabdullatheef,2023-02-13 06:30:31+00:00,10.0,2.0
0.0,"@RKisann I understand your lack of pride, self respect leads you to random throw backs. Why do you have to see every Indian achievement as Modi. If you don’t like the politics, you can still celebrate what your country is achieving.",Vengabus,2023-02-15 04:18:06+00:00,5.0,1.0
0.0,@aajtak Why @USAndIndia meddling indian politics ?,golu_rana1980,2023-02-18 03:21:01+00:00,34.0,110.0
0.0,"Election Commission stops Modi biopic from releasing till completion of polls. Says it will disturb level playing field. Finally, a silver lining in a down in the dumps situation #LokSabhaElections2019",BhardwajAnanya,2023-02-18 11:14:30+00:00,35.0,35.0
0.0,Now all Lutyens started giving credits of #MissionShakti to #Nehru  Where as #PMModi #NarendraModi #PMNarendraModi  And DRDO indegenously build it secretly in this 5 year span!  Ignored!!! Shame on you Lutyens!,AnaamadeyaManav,2023-02-21 02:30:09+00:00,2.0,2.0
0.0,#Breaking | Sanjay Raut: In the history of Indian Politics EC has not given such decision for any party which they had given for #ShivSena. Was Election commissioner appointed or was brought in the haste just to deliver such order?  Listen in  @mihirz  @anjalipandey06 @anany_b https://t.co/bUEZ3OLlQK,CNNnews18,2023-02-21 03:41:40+00:00,3.0,4.0
0.0,@softgrowl So he's the Harry Potter of Indian politics?,Bullseye_18,2023-02-24 04:05:45+00:00,4.0,13.0
0.0,"@Pain_Szn07 Oh nah, I cover Indian politics on my Twitch channel. I'm not surprised in the least bit.",ArunAnnow,2023-03-02 01:58:08+00:00,1.0,44.0
0.0,"#Congress #MP #RahulGandhi will be speaking at the #BritishParliament. On his 3 days stay in #London, he'll be meeting #Indian diaspora, addressing a press conference organised by the Indian Journalist Association.   #cejumindia #internationaltrip #politics #updates #news https://t.co/z8VVEZGMxQ",cejumindia,2023-03-04 05:32:26+00:00,1.0,1.0
0.0,"@MamataOfficial @mkstalin @ysjagan @Naveen_Odisha How SP-BSP-RLD fooled Modi and his Yogi in UP, they advertised it as #MahaGathbandhan to fool Modi to talk mahamilawat etc, but in actual it *one together, which made/making BJP lose total UP! #ShahOnNews18 #loksabhaelections2019 #hardilmeimodi",umakantsingh_IN,2023-03-05 04:44:23+00:00,5.0,8.0
0.0,Is @BJP4India @BJP4Karnataka just banking on Modi to garner votes in #BangaloreCentral? Election is 2 days away &amp; yet to see any campaign/candidate. This attitude even before election may prove costly for you #BJP,Rahul_AK_5,2023-03-07 03:30:59+00:00,6.0,3.0
0.0,@Apna_Bollywood Brother its not politics And 'WE ARE FORCED TO TAKE #HINDI AS A LANGUAGE IN SCHOOLS' Anddd we accept english becoz its spoken worldwide unlike Hindi Anddd Every North Indian out of 8/10  Says 'KANNAD' Instead of '#KANNADA' and this itself is INSULTING!!!!,iam__14ty3,2023-03-07 13:26:39+00:00,2.0,5.0
0.0,"Sorry, blind man, Pappu is the oxygen of Feku.  Our situation today is 50% due to Rahul.  They had 10 years to send the criminals to jails but they failed.  Rahul is a big liability to Indian Politics.",nandkishoreaga3,2023-03-11 05:07:29+00:00,5.0,1.0
0.0,@AdnanSamiLive Who are u man we don't what ur and where ur okk.but our cm Jagan anna  King in indian politics https://t.co/FtviJrbJh5 care ful to control ur words,sureshb97994918,2023-03-14 07:40:44+00:00,13.0,8.0
0.0,"#AdvantageModi  What PM Modi does, everyone does the same. That's the unfortunate reality of Indian politics: @tehseenp  In 2024, TMC will fight alone. If the Congress thinks that they'll lead the oppn, it means they're living in fool's paradise: @Biswaji29971866  @RShivshankar https://t.co/phAh3SWIef",TimesNow,2023-03-14 15:26:44+00:00,10.0,3.0
0.0,Today's News Articles.. #YatraForChange #Congress #Telangana #VoiceOfTelangana #HopeOfTelangana #FutureOfTelangana #HaathSeHaathJodo  #explorepage #exploremore #foryoupage #Hyderabad #indianpolitics #ByeByeKCR https://t.co/CGtslg4bhR,HanmanthKolan,2023-03-15 05:28:13+00:00,13.0,2.0
0.0,@BellamSwathi @rishibagree Thankfully they are dropping out of Indian politics soon..,SandeepKoul1977,2023-03-15 12:07:34+00:00,1.0,2.0
0.0,"Now Hindus are dominant in Indian politics, otherwise this drama would not have been seen https://t.co/VVGnlmlXDq",kathiyawadi07,2023-03-16 07:06:21+00:00,343.0,107.0
0.0,@MohanSinghlad2 @narendramodi @BSYBJP @nsitharaman @rajnathsingh Sir according to provident fund of India survey the highest job will be created in our humble prime Minister of India #NarendraModi ji comparing to UPA government . If any doubt can you search in Google .,DSSURESH10,2023-03-17 00:45:57+00:00,9.0,1.0
0.0,"In my own community, I know of Pakistani landlords exploiting vulnerable Pakistani tenants.  I know of Indian factory owners exploiting Indian garment workers in Leicester.  Identity politics devoid of any understanding of class will never resolve these issues.",Taj_Ali1,2023-03-19 10:40:49+00:00,877.0,188.0
0.0,@dmuthuk Will india keep on growing like 2014-2024 period when the coalition government formed in 2024? I suspect if non BJP government is formed our growth will be doomed. For vote bank politics they'll implement OPS and a lot of freebies and it will spoil the Indian economy.,ArulGii,2023-03-19 13:43:38+00:00,2.0,19.0
0.0,"@HabdankJ @SenBillCassidy Eric Gracetti has tried to interfere in Indian Politics and his stance against Indian people, he is not welcomed to INDIA",UCCININD,2023-03-22 04:30:15+00:00,1.0,4.0
0.0,"@narendramodi is asking for votes on #PulwamaAttack #BalakotAirStrike even he doesn't deserve it.  Don't you think @RahulGandhi can ask votes on Mahatma Gandhi?  Meanwhile Beware Of Farzis, Vote Sensibly  #LokSabhaElections2019",arviindk,2023-03-22 23:06:26+00:00,2.0,12.0
0.0,@richaanirudh Why is he even in politics anymore?,sangene4life,2023-03-23 02:34:41+00:00,12.0,0.0
0.0,"Dear Modi Ji Announce your taminadu visit as cyclone affected area visit otherwise go back Modi would trend in TN #GoBackModi, #NarendraModi, #HRaja, #MKStalin #PMOIndia #",chandra66101815,2023-03-23 12:14:09+00:00,3.0,1.0
0.0,"@Sabhapa30724463 It is tragedy of Indian Politics.  People rotate around them in greed. But Nation needs dedication, devotion and sacrifices.  But dedication towards family dynasty is unfortunate. What mother India likes to do is unrevealed. But heart says all devotional freedom fighters existed https://t.co/myDhFVJabS",Brajesh96225872,2023-03-24 06:34:38+00:00,1.0,2.0
0.0,republ that is exact motiv mr desai keep peddl lie modi lose percept battl lose elect,User_94586,2023-03-24 17:15:00+00:00,3.0,5.0
0.0,"@sardesairajdeep Ghazwa-e-Hind  (Islam) A prophecy in some hadiths where an Islamic army invades and conquers the Indian subcontinent, as part of the events leading to the eventual apocalypse.  (South Asia, India, Pakistan, politics) Alleged attempts by Islamist groups to conquer India.",perspicacite,2023-03-26 05:26:24+00:00,2.0,11.0
0.0,@ayushmannk @AyushmannBhava Why Bollywood actors don't speak about indian politics... Are they afraid of it.. Or  They don't care about it... Or F*ck middle class..who cares...  U r citizen of india...u should express ur views on wht is going on here... #Shame But u were my fav actor.,_RoyAvinash,2023-03-26 09:36:45+00:00,12.0,19.0
0.0,"@SupriyaShrinate @srinivasiyc Supriya failed to defend her boss  , since his lies and arrogance beyond her defence in Indian politics. She has to take break .",mohandasvasu05,2023-03-27 16:31:51+00:00,4.0,1.0
0.0,So there's this ad of a chewing gum where a person could have instead chewed on that than speaking at the wrong time/place. Disclaimer: This has nothing to do with recent events in #Indian #Politics.,iambhanugupta,2023-03-27 17:06:50+00:00,1.0,3.0
0.0,@iamharmeetK Even  poor Cheetah couldn't tolerate Indian Jungle politics 🪷,brandlytics,2023-03-28 02:38:23+00:00,1.0,2.0
1.0,My maid came to work late today. Asked her why. She said she had gone for voting. I asked whom did she vote? She said @BJP4India candidate. Gave her a day off for her contribution towards better India. AAYEGA TO MODI HI. #LokSabhaElections2019 #Phase4 #VoteKarMumbai @narendramodi,imastermindian,2022-10-16 06:31:41+00:00,1.0,7.0
1.0,"@Indian_Analyzer But @BhagwantMann busy doing Gujrat yatra for party politics, leaving his own state in a grave crisis. Shame on @AamAadmiParty @ArvindKejriwal",RaviiSo,2022-10-16 11:26:40+00:00,1.0,2.0
1.0,"#indianrupee @nsitharaman ji's statement has been misinterpreted indian rupee strengthened against euro, yen but fell against USD. Politics and journalism are sometimes so low in india that we don't miss any opportunities to defame our own country",AcmeShagun,2022-10-17 14:51:17+00:00,3.0,4.0
1.0,@ComradeBhuvi @surendranbjp @JPNadda @blsanthosh @PrakashJavdekar @AgrawalRMD @BJP4India @narendramodi Muslim League and Kerala Christian Congress rule the roost in Kerala politics. In no other Indian state minority communalism is rampant as in Kerala.,jkanthtl,2022-10-21 16:59:40+00:00,1.0,1.0
1.0,"#2019OpinionPoll @TimesNow poll suggests, #ArvindKejriwal will reduce to 1 Lok Sabha Seats &amp; #CBNaidu will reduce to 3 seats. So these 2 PM aspirants are out of race. That leaves #Mamta (She too is losing few seats) &amp; #Mayawati &amp; #RahulGandhi. Not Bad",arshpath,2022-10-21 17:42:51+00:00,7.0,7.0
1.0,Warm birthday greetings to our Union Home Minister and Minister of Cooperation @AmitShah ji   The undisputed Chanakya of Indian politics is spearheading several efforts to ensure a safe and secure India.  #AmitShah https://t.co/BVA7zHKHhv,gouthamkumarbjp,2022-10-22 06:40:51+00:00,1.0,1.0
1.0,@Saffron_Sn NEPOTISM #Miya_Lords 👉puppets 👈are the main villain of the Indian politics!  https://t.co/HK8DiCKtr7  @nhsp_president @rashtrapatibhvn @p_srinivasan @prettypadmaja @ishkarnBHANDARI @ShamikaRavi @ProfKapilKumar @AKTKbasics @ACH_ANKURARYA @RSSorg,VadeBloom,2022-10-22 13:47:58+00:00,5.0,5.0
1.0,Every Muslim in india is a born Priminister enjoys first right on Indian wealth and resources as per most of our political parties in Indian politics,Beco1271,2022-10-25 11:04:27+00:00,6.0,7.0
1.0,"@khanumarfa if you know Indian constitution, we have electoral democracy &amp; to be a PM he needs to be elected by People &amp; a majority party or coalition of party must elect him or her as their leader. Do you have any name in Muslim community in Present active politics. Name ?",girisum,2022-10-25 15:29:45+00:00,1.0,1.0
1.0,@TajinderBagga @ArvindKejriwal This fakeriwal is the biggest scam of Indian politics!! Hahahaha 🤣🤣🤣,Tim2079886856,2022-10-26 15:51:24+00:00,7.0,2.0
1.0,@Gen_VKSingh Sir.. You being humble.. Everyone knows its because of firm strict action of NDA Govt. And our beloved Modi Ji. Who made Pakistan to return our soldier in just 2 days... Else we have seen many of our braveheart tortured to death by this unwanted neighbour #NarendraModi,yash_srivastv,2022-10-26 22:42:00+00:00,8.0,11.0
1.0,"@OmarAbdullah @mpchalia @narendramodi I can assure you that I, #Modi, will never do that. War is good for my paarty, #BJP, because I can point my #bhakts one way and ask them to ignore the reality and not ask me real #questions and keep me #accountable. Kya #Omar babu aap bhi.",TheRealSlimModi,2022-10-28 21:35:18+00:00,5.0,15.0
1.0,@AITCSanghamitra Media is the fourth pillar of democracy... Probably the most lucrative business now.  #BJP is the most filthiest thing to the #Indian politics. Media is in a close second position.  #karnatakanews #Karnataka,barsha_paira,2022-10-29 07:18:41+00:00,1.0,3.0
1.0,@soFarSoGood123 @abhijitmajumder @MyNation @vivekagnihotri Pls watch! I've seen it tonight. What a spectacular film!! #TheTashkentFiles #LokSabhaElections2019 Modi is a must for Bharat!,mannsanatani,2022-11-01 08:36:23+00:00,13.0,9.0
1.0,"@tinkerbell9958 🙄 actually I have both, My VISION is that Modi ji becomes the Prime Minister again And my IDEA is to make him the PM we should Vote for #BJP 🤣😜🤣🤣  Now You may feel lucky that people like me are surrounding you😋😜🤣🤣😜",SharmaVishal46,2022-11-01 16:47:56+00:00,1.0,4.0
1.0,#IAmBJP #BJP4INDIA #BJP lets all realize it has become pertinent that Mr Modi comes back to power!  Let the republic stay a powerful republic #saveIndia @BJP4India @narendramodi @AmitShah #India @rajnathsingh @PiyushGoyal @sureshpprabhu India has never enjoyed been such powerful,AkshyaSinghvi,2022-11-02 00:52:33+00:00,32.0,20.0
1.0,@narendramodi Hello speedy going to #LokSabha  Give #live  #Reservation  #Reservations  #ReservationPolitics  #PMNarendraModi  #RahulGandhi  #ReservationForGeneralCast  🙏🤣🍭🙏🤣🍭🙏🤣🍭 #Jumla,ravipolara,2022-11-03 15:34:33+00:00,2.0,1.0
1.0,@sbabones @ShekharGupta @ThePrintIndia That means you don’t know about Indian politics. What u actually know is NARATIVES. Shekhar doesn’t have any credibility as journalists. Mostly tested as spitting bin.,RustomBanduk,2022-11-08 16:24:18+00:00,2.0,41.0
1.0,"@amitsingh117 @ArvindKejriwal You definitely need to grow-up in that case!!Read history of what’s been said and done for Modi by the same man U are defending,or wat he has said for other political party leaders.He is biggest “girgit” in Indian politics.He didn’t spear his own kids when he took Congi support.",mishra_neeraj,2022-11-13 02:38:31+00:00,1.0,3.0
1.0,How is this any different from Congress giving seat to @JagdishTytler1? Corrupt Indian politics at its best! Sikhs be warned that is no difference between @BJP4India and @INCIndia or @AamAadmiParty,rabhrakha,2022-11-13 23:42:15+00:00,2.0,43.0
1.0,tnwelcomesmodi dmkfail tamilnadu welcom honour prime minist modi ji,User_11541,2022-11-15 16:34:04+00:00,11.0,4.0
1.0,sadhavi bjp bjp bjp everi elect bjp everi elect lotus,User_58732,2022-11-21 18:35:57+00:00,6.0,3.0
1.0,@narendramodi Because #BJP ruled state and rhetorics of #mahachowkidar ji  Its too fast to conclude,senbhaskar50,2022-11-21 21:07:03+00:00,38.0,1.0
1.0,pm modi lay foundat stone inaugur develop project barauni bihar,User_46910,2022-11-22 07:15:57+00:00,0.0,18.0
1.0,modi win like india last elect happen countri forgiv opposit modi doe but opposit commit suicid want pm modi keep tihar instead,User_98703,2022-11-23 10:12:04+00:00,20.0,6.0
1.0,it the bjp voters more than anybody else who are fast losing confidence in narendramodi and his leadership the bhakths are a minority with the bjp base so are the hindutva sanghis bulk of bjp supporters are plain right wing policies people they are losing faith,User_39360,2022-11-25 22:07:33+00:00,0.0,9.0
1.0,"@GFarooqi Just shame on you. Thousand time lanat. What wrong things he didn't do? Many were abducted,killed,deep interference in politics. Country is bleeding just because of unjust interference in politics. How, he made 12 billion? Why Indian Gen are not so rich? @GFarooqi Answer?",pi476,2022-11-26 06:19:31+00:00,1.0,4.0
1.0,@SanjayAzadSln @ArvindKejriwal Indian politics has come to a new low,AmanadvocateY,2022-11-27 01:07:18+00:00,17.0,1.0
1.0,"The Day Where Indian Politics Plays It's Own Game To Distract Public . A fire broke out between religions.And We Call It a #BlackDay. We Indians, United By States and United By Religion .  #UNITYINDIVERSITY🇮🇳  #BlackDay6December https://t.co/YmtG3HL2ZC",jr_khadri,2022-12-06 06:01:21+00:00,16.0,9.0
1.0,amarprasadreddy bjp4keralam surendranbjp your dreams are hilarious please take them back to andhrapradesh neither tamilnadu or kerala care for yours or bjp s input,User_18141,2022-12-08 03:24:05+00:00,2.0,4.0
1.0,"So, two day's of Indian Politics It is good for All Parties. BJP, Congress &amp; AAP wins in respective elections. #GujaratElections  #HimachalElectionResult  #MCDResults",AviralVarshney3,2022-12-08 08:51:53+00:00,3.0,10.0
1.0,"@Theoptionselle1 Jay Veeru of Indian politics. Rarely we see such friendship in politics, nahi toh everyone is busy in backstabbing.  Irrespective of political ideology gotta appreciate their friendship.",VivekKhanvilka6,2022-12-09 02:53:13+00:00,3.0,2.0
1.0,@LakotaMan1 If churches won't pay taxes so what right does give to keep interfering in politics and people lives too. Indian reservations should be exempt .,GreenDragonpip,2022-12-10 13:16:04+00:00,4.0,1.0
1.0,"Today I need not carry my wallet and worry about the cash in hand whenever I have to travel anywhere in India. #digitalization  Think before you vote today, about the India you want to live in. #LokSabhaElections2019 #NarendraModi #NewIndia @narendramodi",visheshsahni15,2022-12-10 14:52:59+00:00,2.0,2.0
1.0,Happy birthday to the Chanakya of indian politics👑⚡ #SharadPawarSaheb #HBDSharadPawar #kingofpolitics https://t.co/sXsVNDSiDf,Abhay_g_0707,2022-12-12 12:43:09+00:00,2.0,5.0
1.0,this is what will make modi survive unless congress stops selling mlas and sharing the script of bjp and doing drama as opposing modi would help anything brother,User_94880,2022-12-14 00:55:01+00:00,5.0,6.0
1.0,@vvsnmurty68 @yas1nt1385 @iamekantsharma @PrashantTandy Told u.. Only one pappu.. He is old pappu but his sycophants call him young leader..   So be it young or old.. It's the only and only pappu of Indian politics 👹,Kalashoka,2022-12-15 17:23:19+00:00,1.0,1.0
1.0,tirupur eager wait receiv honour pm modi pmoindia tamilnadu welcom pm amitshah bjptamilnadu bjpindia tnwelcomesmodi dmkfail,User_67474,2022-12-17 04:17:46+00:00,2.0,34.0
1.0,Had a thought-provoking discussion with one of the youngest MLAs in Indian politics.  @Neerajd53472425 Thanks for sharing the train journey and your insights Neeraj ji.  #indianrailway #IRCTC #MadhyaPradesh #Indian https://t.co/cAUamDW91D,TanveerMahendra,2022-12-21 05:09:31+00:00,1.0,3.0
1.0,"For decades, people living in Nalgonda and prakasam have been suffering with flourosis and it's aftermath.  Yet their desire for clean drinking water remains unfulfilled. This #LokSabhaElections2019 they have decided to tackle things by taking PM Modi head on in #Varanasi",priyakamal,2022-12-21 21:06:33+00:00,14.0,7.0
1.0,@ndtvfeed Officers knew Indian habit of discussing politics while hugging and hence this creative design......,mohammadanwar,2022-12-23 04:25:12+00:00,3.0,2.0
1.0,"#BJP will never be able 2 repeat history if it falls back on its promises! Vote Vank politics toh Congress ne bhi ki thi.Fir unme aur aapme kya antarr reh gaya?  Jawaab dein, Ma @narendramodi  ji,  @AmitShah ji  Hum, samajhna chahte hain! Ya, meri aawaaz utni Bharatiya nahin hai?",GayatriBGohain,2022-12-23 09:29:46+00:00,1.0,0.0
1.0,tnwelcomesmodi vote modi onli,User_42422,2022-12-23 15:29:21+00:00,1.0,0.0
1.0,Great personality of  🇮🇳 indian politics....  શત શત વંદન  🙏🙏 https://t.co/g3Gl9NMAqK,bdnayak,2022-12-25 08:08:02+00:00,2.0,4.0
1.0,"#LokSabhaElections2019 I see Many in My Team are Worried about the Results on May 23rd I tell them Relax and Enjoy Life, No Real Contender to PM Chair is Available as of now, but Few in BJP are getting groomed for Post Namo Era.",RaghuramanMenon,2022-12-25 13:45:33+00:00,7.0,2.0
1.0,#Congress may not have a strong PM candidate. But that doesn't mean people should elect a fraud criminal #BJP goon.  Be wise. Vote smart.  #Election2019,jackgeo128,2022-12-26 19:47:42+00:00,6.0,2.0
1.0,"@rupasubramanya @YusufDFI @narendramodi It is good strategy to empty the coffers for PEOPLE and come in power again coz if #Congis come they will anyway empty it for themselves.  Also, coffers are filled by #BJP only by following strict Fiscal disciplines. It did it in 2004 and Congis came back &amp; drank all the GHEE !!",navinks,2022-12-28 11:22:29+00:00,14.0,1.0
1.0,Santa @RahulGandhi is roaming on Indian streets .. will he able to fulfill the wishes of everyone . @INCIndia @BJP4India @aap @luv_rspct_smile #BharatJodoYatraInDelhi #BharatJodoYatra #RahulGandhi #election2024 #indianpolitics https://t.co/9vKOTohwSB,luv_rspct_smile,2022-12-28 14:55:03+00:00,1.0,3.0
1.0,bjp open violat norm armymisus,User_30335,2022-12-28 22:52:08+00:00,19.0,2.0
1.0,"@ManiYadavTelugu @Navayan Equal access to education &amp; health has been provided in South India long before Kejriwal entered politics. As a South Indian, I feel the one thing lacking for most of  majority OBC, SC, ST is representation in Judiciary &amp; Bureaucracy.",DrakeSi66,2022-12-31 22:56:17+00:00,3.0,21.0
1.0,#LeftInsultsAdiShankara  Islamic Jihadi Terrorists and Left Eco System Politicians are Big Threat to Hindus and Our Nation!  Every Hindu Must Ensure that these Love Jihad Brand Ambassador Communist Chinese Corona Politicians are Eradicated from Indian Politics.,Ramaswamie,2023-01-02 15:27:21+00:00,13.0,11.0
1.0,"Congratulations to all my Colleagues who have been finalized as the @BJP4Karnataka Candidates for #LokSabhaElections2019 .  I am confident that under the leadership of PM @narendramodi, Sri @AmitShah &amp; Sri @BSYBJP and the efforts of Our Karyakartas, You will emerge Victorious.",CTRavi_BJP,2023-01-06 10:14:49+00:00,0.0,2.0
1.0,state pmkadmk amp bjp allianc tamilnadu pmk leader say ep go delhi massag modi tanweerbbsr amitshaaa anuragteddi bothrapawan tinikomidaniol,User_66088,2023-01-10 00:04:35+00:00,1.0,5.0
1.0,"""The most important thing for our strength and strength is to establish unity among the people."" Tribute to the former Prime Minister of the country, Lal Bahadur Shastri, who left an indelible mark on Indian politics by giving the slogan 'Jai Jawan Jai Kisan'. #FAM4TMC https://t.co/6ueKTeHhpI",iammanu_93,2023-01-11 06:23:06+00:00,1.0,1.0
1.0,moment fame pm modi kumbh sanit staff back work realiti india news indian express,User_10106,2023-01-16 19:20:18+00:00,1.0,1.0
1.0,"@psmsamy1 Where do you live? He did. If you want to know what had he done then go thru this   Karunanidhi: A Life | Penguin Books on Indian Politics &amp; History | Non-fiction, Biographies https://t.co/A8L8vZiA4I",CodeNDrive,2023-01-18 07:48:50+00:00,21.0,1.0
1.0,"@BBCPolitics bbc Started Politics against Indian Prime Minister and to rake up the old issues  "" trying to disturbance the peace. Focus on others issues",Sidharth_Mki,2023-01-19 13:33:25+00:00,1.0,51.0
1.0,"@news24tvchannel @SupriyaShrinate JayShahZada, India's one of best Test Cricketer head BCCI one of richest boards sums up, why PM Modi believes Businessmen take more risk than soldiers on the borders.  Sold out Indian MODIA has been selling this Dynasty+Corruption+Nepotism+ worst politics as Masterstroke🤑💸💰 https://t.co/nPC0cG7qRp",archansr,2023-01-20 09:19:59+00:00,2.0,3.0
1.0,Just saw a clip in which Mani Shankar Iyer-calls Modi ‘a puppet of big capital’ - a charge that sums up everything he’s done so far and everything that’s happened to Indian politics today- the complete takeover of Indian politics by corporate power.,mmvp2005,2023-01-22 03:54:02+00:00,65.0,21.0
1.0,Single biggest “achievement” of Modi govt has been to push #Kashmir into cycles of violence; Any attempt to abrogate Art 370&amp; 35A will have unimaginable repercussions. #BJP's threat of abrogation of Articles 370 &amp;  35A is its way of hiding from real issues &amp; hoodwinking ppl.,tarigami,2023-01-23 01:27:46+00:00,2.0,1.0
1.0,@akshaykumar @ANI @narendramodi Will you be able to vote @akshaykumar ? Legalize #DualCitizenship  #LokSabhaElections2019,only_aks,2023-01-23 13:32:51+00:00,103.0,2.0
1.0,"@AdhishWali @bidarupdates @KannadaWelfare @BidarUtsav2023 @AsianetNewsSN @tv9kannada @KannadaPrabha @publictvnews @VVani4U @Vijaykarnataka @dhruv_jatti Our Politician and their politics has forced several Indian to adopt this, every one do divisive politics when there is election.Our History is filled with lie and hatred towards country, glorifying invaders,if u call ur self patriotic u will be abused vigorously by lutyens .",gamer_qart,2023-01-24 06:55:47+00:00,10.0,39.0
1.0,@ajay43 @Sanginamby @ShashiTharoor The basic first order lesson in Indian politics,arinbasu,2023-01-27 02:55:17+00:00,7.0,4.0
1.0,@MehboobaMufti You are no longer relevant to India and in Indian politics. Stop your propaganda!!,VINODAWASTHY,2023-01-28 10:36:05+00:00,47.0,4.0
1.0,"#ThIndiaFix by @ShoaibDaniyal: As Indians enjoy a three-hour respite from the politics of communal majoritarianism in a movie theatre, what does #Pathaan’s success mean for Indian politics?  Sign up for the newsletter to receive it directly in your inbox ⬇️https://t.co/qzkfClg94q",scroll_in,2023-01-30 11:15:00+00:00,3.0,24.0
1.0,@SuyashN89111951 Hahahah and these are the kind of people we will have in indian politics #BB16ᅠ,Owen11011,2023-02-02 09:28:27+00:00,5.0,15.0
1.0,Modi govt announce 10% reservation for economically backward people in general category The only best thing Modi has done till now🕺 Acc to me reservation should be based on income not caste! #Reservation #BJP,dheerugowda,2023-02-12 09:20:06+00:00,0.0,4.0
1.0,"@OpIndia_com First ask him if he is an Indian, if he says yes arrest him as he violated citizen sentiments against the constitution. If not, book under anti sedition law as outsiders not allowed to mingle with local politics.",Andhrudu69,2023-02-12 18:54:32+00:00,31.0,35.0
1.0,@ANI Communal divide &amp; politics broke the akhand Bharat into many countries. Indian people will NEVER allow this to happen AGAIN. Keep this in your head. @NitishKumar @yadavtejashwi @Jduonline   @narendramodi @AmitShah @SushilModi @rsprasad @deveshkumarbjp @byadavbjp halla bolo !!,SanityVoice,2023-02-14 16:08:07+00:00,4.0,26.0
1.0,"@thewire_in Ram,the leftist mouthpiece,is hardly a major voice in Indian politics.His blind veneration of BBC too is not shared by many. In the heydays of the Soviet Union Ram was an ardent supporter of that country and considered BBC as the capitalist  enemy of the people !",khaganadh,2023-02-15 19:20:14+00:00,15.0,10.0
1.0,"@IndiaToday @asadowaisi Politicians have constantly inflamed communalism to get hindu votes. Politics has be reduced to its basest level in India, moreover Indian govt has a history of massacring its own citizens (sikhs, muslims) and its police taking part in riots too",adamsguy7700,2023-02-17 09:18:05+00:00,1.0,2.0
1.0,Previously Bollywood Was The Sector For Quick Money And Fame But Now Indian Political Leaders Are Better Performance In Acting And Making Unaccounted Money And Indian First Choice Is Indian Politics’s,lal_muk2,2023-02-19 07:53:00+00:00,2.0,1.0
1.0,likeforlikes reelsviral trending bhajan lordshiva explore reelsinstagram reelsvideo reels hindu bjp rss sanatandharma sanatan modi kattarhindu rammandir kashi harharmahadev bhaktisongs ramjanmabhoomi mahashivratri india sitaramam jaishreekrishna krishna,User_43311,2023-02-20 09:12:33+00:00,1.0,29.0
1.0,proud to be the part of #maibhichowkidar.. thanks PM sir...#NarendraModi  #ModiHainTohMumkinHain,Ashutos31617297,2023-02-20 20:58:54+00:00,1.0,8.0
1.0,shri narendramodi ji thrashing bbcnews amp showing bbc the mirror we need this modiji back in 2024 giving befitting reply to all anti nationals those words by modiji me goosebumps you britishers shouldn t preach us human rights narendramodi modi bjp,User_88355,2023-02-21 08:33:45+00:00,2.0,8.0
1.0,@Jainamss @narendramodi It's simply fantastic 👏  #IsBaarPhirModi #IndiaWantsModiAgain #LokSabhaElections2019 #IndiaWithNaMo #NaMoAgain2019,Ashtalakshmi8,2023-02-25 15:58:17+00:00,1.0,24.0
1.0,"#ArvindKejriwal calls #ManishSisodia 'innocent', says his arrest is 'dirty politics'  Track more updates here - https://t.co/oUljumovmx  #AAP #Delhi #IndianPolitics",DeccanHerald,2023-02-26 15:22:22+00:00,1.0,0.0
1.0,@ArvindKejriwal People trusted on your honesty to make the difference in Indian politics. But ironically you supersede all and became the front runner of the old system.,AlokRdalai,2023-02-26 15:59:05+00:00,5.0,2.0
1.0,"Onwards to @OPJUniversity for enthusiastic meetings with Law, Politics &amp; Higher Education Research - interested in Educational Leadership. OPJ has strong international connections across the globe and is an Indian Institute of Eminence @durham_uni @DUSofE @DrDongNguyen https://t.co/tl8VZV5d3J",cmontgo84143270,2023-02-27 13:44:49+00:00,9.0,1.0
1.0,actual bjp need cabinet mr modi,User_45156,2023-03-01 09:37:25+00:00,3.0,5.0
1.0,count number lotus symbol bloom narendramodi backsid backdrop fit prime minist india inch asshol,User_46072,2023-03-06 00:37:01+00:00,17.0,5.0
1.0,sitaramyechuri upa govt u part plan bring despit iaf ask modi got samja tuchiya,User_88951,2023-03-06 12:51:01+00:00,2.0,5.0
1.0,"@chinmayee_ee it is great, weather is like indian politics, plt plt plt",DeepakV11PB,2023-03-10 03:40:44+00:00,9.0,15.0
1.0,@tgbharath Commitment Vunna Leader.... Young Indian Leader..  Politics is not A Passion  Politics is a Freedom Of People ... Great Innovative Programme @tgbharath Anna,Sreenuvasulared,2023-03-11 11:00:08+00:00,2.0,2.0
1.0,If #BJP Win Amethi seat this time then it will be the proof that Modiji's work actually reaches common people. @narendramodi @smritiirani @RahulGandhi,AlokCha20163491,2023-03-13 06:19:44+00:00,1.0,1.0
1.0,being a south east asian and indian ethnically is such a peculiar feeling. very complicated identity politics but major Ws in so many ways lol. michelle yeoh &amp; ke huy quan win? a W. indian films winning left right centre? a W.,deepikasbae,2023-03-13 06:52:16+00:00,3.0,0.0
1.0,#DeshKeDilMeiModi #LokSabhaElections2019 #Phase6 #delhivotekar #AyegaTohModiHi only wen u come out n vote. I request all people please do come out n vote in large numbers for for @BJP4India @narendramodi n NDA than only modi ji will come. Please do come out n vote.,pradeptk,2023-03-13 23:28:30+00:00,1.0,1.0
1.0,reader like make us writer content though play minuscul part bjp s polit campaign ne india intent attempt understand region reader like reassur right thing write it cc mileeashwarya,User_57382,2023-03-14 17:58:18+00:00,0.0,1.0
1.0,"@desimojito No effort can treat his brain.....he is going to live and die with the same biased approach. Opposing Hinduism , #Modi &amp; #bjp is new fashion statement for many.....they don't see any good in #BJP regimen and they will not...coz inhe modi see dar lagta hai...aur ye dar achha hai😀",richaj1309,2023-03-16 23:52:34+00:00,15.0,2.0
1.0,@narendramodi @iSinghApurva We are proud of you #modi  Sir😊 Jai Hind🇮🇳 #ModiHaiToMumkinHai #ModiOnceMore #LokSabhaElections2019 #NaMoagain,prakashachary1,2023-03-17 07:10:39+00:00,14.0,1.0
1.0,#IndiaTodayConclave2023 I am really enjoying this session it's really awesome must check this out they are talking about Indian politics in this conclave. https://t.co/xXh5vz41na,5844raunak,2023-03-18 06:30:05+00:00,19.0,1.0
1.0,@news24tvchannel @ArvindKejriwal Just wait for next election... You are the best liar even born in Indian politics...,pcj2010,2023-03-21 17:55:38+00:00,11.0,3.0
1.0,#ModiHataoDeshBachao aur pure desh ko #Khalistan banao….like #Punjab 💃🏻💃🏻  #AAP_Ka_Paap  #ArvindKejriwal d most cunning leader in #Indian politics,cocoapiie,2023-03-22 07:58:42+00:00,1.0,1.0
1.0,Let's give our full support to diplomacy through the Sikhs organizations built &amp; operating within Indian system.  Support Sikh organizations &amp; refrain from power politics or criticism of our own when the whole world stands against us!,kreigerSJWjedi,2023-03-22 14:40:58+00:00,2.0,1.0
1.0,"@HindenburgRes U r banned in US but u have to interfere in Indian politics . What is the condition of european countries ? But u never write , what is ur credibility ? Nothing ...u r factory of fake news . Some Indian traitors r supporting u but true Indians don't trust you lier.",AnjaliS07752366,2023-03-23 04:57:41+00:00,22.0,3.0
1.0,"Aiyar by reiterating his 'neech' remark has thrown an open challenge to #RaGa, who in a recent interview boastd abt taking action against Aiyar 4 speaking against Modi. Now what is more hurting: remark against Modi or Sikhs. Learn politics, #RahulGandhi. Too long in business now.",Ankur_Mutreja,2023-03-25 02:08:43+00:00,19.0,1.0
1.0,"@RoKhanna @ARanganathan72 @Iyervval Oh boy... It's good that your Parents migrated to USA when they did... You wouldn't last a minute in Indian Politics, cry baby. Indira Gandhi did not lose any elections before the emergency, she lost in 1977 because she imposed an emergency in 1975. With your Nana Ji's support.",Aditya_S96,2023-03-27 15:37:04+00:00,4.0,1.0
1.0,"Instead of giving a good professional ""gentlemanly"" fi👊ght to Modiji, opposition is doing comedyCircus😝  media, Xombiez n sickular Induz are all 5th graders....unfortunate allies helping oppos😁  Indian politics at an all time low..... Once more, clean sweep for BJP ahead 🙏🏼🙏🏼",AshisChakrabar6,2023-03-28 04:58:24+00:00,9.0,9.0
1.0,"Even after having enough evidence against @ArvindKejriwal  @AmitShah and @narendramodi is going soft on this #LieMaster   @ArvindKejriwal is a scam in Indian politics, should be uprooted for civility and honest politics in India   https://t.co/96kiO7zUom",ShreeSpeaks_,2023-03-28 12:25:33+00:00,168.0,12.0
1.0,https://t.co/Ibi5exEYAC   First Time In History Of Indian Politics. Neve Seen Before Such A Roast With Facts.,INCRakeshMulund,2023-03-28 18:13:50+00:00,5.0,3.0
