layer,direction,stratum,metric,zero_static_seeds,n,mean,sd,median,q25,q75,iqr,ci95_low,ci95_high,median_ci95_low,median_ci95_high
pooled,recorded,random,static_out_component,204,500,7.572,59.85373635380687,1.0,0.0,3.0,3.0,3.31395,13.722249999999999,1.0,1.0
pooled,recorded,random,temporal_reachable,204,500,2.454,5.343874811032906,1.0,0.0,2.25,2.25,2.024,2.93005,1.0,1.0
pooled,recorded,random,temporal_static_ratio,204,296,0.906868158643499,0.21712361978830236,1.0,1.0,1.0,0.0,0.8821880453131827,0.9308321431631003,1.0,1.0
pooled,recorded,random,fraction_lost_time_order,204,296,0.09313184135650103,0.21712361978830236,0.0,0.0,0.0,0.0,0.06879116056484834,0.1184459770182344,0.0,0.0
pooled,recorded,random,max_earliest_arrival_witness_hops,204,500,0.752,0.7744000198744594,1.0,0.0,1.0,1.0,0.686,0.8180499999999997,1.0,1.0
pooled,recorded,high_out_strength,static_out_component,0,500,112.858,181.88488132913145,49.0,26.0,112.25,86.25,98.22385,129.40474999999998,44.0,56.0
pooled,recorded,high_out_strength,temporal_reachable,0,500,56.58,70.0863452577117,36.0,23.0,61.25,38.25,50.5878,62.83139999999999,32.5,39.0
pooled,recorded,high_out_strength,temporal_static_ratio,0,500,0.7487353198483757,0.2507694499187189,0.8169856459330144,0.6003535768878729,0.9658045977011495,0.3654510208132765,0.7257221343139634,0.7711735446068242,0.7894736842105263,0.8428571428571429
pooled,recorded,high_out_strength,fraction_lost_time_order,0,500,0.25126468015162423,0.2507694499187189,0.18301435406698563,0.034195402298850576,0.39964642311212706,0.36545102081327646,0.2307602190665027,0.27348554466295943,0.1547008547008547,0.21052631578947367
pooled,recorded,high_out_strength,max_earliest_arrival_witness_hops,0,500,2.5,0.9959839195167117,3.0,2.0,3.0,1.0,2.414,2.588,3.0,3.0
pooled,recorded,high_reverse_PageRank,static_out_component,0,500,125.348,221.06225353024823,37.0,12.0,105.25,93.25,107.30605000000001,145.39655,30.0,45.0
pooled,recorded,high_reverse_PageRank,temporal_reachable,0,500,48.294,80.00853889800254,22.0,10.0,50.25,40.25,41.385650000000005,55.44605,19.0,26.0
pooled,recorded,high_reverse_PageRank,temporal_static_ratio,0,500,0.7081545992073964,0.31892958524387777,0.8266846789574063,0.47568387728687866,1.0,0.5243161227131213,0.6806137257326275,0.7344231845661491,0.777124183006536,0.875
pooled,recorded,high_reverse_PageRank,fraction_lost_time_order,0,500,0.2918454007926035,0.31892958524387777,0.17331532104259378,0.0,0.5243161227131213,0.5243161227131213,0.263702642503582,0.3197945512715698,0.11857638888888888,0.22217235379000075
pooled,recorded,high_reverse_PageRank,max_earliest_arrival_witness_hops,0,500,2.192,1.2272523361530776,2.0,1.0,3.0,2.0,2.084,2.3040499999999997,2.0,2.0
pooled,recorded,high_PageRank,static_out_component,397,500,7.474,55.85115959455195,0.0,0.0,0.0,0.0,3.2876999999999996,12.562599999999996,0.0,0.0
pooled,recorded,high_PageRank,temporal_reachable,397,500,2.63,17.35059613882893,0.0,0.0,0.0,0.0,1.4079499999999998,4.452549999999997,0.0,0.0
pooled,recorded,high_PageRank,temporal_static_ratio,397,103,0.8617467161474768,0.2657964062768579,1.0,0.875,1.0,0.125,0.8122657874050316,0.9097514977772414,1.0,1.0
pooled,recorded,high_PageRank,fraction_lost_time_order,397,103,0.13825328385252325,0.2657964062768579,0.0,0.0,0.125,0.125,0.0894326816327871,0.19242845387895974,0.0,0.0
pooled,recorded,high_PageRank,max_earliest_arrival_witness_hops,397,500,0.33,0.8064743031263962,0.0,0.0,0.0,0.0,0.262,0.402,0.0,0.0
pooled,layer_aware,random,static_out_component,200,500,14.658,69.24260330334532,1.0,0.0,3.0,3.0,9.14125,21.330199999999998,1.0,1.0
pooled,layer_aware,random,temporal_reachable,200,500,3.41,10.188105564332357,1.0,0.0,3.0,3.0,2.56385,4.36405,1.0,1.0
pooled,layer_aware,random,temporal_static_ratio,200,300,0.8647038089084553,0.2886655588539371,1.0,1.0,1.0,0.0,0.8309635346469783,0.8964424435692501,1.0,1.0
pooled,layer_aware,random,fraction_lost_time_order,200,300,0.13529619109154478,0.2886655588539371,0.0,0.0,0.0,0.0,0.10457042528551265,0.1677536159066375,0.0,0.0
pooled,layer_aware,random,max_earliest_arrival_witness_hops,200,500,0.786,0.8108754763070297,1.0,0.0,1.0,1.0,0.714,0.854,1.0,1.0
pooled,layer_aware,high_out_strength,static_out_component,0,500,161.884,184.54061075556262,121.5,47.75,172.25,124.5,146.85235,178.63825,118.0,127.51249999999993
pooled,layer_aware,high_out_strength,temporal_reachable,0,500,60.076,71.06762581427463,40.0,25.75,65.25,39.5,54.12175,66.7225,38.0,43.0
pooled,layer_aware,high_out_strength,temporal_static_ratio,0,500,0.5237778022606345,0.3057918756414516,0.4200152207001522,0.276942907444668,0.8693524096385542,0.5924095021938862,0.49824911817269774,0.5495557164565233,0.38324254540525887,0.45650078213103423
pooled,layer_aware,high_out_strength,fraction_lost_time_order,0,500,0.47622219773936547,0.3057918756414516,0.5799847792998478,0.1306475903614458,0.723057092555332,0.5924095021938862,0.45025663661694815,0.5025600548023639,0.5431919122133295,0.6167574545947411
pooled,layer_aware,high_out_strength,max_earliest_arrival_witness_hops,0,500,2.51,0.9959336160282322,3.0,2.0,3.0,1.0,2.42,2.5940499999999997,3.0,3.0
pooled,layer_aware,high_reverse_PageRank,static_out_component,0,500,155.716,230.79253395953458,52.0,12.0,182.25,170.25,135.16379999999998,177.78099999999998,35.5,82.0
pooled,layer_aware,high_reverse_PageRank,temporal_reachable,0,500,49.82,81.46912320672259,23.0,10.0,54.25,44.25,43.025850000000005,57.424699999999994,19.0,27.0
pooled,layer_aware,high_reverse_PageRank,temporal_static_ratio,0,500,0.6176720482233217,0.3520963307527325,0.6339285714285714,0.30223322205594566,1.0,0.6977667779440544,0.5871477917389347,0.6476746289306874,0.5566547616404859,0.76
pooled,layer_aware,high_reverse_PageRank,fraction_lost_time_order,0,500,0.38232795177667833,0.3520963307527325,0.3660714285714286,0.0,0.6977667779440543,0.6977667779440543,0.3511144679305183,0.4123093582072503,0.23809523809523808,0.44332888780359525
pooled,layer_aware,high_reverse_PageRank,max_earliest_arrival_witness_hops,0,500,2.198,1.232003110112411,2.0,1.0,3.0,2.0,2.088,2.304,2.0,2.0
pooled,layer_aware,high_PageRank,static_out_component,395,500,10.026,62.14122937935455,0.0,0.0,0.0,0.0,5.342,16.47564999999999,0.0,0.0
pooled,layer_aware,high_PageRank,temporal_reachable,395,500,2.814,17.888751181613415,0.0,0.0,0.0,0.0,1.5275,4.654399999999998,0.0,0.0
pooled,layer_aware,high_PageRank,temporal_static_ratio,395,105,0.8189154118154032,0.31943965500673027,1.0,0.8333333333333334,1.0,0.16666666666666663,0.7570355098616847,0.8764027580744437,1.0,1.0
pooled,layer_aware,high_PageRank,fraction_lost_time_order,395,105,0.18108458818459686,0.31943965500673027,0.0,0.0,0.16666666666666666,0.16666666666666666,0.12345229324511213,0.2419328447414722,0.0,0.0
pooled,layer_aware,high_PageRank,max_earliest_arrival_witness_hops,395,500,0.34,0.820821232053594,0.0,0.0,0.0,0.0,0.272,0.4160499999999997,0.0,0.0
pooled,reversed,random,static_out_component,288,500,6.364,44.937582006079346,0.0,0.0,1.0,1.0,3.214,10.893049999999993,0.0,0.0
pooled,reversed,random,temporal_reachable,288,500,2.834,17.806532205299174,0.0,0.0,1.0,1.0,1.648,4.544699999999996,0.0,0.0
pooled,reversed,random,temporal_static_ratio,288,212,0.9213307553039446,0.2017937027261656,1.0,1.0,1.0,0.0,0.8943054922835757,0.9474489011799507,1.0,1.0
pooled,reversed,random,fraction_lost_time_order,288,212,0.07866924469605534,0.20179370272616565,0.0,0.0,0.0,0.0,0.05451718986323445,0.10727024289971229,0.0,0.0
pooled,reversed,random,max_earliest_arrival_witness_hops,288,500,0.532,0.7470556768867617,0.0,0.0,1.0,1.0,0.466,0.598,0.0,0.0
pooled,reversed,high_out_strength,static_out_component,0,500,327.252,880.7825909047485,105.0,42.0,287.0,245.0,258.3864,406.44604999999996,80.4875,134.5
pooled,reversed,high_out_strength,temporal_reachable,0,500,173.108,622.2192812859531,58.0,35.0,123.25,88.25,127.32154999999999,236.38024999999985,51.0,65.0
pooled,reversed,high_out_strength,temporal_static_ratio,0,500,0.6952495950338413,0.28939038081451945,0.7902230187176423,0.4503263623480912,0.9555555555555556,0.5052291932074644,0.6701942798667464,0.7205679826283512,0.7489756367663345,0.8381496881496882
pooled,reversed,high_out_strength,fraction_lost_time_order,0,500,0.30475040496615885,0.28939038081451945,0.2097769812823576,0.044444444444444446,0.5496736376519088,0.5052291932074644,0.2809813379387313,0.32944865742350177,0.16216216216216217,0.2520487264673311
pooled,reversed,high_out_strength,max_earliest_arrival_witness_hops,0,500,2.802,1.0756905783917985,3.0,2.0,4.0,2.0,2.70595,2.892,3.0,3.0
pooled,reversed,high_reverse_PageRank,static_out_component,0,500,347.012,885.0260346566309,118.0,42.0,317.5,275.5,278.4443,428.1530999999998,89.0,145.0
pooled,reversed,high_reverse_PageRank,temporal_reachable,0,500,172.6,622.3138863518093,60.0,31.0,128.0,97.0,125.74575,233.37380000000002,53.5,69.5
pooled,reversed,high_reverse_PageRank,temporal_static_ratio,0,500,0.6600777320435418,0.3019680622483547,0.7449433787018183,0.39905660377358493,0.9398395721925135,0.5407829684189285,0.6333807582848735,0.684873883867165,0.6825326733954451,0.789684451725504
pooled,reversed,high_reverse_PageRank,fraction_lost_time_order,0,500,0.3399222679564582,0.30196806224835465,0.2550566212981817,0.060160427807486636,0.600943396226415,0.5407829684189284,0.3135896004242091,0.3660747470584909,0.20689655172413793,0.3149801587301587
pooled,reversed,high_reverse_PageRank,max_earliest_arrival_witness_hops,0,500,2.788,1.1285402989759938,3.0,2.0,4.0,2.0,2.688,2.884,3.0,3.0
pooled,reversed,high_PageRank,static_out_component,298,500,15.6,72.36032083997505,0.0,0.0,1.0,1.0,10.09325,22.240349999999996,0.0,0.0
pooled,reversed,high_PageRank,temporal_reachable,298,500,5.44,34.272724421594454,0.0,0.0,1.0,1.0,2.81535,8.73615,0.0,0.0
pooled,reversed,high_PageRank,temporal_static_ratio,298,202,0.8589075585536102,0.2859988101360521,1.0,1.0,1.0,0.0,0.8169355280529961,0.8957791367625615,1.0,1.0
pooled,reversed,high_PageRank,fraction_lost_time_order,298,202,0.14109244144638977,0.2859988101360521,0.0,0.0,0.0,0.0,0.10239594491358482,0.1804602835064558,0.0,0.0
pooled,reversed,high_PageRank,max_earliest_arrival_witness_hops,298,500,0.592,0.9247953789817356,0.0,0.0,1.0,1.0,0.51395,0.6760499999999998,0.0,0.0
retweet,recorded,random,static_out_component,11,20,0.7,0.9233805168766387,0.0,0.0,1.0,1.0,0.35,1.1,0.0,1.0
retweet,recorded,random,temporal_reachable,11,20,0.7,0.9233805168766387,0.0,0.0,1.0,1.0,0.35,1.1,0.0,1.0
retweet,recorded,random,temporal_static_ratio,11,9,1.0,0.0,1.0,1.0,1.0,0.0,1.0,1.0,1.0,1.0
retweet,recorded,random,fraction_lost_time_order,11,9,0.0,0.0,0.0,0.0,0.0,0.0,0.0,0.0,0.0,0.0
retweet,recorded,random,max_earliest_arrival_witness_hops,11,20,0.45,0.5104177855340405,0.0,0.0,1.0,1.0,0.25,0.65,0.0,1.0
retweet,recorded,high_out_strength,static_out_component,11,20,0.7,0.9233805168766387,0.0,0.0,1.0,1.0,0.3,1.1,0.0,1.0
retweet,recorded,high_out_strength,temporal_reachable,11,20,0.7,0.9233805168766387,0.0,0.0,1.0,1.0,0.3,1.1,0.0,1.0
retweet,recorded,high_out_strength,temporal_static_ratio,11,9,1.0,0.0,1.0,1.0,1.0,0.0,1.0,1.0,1.0,1.0
retweet,recorded,high_out_strength,fraction_lost_time_order,11,9,0.0,0.0,0.0,0.0,0.0,0.0,0.0,0.0,0.0,0.0
retweet,recorded,high_out_strength,max_earliest_arrival_witness_hops,11,20,0.45,0.5104177855340404,0.0,0.0,1.0,1.0,0.25,0.65,0.0,1.0
retweet,recorded,high_reverse_PageRank,static_out_component,11,20,0.7,0.9233805168766387,0.0,0.0,1.0,1.0,0.3,1.1,0.0,1.0
retweet,recorded,high_reverse_PageRank,temporal_reachable,11,20,0.7,0.9233805168766387,0.0,0.0,1.0,1.0,0.34875000000000006,1.1,0.0,1.0
retweet,recorded,high_reverse_PageRank,temporal_static_ratio,11,9,1.0,0.0,1.0,1.0,1.0,0.0,1.0,1.0,1.0,1.0
retweet,recorded,high_reverse_PageRank,fraction_lost_time_order,11,9,0.0,0.0,0.0,0.0,0.0,0.0,0.0,0.0,0.0,0.0
retweet,recorded,high_reverse_PageRank,max_earliest_arrival_witness_hops,11,20,0.45,0.5104177855340404,0.0,0.0,1.0,1.0,0.25,0.65,0.0,1.0
retweet,recorded,high_PageRank,static_out_component,11,20,0.7,0.9233805168766387,0.0,0.0,1.0,1.0,0.34875000000000006,1.1,0.0,1.0
retweet,recorded,high_PageRank,temporal_reachable,11,20,0.7,0.9233805168766387,0.0,0.0,1.0,1.0,0.35,1.1,0.0,1.0
retweet,recorded,high_PageRank,temporal_static_ratio,11,9,1.0,0.0,1.0,1.0,1.0,0.0,1.0,1.0,1.0,1.0
retweet,recorded,high_PageRank,fraction_lost_time_order,11,9,0.0,0.0,0.0,0.0,0.0,0.0,0.0,0.0,0.0,0.0
retweet,recorded,high_PageRank,max_earliest_arrival_witness_hops,11,20,0.45,0.5104177855340405,0.0,0.0,1.0,1.0,0.25,0.65,0.0,1.0
retweet,reversed,random,static_out_component,8,20,0.7,0.6569466853317862,1.0,0.0,1.0,1.0,0.45,1.0,0.0,1.0
retweet,reversed,random,temporal_reachable,8,20,0.7,0.6569466853317862,1.0,0.0,1.0,1.0,0.4,1.0,0.0,1.0
retweet,reversed,random,temporal_static_ratio,8,12,1.0,0.0,1.0,1.0,1.0,0.0,1.0,1.0,1.0,1.0
retweet,reversed,random,fraction_lost_time_order,8,12,0.0,0.0,0.0,0.0,0.0,0.0,0.0,0.0,0.0,0.0
retweet,reversed,random,max_earliest_arrival_witness_hops,8,20,0.6,0.5026246899500346,1.0,0.0,1.0,1.0,0.4,0.8,0.0,1.0
retweet,reversed,high_out_strength,static_out_component,8,20,0.7,0.6569466853317864,1.0,0.0,1.0,1.0,0.45,1.0,0.0,1.0
retweet,reversed,high_out_strength,temporal_reachable,8,20,0.7,0.6569466853317864,1.0,0.0,1.0,1.0,0.4,1.0,0.0,1.0
retweet,reversed,high_out_strength,temporal_static_ratio,8,12,1.0,0.0,1.0,1.0,1.0,0.0,1.0,1.0,1.0,1.0
retweet,reversed,high_out_strength,fraction_lost_time_order,8,12,0.0,0.0,0.0,0.0,0.0,0.0,0.0,0.0,0.0,0.0
retweet,reversed,high_out_strength,max_earliest_arrival_witness_hops,8,20,0.6,0.5026246899500346,1.0,0.0,1.0,1.0,0.4,0.8,0.0,1.0
retweet,reversed,high_reverse_PageRank,static_out_component,8,20,0.7,0.6569466853317864,1.0,0.0,1.0,1.0,0.4,1.0,0.0,1.0
retweet,reversed,high_reverse_PageRank,temporal_reachable,8,20,0.7,0.6569466853317864,1.0,0.0,1.0,1.0,0.4,1.0,0.0,1.0
retweet,reversed,high_reverse_PageRank,temporal_static_ratio,8,12,1.0,0.0,1.0,1.0,1.0,0.0,1.0,1.0,1.0,1.0
retweet,reversed,high_reverse_PageRank,fraction_lost_time_order,8,12,0.0,0.0,0.0,0.0,0.0,0.0,0.0,0.0,0.0,0.0
retweet,reversed,high_reverse_PageRank,max_earliest_arrival_witness_hops,8,20,0.6,0.5026246899500346,1.0,0.0,1.0,1.0,0.4,0.8,0.0,1.0
retweet,reversed,high_PageRank,static_out_component,8,20,0.7,0.6569466853317862,1.0,0.0,1.0,1.0,0.45,1.0,0.0,1.0
retweet,reversed,high_PageRank,temporal_reachable,8,20,0.7,0.6569466853317862,1.0,0.0,1.0,1.0,0.45,1.0,0.0,1.0
retweet,reversed,high_PageRank,temporal_static_ratio,8,12,1.0,0.0,1.0,1.0,1.0,0.0,1.0,1.0,1.0,1.0
retweet,reversed,high_PageRank,fraction_lost_time_order,8,12,0.0,0.0,0.0,0.0,0.0,0.0,0.0,0.0,0.0,0.0
retweet,reversed,high_PageRank,max_earliest_arrival_witness_hops,8,20,0.6,0.5026246899500346,1.0,0.0,1.0,1.0,0.4,0.8,0.0,1.0
reply_inferred,recorded,random,static_out_component,157,500,1.628,4.755928269792852,1.0,0.0,1.0,1.0,1.2399499999999999,2.086,1.0,1.0
reply_inferred,recorded,random,temporal_reachable,157,500,1.148,1.8764696311299862,1.0,0.0,1.0,1.0,0.994,1.3180499999999997,1.0,1.0
reply_inferred,recorded,random,temporal_static_ratio,157,343,0.9579638680447968,0.16079035642057818,1.0,1.0,1.0,0.0,0.9404855662002919,0.9732232239344308,1.0,1.0
reply_inferred,recorded,random,fraction_lost_time_order,157,343,0.04203613195520303,0.16079035642057818,0.0,0.0,0.0,0.0,0.026636797355041552,0.061301225555271996,0.0,0.0
reply_inferred,recorded,random,max_earliest_arrival_witness_hops,157,500,0.744,0.5648913208828913,1.0,0.0,1.0,1.0,0.694,0.794,1.0,1.0
reply_inferred,recorded,high_out_strength,static_out_component,0,500,13.06,16.129374241639187,8.0,6.0,12.0,6.0,11.741900000000001,14.53605,7.0,8.0
reply_inferred,recorded,high_out_strength,temporal_reachable,0,500,10.02,10.083797198072944,7.0,6.0,10.0,4.0,9.198,10.91805,7.0,8.0
reply_inferred,recorded,high_out_strength,temporal_static_ratio,0,500,0.9172952918920955,0.18652910000340384,1.0,0.9321428571428572,1.0,0.06785714285714284,0.9008245110289569,0.933096467264796,1.0,1.0
reply_inferred,recorded,high_out_strength,fraction_lost_time_order,0,500,0.0827047081079045,0.18652910000340378,0.0,0.0,0.06785714285714285,0.06785714285714285,0.06736114563135143,0.09985776587143844,0.0,0.0
reply_inferred,recorded,high_out_strength,max_earliest_arrival_witness_hops,0,500,1.392,0.6189525057779617,1.0,1.0,2.0,1.0,1.338,1.448,1.0,1.0
reply_inferred,recorded,high_reverse_PageRank,static_out_component,9,500,12.902,17.631509755904204,7.0,4.0,13.0,9.0,11.437700000000001,14.5581,6.0,7.5
reply_inferred,recorded,high_reverse_PageRank,temporal_reachable,9,500,7.634,10.59114671683643,5.0,2.0,9.0,7.0,6.7959000000000005,8.5542,4.0,5.0
reply_inferred,recorded,high_reverse_PageRank,temporal_static_ratio,9,491,0.7693207597164138,0.3032341367674692,0.9852941176470589,0.5555555555555556,1.0,0.4444444444444444,0.7431179801200216,0.7963029962078081,0.9,1.0
reply_inferred,recorded,high_reverse_PageRank,fraction_lost_time_order,9,491,0.23067924028358627,0.3032341367674692,0.014705882352941176,0.0,0.4444444444444444,0.4444444444444444,0.2044436165959101,0.25725792317496765,0.0,0.1
reply_inferred,recorded,high_reverse_PageRank,max_earliest_arrival_witness_hops,9,500,1.49,0.7231499787620594,1.0,1.0,2.0,1.0,1.426,1.556,1.0,1.0
reply_inferred,recorded,high_PageRank,static_out_component,426,500,1.796,9.04577448713731,0.0,0.0,0.0,0.0,1.0659,2.65805,0.0,0.0
reply_inferred,recorded,high_PageRank,temporal_reachable,426,500,0.818,4.210026680354722,0.0,0.0,0.0,0.0,0.48,1.2180499999999996,0.0,0.0
reply_inferred,recorded,high_PageRank,temporal_static_ratio,426,74,0.8472918467824374,0.29363763861565956,1.0,0.8334627329192547,1.0,0.16653726708074534,0.7786599281935508,0.9077869456009058,1.0,1.0
reply_inferred,recorded,high_PageRank,fraction_lost_time_order,426,74,0.15270815321756268,0.2936376386156595,0.0,0.0,0.16653726708074534,0.16653726708074534,0.08882254706711229,0.2226703071485275,0.0,0.0
reply_inferred,recorded,high_PageRank,max_earliest_arrival_witness_hops,426,500,0.2,0.5409114255963553,0.0,0.0,0.0,0.0,0.156,0.248,0.0,0.0
reply_inferred,reversed,random,static_out_component,328,500,1.512,11.315030527208634,0.0,0.0,1.0,1.0,0.71985,2.666149999999999,0.0,0.0
reply_inferred,reversed,random,temporal_reachable,328,500,1.176,8.405136324490314,0.0,0.0,1.0,1.0,0.624,2.034299999999998,0.0,0.0
reply_inferred,reversed,random,temporal_static_ratio,328,172,0.9484813137788727,0.15104028725721844,1.0,1.0,1.0,0.0,0.9242073613191175,0.9692992073158275,1.0,1.0
reply_inferred,reversed,random,fraction_lost_time_order,328,172,0.05151868622112736,0.15104028725721844,0.0,0.0,0.0,0.0,0.030542662019537113,0.07417194800509924,0.0,0.0
reply_inferred,reversed,random,max_earliest_arrival_witness_hops,328,500,0.384,0.5737616271672578,0.0,0.0,1.0,1.0,0.33395,0.4340499999999997,0.0,0.0
reply_inferred,reversed,high_out_strength,static_out_component,0,500,51.676,132.401719984711,21.0,13.0,43.0,30.0,41.745200000000004,64.57119999999998,19.0,24.0
reply_inferred,reversed,high_out_strength,temporal_reachable,0,500,43.684,116.88587922209868,19.0,13.0,35.25,22.25,34.753899999999994,55.036749999999984,18.0,22.0
reply_inferred,reversed,high_out_strength,temporal_static_ratio,0,500,0.919311812400829,0.15167014874222443,1.0,0.9090909090909091,1.0,0.09090909090909094,0.9062361711357699,0.9322799030912664,0.9761904761904762,1.0
reply_inferred,reversed,high_out_strength,fraction_lost_time_order,0,500,0.080688187599171,0.15167014874222443,0.0,0.0,0.09090909090909091,0.09090909090909091,0.06736652210804392,0.09450813891039328,0.0,0.026320175438596466
reply_inferred,reversed,high_out_strength,max_earliest_arrival_witness_hops,0,500,1.712,0.8333336005343593,2.0,1.0,2.0,1.0,1.638,1.788,1.0,2.0
reply_inferred,reversed,high_reverse_PageRank,static_out_component,0,500,55.62,133.7878993183166,23.0,14.0,49.0,35.0,45.3994,68.69804999999998,21.0,25.5
reply_inferred,reversed,high_reverse_PageRank,temporal_reachable,0,500,43.958,116.9175764175374,20.0,13.0,38.0,25.0,35.58865,55.196099999999994,18.0,22.5
reply_inferred,reversed,high_reverse_PageRank,temporal_static_ratio,0,500,0.8750946300326398,0.2158424569362214,0.9691310975609756,0.875,1.0,0.125,0.8552696318997135,0.8925991456791067,0.9594520547945204,0.9885714285714285
reply_inferred,reversed,high_reverse_PageRank,fraction_lost_time_order,0,500,0.12490536996736025,0.2158424569362214,0.03086890243902439,0.0,0.125,0.125,0.1068190993591274,0.14413571542475487,0.012857142857142857,0.038461538461538464
reply_inferred,reversed,high_reverse_PageRank,max_earliest_arrival_witness_hops,0,500,1.808,0.8559212594653843,2.0,1.0,2.0,1.0,1.736,1.884,2.0,2.0
reply_inferred,reversed,high_PageRank,static_out_component,294,500,3.334,16.26885968933233,0.0,0.0,1.0,1.0,1.9998,4.81205,0.0,0.0
reply_inferred,reversed,high_PageRank,temporal_reachable,294,500,1.608,7.611715471879497,0.0,0.0,1.0,1.0,1.0339,2.3040499999999997,0.0,0.0
reply_inferred,reversed,high_PageRank,temporal_static_ratio,294,206,0.9226677167415206,0.2096149224598715,1.0,1.0,1.0,0.0,0.8926404846549009,0.9504929698242919,1.0,1.0
reply_inferred,reversed,high_PageRank,fraction_lost_time_order,294,206,0.07733228325847936,0.2096149224598715,0.0,0.0,0.0,0.0,0.04961480880734025,0.10685428568749157,0.0,0.0
reply_inferred,reversed,high_PageRank,max_earliest_arrival_witness_hops,294,500,0.504,0.6978236996775499,0.0,0.0,1.0,1.0,0.442,0.5660499999999997,0.0,0.0
mention,recorded,random,static_out_component,200,500,2.946,7.398957571597001,1.0,0.0,3.0,3.0,2.3699500000000002,3.630199999999999,1.0,1.0
mention,recorded,random,temporal_reachable,200,500,2.4,5.588422042208667,1.0,0.0,2.0,2.0,1.9499499999999999,2.932,1.0,1.0
mention,recorded,random,temporal_static_ratio,200,300,0.9360989366675418,0.16444627299591924,1.0,1.0,1.0,0.0,0.9162403791367761,0.9544955265700018,1.0,1.0
mention,recorded,random,fraction_lost_time_order,200,300,0.06390106333245812,0.16444627299591918,0.0,0.0,0.0,0.0,0.04510867664313838,0.08315162077117605,0.0,0.0
mention,recorded,random,max_earliest_arrival_witness_hops,200,500,0.762,0.7839548267219748,1.0,0.0,1.0,1.0,0.692,0.83,1.0,1.0
mention,recorded,high_out_strength,static_out_component,0,500,64.392,102.17513323555495,28.0,19.0,63.0,44.0,56.152,73.06484999999999,26.0,31.0
mention,recorded,high_out_strength,temporal_reachable,0,500,42.728,57.90277609025249,25.0,17.0,46.0,29.0,37.7697,47.94124999999999,23.0,26.0
mention,recorded,high_out_strength,temporal_static_ratio,0,500,0.8360246128699983,0.19564317200835102,0.9030017921146953,0.7486111111111111,1.0,0.2513888888888889,0.8190566354831735,0.853249319556511,0.8843582887700534,0.9327683615819209
mention,recorded,high_out_strength,fraction_lost_time_order,0,500,0.16397538713000165,0.19564317200835102,0.09699820788530467,0.0,0.2513888888888889,0.2513888888888889,0.14718998572119166,0.1804782742389546,0.06896551724137931,0.11764705882352941
mention,recorded,high_out_strength,max_earliest_arrival_witness_hops,0,500,2.23,1.0154616313033686,2.0,1.0,3.0,2.0,2.142,2.318,2.0,2.0
mention,recorded,high_reverse_PageRank,static_out_component,32,500,64.224,117.4353266094651,21.5,10.0,55.0,45.0,54.315549999999995,74.71154999999999,19.0,25.0
mention,recorded,high_reverse_PageRank,temporal_reachable,32,500,37.404,63.105510019249344,17.0,10.0,41.0,31.0,32.2716,43.28415,15.0,19.0
mention,recorded,high_reverse_PageRank,temporal_static_ratio,32,468,0.8176560722855205,0.2517519981137142,0.9461872586872586,0.7079666512274201,1.0,0.2920333487725799,0.794638449543387,0.8402616385713193,0.9056603773584906,0.9705987394957982
mention,recorded,high_reverse_PageRank,fraction_lost_time_order,32,468,0.18234392771447952,0.2517519981137142,0.053812741312741316,0.0,0.2920333487725799,0.2920333487725799,0.160184089994079,0.2059326005456042,0.030303030303030304,0.0945945945945946
mention,recorded,high_reverse_PageRank,max_earliest_arrival_witness_hops,32,500,1.844,1.1910083971173369,2.0,1.0,3.0,2.0,1.738,1.952,1.0,2.0
mention,recorded,high_PageRank,static_out_component,428,500,1.254,6.509241464940274,0.0,0.0,0.0,0.0,0.7539,1.866,0.0,0.0
mention,recorded,high_PageRank,temporal_reachable,428,500,1.038,5.211417633187249,0.0,0.0,0.0,0.0,0.632,1.5582499999999986,0.0,0.0
mention,recorded,high_PageRank,temporal_static_ratio,428,72,0.9218560961987833,0.15930097305018942,1.0,0.9380252100840336,1.0,0.06197478991596639,0.8845607805050215,0.954277375095499,1.0,1.0
mention,recorded,high_PageRank,fraction_lost_time_order,428,72,0.0781439038012168,0.15930097305018942,0.0,0.0,0.06197478991596639,0.06197478991596639,0.04408245568127412,0.11797539387464326,0.0,0.0
mention,recorded,high_PageRank,max_earliest_arrival_witness_hops,428,500,0.206,0.5658660696822485,0.0,0.0,0.0,0.0,0.158,0.256,0.0,0.0
mention,reversed,random,static_out_component,290,500,3.52,26.861807709587485,0.0,0.0,1.0,1.0,1.6019,6.224,0.0,0.0
mention,reversed,random,temporal_reachable,290,500,2.446,17.889974465402275,0.0,0.0,1.0,1.0,1.1979,4.348899999999995,0.0,0.0
mention,reversed,random,temporal_static_ratio,290,210,0.9595907957169424,0.13431833997546863,1.0,1.0,1.0,0.0,0.9397471021183872,0.9757430370849085,1.0,1.0
mention,reversed,random,fraction_lost_time_order,290,210,0.040409204283057706,0.13431833997546863,0.0,0.0,0.0,0.0,0.023699884854822377,0.059846309431798965,0.0,0.0
mention,reversed,random,max_earliest_arrival_witness_hops,290,500,0.522,0.7420358714165629,0.0,0.0,1.0,1.0,0.458,0.5900499999999997,0.0,0.0
mention,reversed,high_out_strength,static_out_component,1,500,157.018,594.7377334752172,40.5,23.0,98.25,75.25,110.9385,217.04169999999996,36.0,49.0
mention,reversed,high_out_strength,temporal_reachable,1,500,112.362,485.1590022569322,33.0,21.0,69.0,48.0,76.86954999999999,159.91254999999995,29.5,36.0
mention,reversed,high_out_strength,temporal_static_ratio,1,499,0.8470959964745474,0.1969305111830098,0.92,0.7750677506775068,1.0,0.22493224932249323,0.8299474131375544,0.8648098317471289,0.9047619047619048,0.9444444444444444
mention,reversed,high_out_strength,fraction_lost_time_order,1,499,0.1529040035254527,0.1969305111830098,0.08,0.0,0.22493224932249323,0.22493224932249323,0.13706918911538601,0.17034946127408926,0.05555555555555555,0.09527649769585232
mention,reversed,high_out_strength,max_earliest_arrival_witness_hops,1,500,2.288,1.1043074707616352,2.0,1.0,3.0,2.0,2.1919500000000003,2.384,2.0,2.0
mention,reversed,high_reverse_PageRank,static_out_component,32,500,160.188,595.6538555968345,45.0,18.0,106.0,88.0,113.3201,218.13215,38.0,54.0
mention,reversed,high_reverse_PageRank,temporal_reachable,32,500,110.614,485.4620353637956,34.0,16.0,74.0,58.0,75.15780000000001,157.2667,30.0,39.0
mention,reversed,high_reverse_PageRank,temporal_static_ratio,32,468,0.8268988012881873,0.22410607321332982,0.915624052620643,0.7580862236342777,1.0,0.2419137763657223,0.8075626167593755,0.8471303004416465,0.9011627906976745,0.9333333333333333
mention,reversed,high_reverse_PageRank,fraction_lost_time_order,32,468,0.1731011987118127,0.22410607321332982,0.0843759473793571,0.0,0.24191377636572234,0.24191377636572234,0.1535859657646217,0.19320623873835835,0.06666666666666667,0.09883720930232558
mention,reversed,high_reverse_PageRank,max_earliest_arrival_witness_hops,32,500,2.124,1.2278596330839753,2.0,1.0,3.0,2.0,2.016,2.226,2.0,2.0
mention,reversed,high_PageRank,static_out_component,411,500,2.598,17.22003063033918,0.0,0.0,0.0,0.0,1.3319,4.2502499999999985,0.0,0.0
mention,reversed,high_PageRank,temporal_reachable,411,500,1.948,13.926420443629636,0.0,0.0,0.0,0.0,0.928,3.3260999999999994,0.0,0.0
mention,reversed,high_PageRank,temporal_static_ratio,411,89,0.8929430602394797,0.2030015650170339,1.0,0.875,1.0,0.125,0.8480752037855349,0.9311254942030325,1.0,1.0
mention,reversed,high_PageRank,fraction_lost_time_order,411,89,0.10705693976052023,0.20300156501703387,0.0,0.0,0.125,0.125,0.06790521048750642,0.14904046828847944,0.0,0.0
mention,reversed,high_PageRank,max_earliest_arrival_witness_hops,411,500,0.294,0.7380063052665787,0.0,0.0,0.0,0.0,0.234,0.358,0.0,0.0
