node_id,in_degree,out_degree,total_degree,weighted_in_degree,weighted_out_degree,weighted_degree,pagerank,degree_norm,weighted_degree_norm,pagerank_norm,trust_score
narendramodi,9868,0,9868,16767.0,0.0,16767.0,0.04826098233597791,1.0,1.0,1.0,1.0
RahulGandhi,3594,1,3595,4695.0,1.0,4696.0,0.012302492100509023,0.36424445120097293,0.28003101514970774,0.2547569890687074,0.3204494663480667
BJP4India,2942,0,2942,4191.0,0.0,4191.0,0.007100669274842169,0.2980642545859937,0.2499105332219969,0.14694873350665238,0.2376180461542572
INCIndia,2155,1,2156,2808.0,1.0,2809.0,0.005693690414457053,0.21840478362217491,0.16748180842180604,0.11778896747187548,0.17815845716205514
AmitShah,1793,1,1794,2414.0,1.0,2415.0,0.004304929187745345,0.18171683389074694,0.1439818680663247,0.08900676356726338,0.1446328057613535
ArvindKejriwal,1353,0,1353,1636.0,0.0,1636.0,0.00646768222445997,0.1370223978919631,0.09751878802338065,0.13383001878258308,0.1357454462482111
PMOIndia,1504,0,1504,1884.0,0.0,1884.0,0.0033263146923081994,0.1523259349346306,0.11231062865322677,0.06872488831763984,0.11888551628783428
ikamalhaasan,97,0,97,112.0,0.0,112.0,0.011294517484422712,0.00972940103374886,0.006620541572229512,0.23386662262352453,0.09938428966965913
BCCI,812,0,812,1085.0,0.0,1085.0,0.004029191466582363,0.0821931691496909,0.06465465823690802,0.08329207398488095,0.08263273108376692
ANI,778,0,778,875.0,0.0,875.0,0.0036152619204642637,0.07874733961690483,0.05212930931647382,0.0747133461450175,0.07713374222814989
ShashiTharoor,553,2,555,621.0,2.0,623.0,0.0023588314248430982,0.05614675179892571,0.03709889061195276,0.04867370878952539,0.05315753459516559
AamAadmiParty,555,2,557,620.0,2.0,622.0,0.0016619146067222,0.05634944765379548,0.037039246093284024,0.034230043760653486,0.04750168609653868
sardesairajdeep,498,0,498,557.0,0.0,557.0,0.00186475474744681,0.05036991993513733,0.033162352379816296,0.038433924296834295,0.04559552167981611
kcvenugopalmp,40,3,43,44.0,3.0,47.0,0.004989701890249317,0.004256612952265126,0.0027436478587617797,0.10319874068520825,0.04383346404544238
SupriyaShrinate,446,0,446,482.0,0.0,482.0,0.0017902358394607327,0.04509982770852336,0.02868901347966122,0.03688951308837712,0.04181570186046486
ndtv,455,2,457,535.0,2.0,537.0,0.0014357682282657395,0.04621465491030709,0.03196946200644161,0.029543139308089425,0.03954604866942002
ashoswai,333,1,334,345.0,1.0,346.0,0.0019977001288716306,0.03374885983581636,0.020577358940713348,0.041189229530553886,0.03672500771371137
priyankagandhi,447,2,449,512.0,2.0,514.0,0.0009480763733559977,0.045403871490828016,0.03059763807706072,0.019435680847525286,0.03501659523350693
republic,391,0,391,528.0,0.0,528.0,0.0010576892755524336,0.039525691699604744,0.031432661338423,0.021707418307437137,0.0323983823427377
smritiirani,312,0,312,347.0,0.0,347.0,0.0014076736140770534,0.03151920543224891,0.020637003459382082,0.02896087585009037,0.030495873599385496
