Week_Start,mention,reply_inferred,retweet
2022-10-10,1029,404,0
2022-10-17,4673,2010,7
2022-10-24,4895,2661,2
2022-10-31,3934,1773,1
2022-11-07,4000,1888,0
2022-11-14,3331,1410,0
2022-11-21,4188,2024,4
2022-11-28,3803,1696,1
2022-12-05,3935,1861,0
2022-12-12,3486,1513,0
2022-12-19,3424,1423,0
2022-12-26,3256,1214,0
2023-01-02,3035,1252,1
2023-01-09,3158,1330,0
2023-01-16,3640,1619,0
2023-01-23,3344,1491,0
2023-01-30,3090,1389,0
2023-02-06,3365,1433,0
2023-02-13,3603,1747,0
2023-02-20,3453,1638,0
2023-02-27,4103,1773,0
2023-03-06,3774,1983,0
2023-03-13,4043,1891,0
2023-03-20,4443,2576,0
2023-03-27,1559,1025,0
