population,direction,self_loops_retained,nodes,edges,self_loops,largest_SCC,spectral_radius_weighted,dominant_SCC_nodes,dominant_SCC_edges,dominant_nodes,max_weight_denominator,normalized_spectral_radius,recovery,beta_c_spectral_diagnostic,top1_eigenvector_mass,operator
original_model_population,recorded,True,17598,29715,44,17,20.0,1,1,ictcimpact,34.0,0.5882352941176471,0.25,0.425,1.0,weighted adjacency Source row Target column; right Perron SCC block vector
original_model_population,recorded,False,17598,29671,0,17,9.043208050427818,10,30,trendsetting123;puneetvizh;terence_fdes;joerave;sociopoliticalw;kirti_sd;psmanwatkar;secular_hoon;drnitinchaube;vazeindian,34.0,0.26597670736552437,0.25,0.9399319304168691,0.3078141194704085,weighted adjacency Source row Target column; right Perron SCC block vector
original_model_population,reversed,True,17598,29715,44,17,20.0,1,1,ictcimpact,34.0,0.5882352941176471,0.25,0.425,1.0,weighted adjacency Source row Target column; right Perron SCC block vector
original_model_population,reversed,False,17598,29671,0,17,9.043208050427825,10,30,puneetvizh;terence_fdes;joerave;kirti_sd;trendsetting123;psmanwatkar;sociopoliticalw;vazeindian;drnitinchaube;secular_hoon,34.0,0.26597670736552487,0.25,0.9399319304168673,0.21736967194066573,weighted adjacency Source row Target column; right Perron SCC block vector
original_model_population,layer_aware,True,17598,29716,44,17,20.0,1,1,ictcimpact,34.0,0.5882352941176471,0.25,0.425,1.0,weighted adjacency Source row Target column; right Perron SCC block vector
original_model_population,layer_aware,False,17598,29672,0,17,9.043208050427818,10,30,trendsetting123;puneetvizh;terence_fdes;joerave;sociopoliticalw;kirti_sd;psmanwatkar;secular_hoon;drnitinchaube;vazeindian,34.0,0.26597670736552437,0.25,0.9399319304168691,0.3078141194704085,weighted adjacency Source row Target column; right Perron SCC block vector
full_temporal_endpoint_population,recorded,True,60219,109219,108,17,20.0,1,1,ictcimpact,128.0,0.15625,0.25,1.6,1.0,weighted adjacency Source row Target column; right Perron SCC block vector
full_temporal_endpoint_population,recorded,False,60219,109111,0,17,9.043208050427818,10,30,trendsetting123;puneetvizh;terence_fdes;joerave;sociopoliticalw;kirti_sd;psmanwatkar;secular_hoon;drnitinchaube;vazeindian,128.0,0.07065006289396733,0.25,3.5385672674517465,0.3078141194704085,weighted adjacency Source row Target column; right Perron SCC block vector
full_temporal_endpoint_population,reversed,True,60219,109219,108,17,20.0,1,1,ictcimpact,128.0,0.15625,0.25,1.6,1.0,weighted adjacency Source row Target column; right Perron SCC block vector
full_temporal_endpoint_population,reversed,False,60219,109111,0,17,9.043208050427825,10,30,puneetvizh;terence_fdes;joerave;kirti_sd;trendsetting123;psmanwatkar;sociopoliticalw;vazeindian;drnitinchaube;secular_hoon,128.0,0.0706500628939674,0.25,3.538567267451743,0.21736967194066573,weighted adjacency Source row Target column; right Perron SCC block vector
full_temporal_endpoint_population,layer_aware,True,60219,109220,108,17,20.0,1,1,ictcimpact,128.0,0.15625,0.25,1.6,1.0,weighted adjacency Source row Target column; right Perron SCC block vector
full_temporal_endpoint_population,layer_aware,False,60219,109112,0,17,9.043208050427818,10,30,trendsetting123;puneetvizh;terence_fdes;joerave;sociopoliticalw;kirti_sd;psmanwatkar;secular_hoon;drnitinchaube;vazeindian,128.0,0.07065006289396733,0.25,3.5385672674517465,0.3078141194704085,weighted adjacency Source row Target column; right Perron SCC block vector
