population,measure,value,ccdf,zero_nodes,denominator
original model WCC,in_degree,1.0,0.16513240140925106,14692,17598
original model WCC,in_degree,2.0,0.07677008750994431,14692,17598
original model WCC,in_degree,3.0,0.05210819411296738,14692,17598
original model WCC,in_degree,4.0,0.04011819524946016,14692,17598
original model WCC,in_degree,5.0,0.03284464143652688,14692,17598
original model WCC,in_degree,6.0,0.02807137174678941,14692,17598
original model WCC,in_degree,7.0,0.025400613706102967,14692,17598
original model WCC,in_degree,8.0,0.0225593817479259,14692,17598
original model WCC,in_degree,9.0,0.02040004545971133,14692,17598
original model WCC,in_degree,10.0,0.01852483236731447,14692,17598
original model WCC,in_degree,11.0,0.01659279463575406,14692,17598
original model WCC,in_degree,12.0,0.015399477213319695,14692,17598
original model WCC,in_degree,13.0,0.014603932265030118,14692,17598
original model WCC,in_degree,14.0,0.01386521195590408,14692,17598
original model WCC,in_degree,15.0,0.013012842368450961,14692,17598
original model WCC,in_degree,16.0,0.012274122059324924,14692,17598
original model WCC,in_degree,17.0,0.01170587566768951,14692,17598
original model WCC,in_degree,18.0,0.011137629276054098,14692,17598
original model WCC,in_degree,19.0,0.010285259688600978,14692,17598
original model WCC,in_degree,20.0,0.009773837936129105,14692,17598
original model WCC,in_degree,21.0,0.009489714740311399,14692,17598
original model WCC,in_degree,22.0,0.00909194226616661,14692,17598
original model WCC,in_degree,23.0,0.008580520513694737,14692,17598
original model WCC,in_degree,24.0,0.008410046596204115,14692,17598
original model WCC,in_degree,25.0,0.007841800204568702,14692,17598
original model WCC,in_degree,26.0,0.007728150926241619,14692,17598
original model WCC,in_degree,27.0,0.007444027730423912,14692,17598
original model WCC,in_degree,28.0,0.007103079895442664,14692,17598
original model WCC,in_degree,29.0,0.006705307421297875,14692,17598
original model WCC,in_degree,30.0,0.0065916581429707926,14692,17598
original model WCC,in_degree,32.0,0.0064780088646437094,14692,17598
original model WCC,in_degree,33.0,0.006193885668826003,14692,17598
original model WCC,in_degree,34.0,0.006023411751335379,14692,17598
original model WCC,in_degree,35.0,0.005909762473008296,14692,17598
original model WCC,in_degree,36.0,0.005852937833844755,14692,17598
original model WCC,in_degree,37.0,0.005796113194681214,14692,17598
original model WCC,in_degree,39.0,0.005511989998863507,14692,17598
original model WCC,in_degree,40.0,0.005341516081372883,14692,17598
original model WCC,in_degree,41.0,0.005171042163882259,14692,17598
original model WCC,in_degree,42.0,0.005000568246391636,14692,17598
original model WCC,in_degree,43.0,0.004886918968064553,14692,17598
original model WCC,in_degree,44.0,0.004716445050573929,14692,17598
original model WCC,in_degree,46.0,0.004659620411410387,14692,17598
original model WCC,in_degree,47.0,0.004545971133083305,14692,17598
original model WCC,in_degree,50.0,0.004432321854756222,14692,17598
original model WCC,in_degree,51.0,0.004375497215592681,14692,17598
original model WCC,in_degree,52.0,0.0042618479372655985,14692,17598
original model WCC,in_degree,55.0,0.004148198658938515,14692,17598
original model WCC,in_degree,56.0,0.004034549380611433,14692,17598
original model WCC,in_degree,57.0,0.003977724741447892,14692,17598
original model WCC,in_degree,58.0,0.003920900102284351,14692,17598
original model WCC,in_degree,59.0,0.0038640754631208093,14692,17598
original model WCC,in_degree,61.0,0.0038072508239572677,14692,17598
original model WCC,in_degree,63.0,0.0037504261847937266,14692,17598
original model WCC,in_degree,64.0,0.003693601545630185,14692,17598
original model WCC,in_degree,65.0,0.003636776906466644,14692,17598
original model WCC,in_degree,66.0,0.003579952267303103,14692,17598
original model WCC,in_degree,67.0,0.0035231276281395612,14692,17598
original model WCC,in_degree,68.0,0.00346630298897602,14692,17598
original model WCC,in_degree,75.0,0.0033526537106489374,14692,17598
original model WCC,in_degree,77.0,0.0032958290714853963,14692,17598
original model WCC,in_degree,78.0,0.0032390044323218547,14692,17598
original model WCC,in_degree,79.0,0.003125355153994772,14692,17598
original model WCC,in_degree,84.0,0.003068530514831231,14692,17598
original model WCC,in_degree,86.0,0.0030117058756676893,14692,17598
original model WCC,in_degree,89.0,0.0028412319581770655,14692,17598
original model WCC,in_degree,91.0,0.0027844073190135244,14692,17598
original model WCC,in_degree,93.0,0.002727582679849983,14692,17598
original model WCC,in_degree,96.0,0.0026707580406864417,14692,17598
original model WCC,in_degree,97.0,0.002557108762359359,14692,17598
original model WCC,in_degree,101.0,0.002500284123195818,14692,17598
original model WCC,in_degree,103.0,0.0024434594840322763,14692,17598
original model WCC,in_degree,104.0,0.002386634844868735,14692,17598
original model WCC,in_degree,105.0,0.0023298102057051936,14692,17598
original model WCC,in_degree,113.0,0.0022729855665416525,14692,17598
original model WCC,in_degree,116.0,0.002216160927378111,14692,17598
original model WCC,in_degree,117.0,0.00215933628821457,14692,17598
original model WCC,in_degree,119.0,0.0021025116490510287,14692,17598
original model WCC,in_degree,121.0,0.001988862370723946,14692,17598
original model WCC,in_degree,125.0,0.0019320377315604046,14692,17598
original model WCC,in_degree,132.0,0.001818388453233322,14692,17598
original model WCC,in_degree,135.0,0.0017615638140697806,14692,17598
original model WCC,in_degree,140.0,0.0017047391749062393,14692,17598
original model WCC,in_degree,144.0,0.0016479145357426981,14692,17598
original model WCC,in_degree,147.0,0.0015910898965791568,14692,17598
original model WCC,in_degree,148.0,0.0015342652574156155,14692,17598
original model WCC,in_degree,156.0,0.001477440618252074,14692,17598
original model WCC,in_degree,162.0,0.0014206159790885328,14692,17598
original model WCC,in_degree,173.0,0.0013637913399249914,14692,17598
original model WCC,in_degree,176.0,0.00130696670076145,14692,17598
original model WCC,in_degree,194.0,0.001250142061597909,14692,17598
original model WCC,in_degree,210.0,0.0011933174224343676,14692,17598
original model WCC,in_degree,212.0,0.0011364927832708263,14692,17598
original model WCC,in_degree,215.0,0.001079668144107285,14692,17598
original model WCC,in_degree,230.0,0.0010228435049437436,14692,17598
original model WCC,in_degree,248.0,0.0009660188657802023,14692,17598
original model WCC,in_degree,256.0,0.000909194226616661,14692,17598
original model WCC,in_degree,263.0,0.0008523695874531196,14692,17598
original model WCC,in_degree,265.0,0.0007955449482895784,14692,17598
original model WCC,in_degree,331.0,0.000738720309126037,14692,17598
original model WCC,in_degree,333.0,0.0006818956699624957,14692,17598
original model WCC,in_degree,348.0,0.0006250710307989545,14692,17598
original model WCC,in_degree,391.0,0.0005682463916354131,14692,17598
original model WCC,in_degree,447.0,0.0005114217524718718,14692,17598
original model WCC,in_degree,455.0,0.0004545971133083305,14692,17598
original model WCC,in_degree,498.0,0.0003977724741447892,14692,17598
original model WCC,in_degree,553.0,0.00034094783498124785,14692,17598
original model WCC,in_degree,555.0,0.00028412319581770656,14692,17598
original model WCC,in_degree,778.0,0.00022729855665416524,14692,17598
original model WCC,in_degree,1793.0,0.00017047391749062393,14692,17598
original model WCC,in_degree,2155.0,0.00011364927832708262,14692,17598
original model WCC,in_degree,3594.0,5.682463916354131e-05,14692,17598
original model WCC,out_degree,1.0,0.9282304807364473,1263,17598
original model WCC,out_degree,2.0,0.34560745539265825,1263,17598
original model WCC,out_degree,3.0,0.15524491419479486,1263,17598
original model WCC,out_degree,4.0,0.08392999204455051,1263,17598
original model WCC,out_degree,5.0,0.049948857824752814,1263,17598
original model WCC,out_degree,6.0,0.032219570405727926,1263,17598
original model WCC,out_degree,7.0,0.021479713603818614,1263,17598
original model WCC,out_degree,8.0,0.014831230821684282,1263,17598
original model WCC,out_degree,9.0,0.010171610410273894,1263,17598
original model WCC,out_degree,10.0,0.007557677008750994,1263,17598
original model WCC,out_degree,11.0,0.005739288555517672,1263,17598
original model WCC,out_degree,12.0,0.004716445050573929,1263,17598
original model WCC,out_degree,13.0,0.004091374019774974,1263,17598
original model WCC,out_degree,14.0,0.0032390044323218547,1263,17598
original model WCC,out_degree,15.0,0.002557108762359359,1263,17598
original model WCC,out_degree,16.0,0.0019320377315604046,1263,17598
original model WCC,out_degree,17.0,0.0018752130923968633,1263,17598
original model WCC,out_degree,18.0,0.0014206159790885328,1263,17598
original model WCC,out_degree,19.0,0.0011933174224343676,1263,17598
original model WCC,out_degree,20.0,0.001079668144107285,1263,17598
original model WCC,out_degree,21.0,0.000909194226616661,1263,17598
original model WCC,out_degree,22.0,0.0007955449482895784,1263,17598
original model WCC,out_degree,23.0,0.0006250710307989545,1263,17598
original model WCC,out_degree,24.0,0.0005114217524718718,1263,17598
original model WCC,out_degree,29.0,0.0004545971133083305,1263,17598
original model WCC,out_degree,34.0,0.00034094783498124785,1263,17598
original model WCC,out_degree,36.0,0.00028412319581770656,1263,17598
original model WCC,out_degree,43.0,0.00022729855665416524,1263,17598
original model WCC,out_degree,47.0,0.00017047391749062393,1263,17598
original model WCC,out_degree,58.0,0.00011364927832708262,1263,17598
original model WCC,out_degree,68.0,5.682463916354131e-05,1263,17598
original model WCC,weighted_in_degree,1.0,0.16513240140925106,14692,17598
original model WCC,weighted_in_degree,2.0,0.08290714853960678,14692,17598
original model WCC,weighted_in_degree,3.0,0.056881463802704854,14692,17598
original model WCC,weighted_in_degree,4.0,0.044436867825889306,14692,17598
original model WCC,weighted_in_degree,5.0,0.037333787930446644,14692,17598
original model WCC,weighted_in_degree,6.0,0.031821797931583136,14692,17598
original model WCC,weighted_in_degree,7.0,0.02852596886009774,14692,17598
original model WCC,weighted_in_degree,8.0,0.025741561541084215,14692,17598
original model WCC,weighted_in_degree,9.0,0.023582225252869644,14692,17598
original model WCC,weighted_in_degree,10.0,0.02125241504716445,14692,17598
original model WCC,weighted_in_degree,11.0,0.019206728037276962,14692,17598
original model WCC,weighted_in_degree,12.0,0.017558813501534265,14692,17598
original model WCC,weighted_in_degree,13.0,0.016706443914081145,14692,17598
original model WCC,weighted_in_degree,14.0,0.01556995113081032,14692,17598
original model WCC,weighted_in_degree,15.0,0.01477440618252074,14692,17598
original model WCC,weighted_in_degree,16.0,0.014035685873394705,14692,17598
original model WCC,weighted_in_degree,17.0,0.013524264120922832,14692,17598
original model WCC,weighted_in_degree,18.0,0.012444595976815548,14692,17598
original model WCC,weighted_in_degree,19.0,0.01170587566768951,14692,17598
original model WCC,weighted_in_degree,20.0,0.011023979997727014,14692,17598
original model WCC,weighted_in_degree,21.0,0.010683032162745767,14692,17598
original model WCC,weighted_in_degree,22.0,0.010171610410273894,14692,17598
original model WCC,weighted_in_degree,23.0,0.009660188657802023,14692,17598
original model WCC,weighted_in_degree,24.0,0.009205591544493692,14692,17598
original model WCC,weighted_in_degree,25.0,0.008807819070348904,14692,17598
original model WCC,weighted_in_degree,26.0,0.008410046596204115,14692,17598
original model WCC,weighted_in_degree,27.0,0.00829639731787703,14692,17598
original model WCC,weighted_in_degree,28.0,0.008069098761222866,14692,17598
original model WCC,weighted_in_degree,29.0,0.0076713262870780775,14692,17598
original model WCC,weighted_in_degree,30.0,0.007330378452096829,14692,17598
original model WCC,weighted_in_degree,31.0,0.0070462552562791225,14692,17598
original model WCC,weighted_in_degree,33.0,0.006762132060461416,14692,17598
original model WCC,weighted_in_degree,34.0,0.0065916581429707926,14692,17598
original model WCC,weighted_in_degree,35.0,0.006364359586316627,14692,17598
original model WCC,weighted_in_degree,36.0,0.006250710307989544,14692,17598
original model WCC,weighted_in_degree,37.0,0.006193885668826003,14692,17598
original model WCC,weighted_in_degree,38.0,0.006080236390498921,14692,17598
original model WCC,weighted_in_degree,39.0,0.006023411751335379,14692,17598
original model WCC,weighted_in_degree,40.0,0.005852937833844755,14692,17598
original model WCC,weighted_in_degree,41.0,0.005682463916354131,14692,17598
original model WCC,weighted_in_degree,42.0,0.005568814638027049,14692,17598
original model WCC,weighted_in_degree,43.0,0.005455165359699966,14692,17598
original model WCC,weighted_in_degree,44.0,0.005341516081372883,14692,17598
original model WCC,weighted_in_degree,47.0,0.005114217524718718,14692,17598
original model WCC,weighted_in_degree,48.0,0.004943743607228094,14692,17598
original model WCC,weighted_in_degree,49.0,0.004886918968064553,14692,17598
original model WCC,weighted_in_degree,50.0,0.004716445050573929,14692,17598
original model WCC,weighted_in_degree,52.0,0.004659620411410387,14692,17598
original model WCC,weighted_in_degree,53.0,0.004602795772246846,14692,17598
original model WCC,weighted_in_degree,55.0,0.004545971133083305,14692,17598
original model WCC,weighted_in_degree,56.0,0.004489146493919764,14692,17598
original model WCC,weighted_in_degree,58.0,0.004432321854756222,14692,17598
original model WCC,weighted_in_degree,59.0,0.004375497215592681,14692,17598
original model WCC,weighted_in_degree,60.0,0.0042618479372655985,14692,17598
original model WCC,weighted_in_degree,61.0,0.004205023298102057,14692,17598
original model WCC,weighted_in_degree,64.0,0.004091374019774974,14692,17598
original model WCC,weighted_in_degree,67.0,0.003920900102284351,14692,17598
original model WCC,weighted_in_degree,70.0,0.0038640754631208093,14692,17598
original model WCC,weighted_in_degree,71.0,0.003693601545630185,14692,17598
original model WCC,weighted_in_degree,77.0,0.003579952267303103,14692,17598
original model WCC,weighted_in_degree,79.0,0.0035231276281395612,14692,17598
original model WCC,weighted_in_degree,81.0,0.00346630298897602,14692,17598
original model WCC,weighted_in_degree,84.0,0.0032958290714853963,14692,17598
original model WCC,weighted_in_degree,89.0,0.0031821797931583136,14692,17598
original model WCC,weighted_in_degree,91.0,0.003125355153994772,14692,17598
original model WCC,weighted_in_degree,93.0,0.0030117058756676893,14692,17598
original model WCC,weighted_in_degree,96.0,0.002898056597340607,14692,17598
original model WCC,weighted_in_degree,98.0,0.0028412319581770655,14692,17598
original model WCC,weighted_in_degree,101.0,0.0027844073190135244,14692,17598
original model WCC,weighted_in_degree,103.0,0.002727582679849983,14692,17598
original model WCC,weighted_in_degree,109.0,0.0026139334015229,14692,17598
original model WCC,weighted_in_degree,114.0,0.002557108762359359,14692,17598
original model WCC,weighted_in_degree,117.0,0.002500284123195818,14692,17598
original model WCC,weighted_in_degree,118.0,0.0024434594840322763,14692,17598
original model WCC,weighted_in_degree,120.0,0.002386634844868735,14692,17598
original model WCC,weighted_in_degree,122.0,0.0023298102057051936,14692,17598
original model WCC,weighted_in_degree,125.0,0.0022729855665416525,14692,17598
original model WCC,weighted_in_degree,130.0,0.002216160927378111,14692,17598
original model WCC,weighted_in_degree,132.0,0.00215933628821457,14692,17598
original model WCC,weighted_in_degree,133.0,0.0021025116490510287,14692,17598
original model WCC,weighted_in_degree,141.0,0.001988862370723946,14692,17598
original model WCC,weighted_in_degree,143.0,0.0019320377315604046,14692,17598
original model WCC,weighted_in_degree,145.0,0.0018752130923968633,14692,17598
original model WCC,weighted_in_degree,151.0,0.001818388453233322,14692,17598
original model WCC,weighted_in_degree,167.0,0.0017615638140697806,14692,17598
original model WCC,weighted_in_degree,169.0,0.0017047391749062393,14692,17598
original model WCC,weighted_in_degree,173.0,0.0016479145357426981,14692,17598
original model WCC,weighted_in_degree,180.0,0.0015910898965791568,14692,17598
original model WCC,weighted_in_degree,183.0,0.0015342652574156155,14692,17598
original model WCC,weighted_in_degree,191.0,0.001477440618252074,14692,17598
original model WCC,weighted_in_degree,202.0,0.0014206159790885328,14692,17598
original model WCC,weighted_in_degree,206.0,0.0013637913399249914,14692,17598
original model WCC,weighted_in_degree,222.0,0.00130696670076145,14692,17598
original model WCC,weighted_in_degree,227.0,0.001250142061597909,14692,17598
original model WCC,weighted_in_degree,231.0,0.0011933174224343676,14692,17598
original model WCC,weighted_in_degree,235.0,0.0011364927832708263,14692,17598
original model WCC,weighted_in_degree,253.0,0.001079668144107285,14692,17598
original model WCC,weighted_in_degree,258.0,0.0010228435049437436,14692,17598
original model WCC,weighted_in_degree,274.0,0.0009660188657802023,14692,17598
original model WCC,weighted_in_degree,275.0,0.000909194226616661,14692,17598
original model WCC,weighted_in_degree,296.0,0.0008523695874531196,14692,17598
original model WCC,weighted_in_degree,316.0,0.0007955449482895784,14692,17598
original model WCC,weighted_in_degree,345.0,0.000738720309126037,14692,17598
original model WCC,weighted_in_degree,431.0,0.0006818956699624957,14692,17598
original model WCC,weighted_in_degree,439.0,0.0006250710307989545,14692,17598
original model WCC,weighted_in_degree,512.0,0.0005682463916354131,14692,17598
original model WCC,weighted_in_degree,528.0,0.0005114217524718718,14692,17598
original model WCC,weighted_in_degree,535.0,0.0004545971133083305,14692,17598
original model WCC,weighted_in_degree,557.0,0.0003977724741447892,14692,17598
original model WCC,weighted_in_degree,620.0,0.00034094783498124785,14692,17598
original model WCC,weighted_in_degree,621.0,0.00028412319581770656,14692,17598
original model WCC,weighted_in_degree,875.0,0.00022729855665416524,14692,17598
original model WCC,weighted_in_degree,2414.0,0.00017047391749062393,14692,17598
original model WCC,weighted_in_degree,2808.0,0.00011364927832708262,14692,17598
original model WCC,weighted_in_degree,4695.0,5.682463916354131e-05,14692,17598
original model WCC,weighted_out_degree,1.0,0.9282304807364473,1263,17598
original model WCC,weighted_out_degree,2.0,0.36970110239799975,1263,17598
original model WCC,weighted_out_degree,3.0,0.18314581202409363,1263,17598
original model WCC,weighted_out_degree,4.0,0.1088191839981816,1263,17598
original model WCC,weighted_out_degree,5.0,0.07182634390271622,1263,17598
original model WCC,weighted_out_degree,6.0,0.050346630298897604,1263,17598
original model WCC,weighted_out_degree,7.0,0.03596999659052165,1263,17598
original model WCC,weighted_out_degree,8.0,0.028298670303443574,1263,17598
original model WCC,weighted_out_degree,9.0,0.022673031026252982,1263,17598
original model WCC,weighted_out_degree,10.0,0.018240709171496762,1263,17598
original model WCC,weighted_out_degree,11.0,0.014206159790885327,1263,17598
original model WCC,weighted_out_degree,12.0,0.012330946698488464,1263,17598
original model WCC,weighted_out_degree,13.0,0.01039890896692806,1263,17598
original model WCC,weighted_out_degree,14.0,0.008978292987839528,1263,17598
original model WCC,weighted_out_degree,15.0,0.008182748039549948,1263,17598
original model WCC,weighted_out_degree,16.0,0.007444027730423912,1263,17598
original model WCC,weighted_out_degree,17.0,0.0065916581429707926,1263,17598
original model WCC,weighted_out_degree,18.0,0.005909762473008296,1263,17598
original model WCC,weighted_out_degree,19.0,0.005284691442209342,1263,17598
original model WCC,weighted_out_degree,20.0,0.004716445050573929,1263,17598
original model WCC,weighted_out_degree,21.0,0.004489146493919764,1263,17598
original model WCC,weighted_out_degree,22.0,0.0042618479372655985,1263,17598
original model WCC,weighted_out_degree,23.0,0.0037504261847937266,1263,17598
original model WCC,weighted_out_degree,24.0,0.003579952267303103,1263,17598
original model WCC,weighted_out_degree,25.0,0.0035231276281395612,1263,17598
original model WCC,weighted_out_degree,26.0,0.0032390044323218547,1263,17598
original model WCC,weighted_out_degree,27.0,0.0030117058756676893,1263,17598
original model WCC,weighted_out_degree,28.0,0.002727582679849983,1263,17598
original model WCC,weighted_out_degree,29.0,0.002386634844868735,1263,17598
original model WCC,weighted_out_degree,30.0,0.0021025116490510287,1263,17598
original model WCC,weighted_out_degree,31.0,0.002045687009887487,1263,17598
original model WCC,weighted_out_degree,32.0,0.0018752130923968633,1263,17598
original model WCC,weighted_out_degree,34.0,0.0015910898965791568,1263,17598
original model WCC,weighted_out_degree,36.0,0.0015342652574156155,1263,17598
original model WCC,weighted_out_degree,38.0,0.0014206159790885328,1263,17598
original model WCC,weighted_out_degree,39.0,0.00130696670076145,1263,17598
original model WCC,weighted_out_degree,40.0,0.0011933174224343676,1263,17598
original model WCC,weighted_out_degree,42.0,0.0011364927832708263,1263,17598
original model WCC,weighted_out_degree,43.0,0.001079668144107285,1263,17598
original model WCC,weighted_out_degree,45.0,0.0010228435049437436,1263,17598
original model WCC,weighted_out_degree,50.0,0.0008523695874531196,1263,17598
original model WCC,weighted_out_degree,51.0,0.0007955449482895784,1263,17598
original model WCC,weighted_out_degree,55.0,0.000738720309126037,1263,17598
original model WCC,weighted_out_degree,71.0,0.0006250710307989545,1263,17598
original model WCC,weighted_out_degree,73.0,0.0005682463916354131,1263,17598
original model WCC,weighted_out_degree,83.0,0.0005114217524718718,1263,17598
original model WCC,weighted_out_degree,103.0,0.0004545971133083305,1263,17598
original model WCC,weighted_out_degree,108.0,0.0003977724741447892,1263,17598
original model WCC,weighted_out_degree,109.0,0.00028412319581770656,1263,17598
original model WCC,weighted_out_degree,112.0,0.00022729855665416524,1263,17598
original model WCC,weighted_out_degree,114.0,0.00017047391749062393,1263,17598
original model WCC,weighted_out_degree,139.0,0.00011364927832708262,1263,17598
original model WCC,weighted_out_degree,297.0,5.682463916354131e-05,1263,17598
