configuration,direction,definition,outcome,runs,fraction
baseline_beta_005,recorded,total,Target_0_win,28,0.014
baseline_beta_005,recorded,total,Target_1_win,25,0.0125
baseline_beta_005,recorded,total,mixed_close,1947,0.9735
baseline_beta_005,recorded,total,NA,0,0.0
baseline_beta_005,recorded,secondary,Target_0_win,518,0.259
baseline_beta_005,recorded,secondary,Target_1_win,494,0.247
baseline_beta_005,recorded,secondary,mixed_close,145,0.0725
baseline_beta_005,recorded,secondary,NA,843,0.4215
baseline_beta_005,reversed,total,Target_0_win,72,0.036
baseline_beta_005,reversed,total,Target_1_win,66,0.033
baseline_beta_005,reversed,total,mixed_close,1862,0.931
baseline_beta_005,reversed,total,NA,0,0.0
baseline_beta_005,reversed,secondary,Target_0_win,306,0.153
baseline_beta_005,reversed,secondary,Target_1_win,344,0.172
baseline_beta_005,reversed,secondary,mixed_close,28,0.014
baseline_beta_005,reversed,secondary,NA,1322,0.661
baseline_beta_005,layer_aware,total,Target_0_win,28,0.014
baseline_beta_005,layer_aware,total,Target_1_win,25,0.0125
baseline_beta_005,layer_aware,total,mixed_close,1947,0.9735
baseline_beta_005,layer_aware,total,NA,0,0.0
baseline_beta_005,layer_aware,secondary,Target_0_win,519,0.2595
baseline_beta_005,layer_aware,secondary,Target_1_win,494,0.247
baseline_beta_005,layer_aware,secondary,mixed_close,144,0.072
baseline_beta_005,layer_aware,secondary,NA,843,0.4215
symmetric_baseline,recorded,total,Target_0_win,161,0.0805
symmetric_baseline,recorded,total,Target_1_win,136,0.068
symmetric_baseline,recorded,total,mixed_close,1703,0.8515
symmetric_baseline,recorded,total,NA,0,0.0
symmetric_baseline,recorded,secondary,Target_0_win,761,0.3805
symmetric_baseline,recorded,secondary,Target_1_win,715,0.3575
symmetric_baseline,recorded,secondary,mixed_close,308,0.154
symmetric_baseline,recorded,secondary,NA,216,0.108
symmetric_baseline,reversed,total,Target_0_win,142,0.071
symmetric_baseline,reversed,total,Target_1_win,181,0.0905
symmetric_baseline,reversed,total,mixed_close,1677,0.8385
symmetric_baseline,reversed,total,NA,0,0.0
symmetric_baseline,reversed,secondary,Target_0_win,514,0.257
symmetric_baseline,reversed,secondary,Target_1_win,555,0.2775
symmetric_baseline,reversed,secondary,mixed_close,93,0.0465
symmetric_baseline,reversed,secondary,NA,838,0.419
symmetric_baseline,layer_aware,total,Target_0_win,161,0.0805
symmetric_baseline,layer_aware,total,Target_1_win,137,0.0685
symmetric_baseline,layer_aware,total,mixed_close,1702,0.851
symmetric_baseline,layer_aware,total,NA,0,0.0
symmetric_baseline,layer_aware,secondary,Target_0_win,761,0.3805
symmetric_baseline,layer_aware,secondary,Target_1_win,715,0.3575
symmetric_baseline,layer_aware,secondary,mixed_close,308,0.154
symmetric_baseline,layer_aware,secondary,NA,216,0.108
baseline_beta_030,recorded,total,Target_0_win,355,0.1775
baseline_beta_030,recorded,total,Target_1_win,316,0.158
baseline_beta_030,recorded,total,mixed_close,1329,0.6645
baseline_beta_030,recorded,total,NA,0,0.0
baseline_beta_030,recorded,secondary,Target_0_win,876,0.438
baseline_beta_030,recorded,secondary,Target_1_win,786,0.393
baseline_beta_030,recorded,secondary,mixed_close,302,0.151
baseline_beta_030,recorded,secondary,NA,36,0.018
baseline_beta_030,reversed,total,Target_0_win,268,0.134
baseline_beta_030,reversed,total,Target_1_win,322,0.161
baseline_beta_030,reversed,total,mixed_close,1410,0.705
baseline_beta_030,reversed,total,NA,0,0.0
baseline_beta_030,reversed,secondary,Target_0_win,668,0.334
baseline_beta_030,reversed,secondary,Target_1_win,730,0.365
baseline_beta_030,reversed,secondary,mixed_close,134,0.067
baseline_beta_030,reversed,secondary,NA,468,0.234
baseline_beta_030,layer_aware,total,Target_0_win,358,0.179
baseline_beta_030,layer_aware,total,Target_1_win,317,0.1585
baseline_beta_030,layer_aware,total,mixed_close,1325,0.6625
baseline_beta_030,layer_aware,total,NA,0,0.0
baseline_beta_030,layer_aware,secondary,Target_0_win,876,0.438
baseline_beta_030,layer_aware,secondary,Target_1_win,786,0.393
baseline_beta_030,layer_aware,secondary,mixed_close,302,0.151
baseline_beta_030,layer_aware,secondary,NA,36,0.018
full_balanced,recorded,total,Target_0_win,2,0.001
full_balanced,recorded,total,Target_1_win,5,0.0025
full_balanced,recorded,total,mixed_close,1993,0.9965
full_balanced,recorded,total,NA,0,0.0
full_balanced,recorded,secondary,Target_0_win,230,0.115
full_balanced,recorded,secondary,Target_1_win,242,0.121
full_balanced,recorded,secondary,mixed_close,30,0.015
full_balanced,recorded,secondary,NA,1498,0.749
full_balanced,reversed,total,Target_0_win,13,0.0065
full_balanced,reversed,total,Target_1_win,25,0.0125
full_balanced,reversed,total,mixed_close,1962,0.981
full_balanced,reversed,total,NA,0,0.0
full_balanced,reversed,secondary,Target_0_win,157,0.0785
full_balanced,reversed,secondary,Target_1_win,175,0.0875
full_balanced,reversed,secondary,mixed_close,10,0.005
full_balanced,reversed,secondary,NA,1658,0.829
full_balanced,layer_aware,total,Target_0_win,2,0.001
full_balanced,layer_aware,total,Target_1_win,5,0.0025
full_balanced,layer_aware,total,mixed_close,1993,0.9965
full_balanced,layer_aware,total,NA,0,0.0
full_balanced,layer_aware,secondary,Target_0_win,230,0.115
full_balanced,layer_aware,secondary,Target_1_win,242,0.121
full_balanced,layer_aware,secondary,mixed_close,30,0.015
full_balanced,layer_aware,secondary,NA,1498,0.749
Target_0_advantage,recorded,total,Target_0_win,10,0.005
Target_0_advantage,recorded,total,Target_1_win,5,0.0025
Target_0_advantage,recorded,total,mixed_close,1985,0.9925
Target_0_advantage,recorded,total,NA,0,0.0
Target_0_advantage,recorded,secondary,Target_0_win,416,0.208
Target_0_advantage,recorded,secondary,Target_1_win,222,0.111
Target_0_advantage,recorded,secondary,mixed_close,48,0.024
Target_0_advantage,recorded,secondary,NA,1314,0.657
Target_0_advantage,reversed,total,Target_0_win,35,0.0175
Target_0_advantage,reversed,total,Target_1_win,25,0.0125
Target_0_advantage,reversed,total,mixed_close,1940,0.97
Target_0_advantage,reversed,total,NA,0,0.0
Target_0_advantage,reversed,secondary,Target_0_win,252,0.126
Target_0_advantage,reversed,secondary,Target_1_win,163,0.0815
Target_0_advantage,reversed,secondary,mixed_close,16,0.008
Target_0_advantage,reversed,secondary,NA,1569,0.7845
Target_0_advantage,layer_aware,total,Target_0_win,10,0.005
Target_0_advantage,layer_aware,total,Target_1_win,5,0.0025
Target_0_advantage,layer_aware,total,mixed_close,1985,0.9925
Target_0_advantage,layer_aware,total,NA,0,0.0
Target_0_advantage,layer_aware,secondary,Target_0_win,416,0.208
Target_0_advantage,layer_aware,secondary,Target_1_win,222,0.111
Target_0_advantage,layer_aware,secondary,mixed_close,48,0.024
Target_0_advantage,layer_aware,secondary,NA,1314,0.657
Target_1_advantage,recorded,total,Target_0_win,2,0.001
Target_1_advantage,recorded,total,Target_1_win,18,0.009
Target_1_advantage,recorded,total,mixed_close,1980,0.99
Target_1_advantage,recorded,total,NA,0,0.0
Target_1_advantage,recorded,secondary,Target_0_win,184,0.092
Target_1_advantage,recorded,secondary,Target_1_win,453,0.2265
Target_1_advantage,recorded,secondary,mixed_close,56,0.028
Target_1_advantage,recorded,secondary,NA,1307,0.6535
Target_1_advantage,reversed,total,Target_0_win,13,0.0065
Target_1_advantage,reversed,total,Target_1_win,50,0.025
Target_1_advantage,reversed,total,mixed_close,1937,0.9685
Target_1_advantage,reversed,total,NA,0,0.0
Target_1_advantage,reversed,secondary,Target_0_win,151,0.0755
Target_1_advantage,reversed,secondary,Target_1_win,281,0.1405
Target_1_advantage,reversed,secondary,mixed_close,14,0.007
Target_1_advantage,reversed,secondary,NA,1554,0.777
Target_1_advantage,layer_aware,total,Target_0_win,2,0.001
Target_1_advantage,layer_aware,total,Target_1_win,18,0.009
Target_1_advantage,layer_aware,total,mixed_close,1980,0.99
Target_1_advantage,layer_aware,total,NA,0,0.0
Target_1_advantage,layer_aware,secondary,Target_0_win,184,0.092
Target_1_advantage,layer_aware,secondary,Target_1_win,453,0.2265
Target_1_advantage,layer_aware,secondary,mixed_close,56,0.028
Target_1_advantage,layer_aware,secondary,NA,1307,0.6535
asymmetric_40_10,recorded,total,Target_0_win,2000,1.0
asymmetric_40_10,recorded,total,Target_1_win,0,0.0
asymmetric_40_10,recorded,total,mixed_close,0,0.0
asymmetric_40_10,recorded,total,NA,0,0.0
asymmetric_40_10,recorded,secondary,Target_0_win,403,0.2015
asymmetric_40_10,recorded,secondary,Target_1_win,116,0.058
asymmetric_40_10,recorded,secondary,mixed_close,26,0.013
asymmetric_40_10,recorded,secondary,NA,1455,0.7275
asymmetric_40_10,reversed,total,Target_0_win,1999,0.9995
asymmetric_40_10,reversed,total,Target_1_win,1,0.0005
asymmetric_40_10,reversed,total,mixed_close,0,0.0
asymmetric_40_10,reversed,total,NA,0,0.0
asymmetric_40_10,reversed,secondary,Target_0_win,269,0.1345
asymmetric_40_10,reversed,secondary,Target_1_win,61,0.0305
asymmetric_40_10,reversed,secondary,mixed_close,3,0.0015
asymmetric_40_10,reversed,secondary,NA,1667,0.8335
asymmetric_40_10,layer_aware,total,Target_0_win,2000,1.0
asymmetric_40_10,layer_aware,total,Target_1_win,0,0.0
asymmetric_40_10,layer_aware,total,mixed_close,0,0.0
asymmetric_40_10,layer_aware,total,NA,0,0.0
asymmetric_40_10,layer_aware,secondary,Target_0_win,403,0.2015
asymmetric_40_10,layer_aware,secondary,Target_1_win,116,0.058
asymmetric_40_10,layer_aware,secondary,mixed_close,26,0.013
asymmetric_40_10,layer_aware,secondary,NA,1455,0.7275
asymmetric_10_40,recorded,total,Target_0_win,0,0.0
asymmetric_10_40,recorded,total,Target_1_win,2000,1.0
asymmetric_10_40,recorded,total,mixed_close,0,0.0
asymmetric_10_40,recorded,total,NA,0,0.0
asymmetric_10_40,recorded,secondary,Target_0_win,85,0.0425
asymmetric_10_40,recorded,secondary,Target_1_win,409,0.2045
asymmetric_10_40,recorded,secondary,mixed_close,15,0.0075
asymmetric_10_40,recorded,secondary,NA,1491,0.7455
asymmetric_10_40,reversed,total,Target_0_win,0,0.0
asymmetric_10_40,reversed,total,Target_1_win,2000,1.0
asymmetric_10_40,reversed,total,mixed_close,0,0.0
asymmetric_10_40,reversed,total,NA,0,0.0
asymmetric_10_40,reversed,secondary,Target_0_win,60,0.03
asymmetric_10_40,reversed,secondary,Target_1_win,297,0.1485
asymmetric_10_40,reversed,secondary,mixed_close,2,0.001
asymmetric_10_40,reversed,secondary,NA,1641,0.8205
asymmetric_10_40,layer_aware,total,Target_0_win,0,0.0
asymmetric_10_40,layer_aware,total,Target_1_win,2000,1.0
asymmetric_10_40,layer_aware,total,mixed_close,0,0.0
asymmetric_10_40,layer_aware,total,NA,0,0.0
asymmetric_10_40,layer_aware,secondary,Target_0_win,85,0.0425
asymmetric_10_40,layer_aware,secondary,Target_1_win,409,0.2045
asymmetric_10_40,layer_aware,secondary,mixed_close,15,0.0075
asymmetric_10_40,layer_aware,secondary,NA,1491,0.7455
