Source,Target,Weight
0777satish,ArvindKejriwal,1
0777satish,IndiaToday,1
08c0df4d2c95452,Naveen_Odisha,1
0rajesh000,AamAadmiParty,1
0rajesh000,mohdfurquanLko,1
4byes,ChouhanShivraj,1
5_mile_5,ganeshchetan,1
5_mile_5,rupasubramanya,1
80sArmyBRAT,narendramodi,1
80sArmyBRAT,ndtv,1
80sArmyBRAT,ravishndtv,1
AK75778911,BJP4India,1
AK75778911,INCIndia,1
AK75778911,Jairam_Ramesh,1
AK75778911,RahulGandhi,1
AK75778911,mmvp2005,1
ATSpeaks,narendramodi,1
AbMohanty858,AmitShah,1
AbMohanty858,BJP4Odisha,1
AbMohanty858,ChhabiMahali,1
AbMohanty858,JayKara05934071,1
AbMohanty858,PandaJay,1
AbMohanty858,jyotsnadevi33,1
AbMohanty858,narendramodi,1
Abh005,ArvindKejriwal,1
Abh005,narendramodi,1
Abhik29414912,abpanandatv,1
AjithVlogger,AAPNareshBalyan,1
AjithVlogger,ArvindKejriwal,1
AkaramA46254361,GopalJiLiv,1
AkaramA46254361,RahulGandhi,1
AkaramA46254361,bharatjodo,1
Akshay60445878,INCIndia,1
Akshay60445878,ShashiTharoor,1
AlecMuffett,GazTheJourno,1
AlecMuffett,mondvollmond,1
Alexanderkabaap,gganeshhh,1
Amateure_trader,MajorPoonia,1
AmitAgal,sagarikaghose,1
AmitPan74381270,narendramodi,1
Amitguj281983,BJP4India,1
Amitguj281983,narendramodi,1
AmolMD,narendramodi,1
Anand_Bharat1st,ANI,1
Anil58734034,ashajadeja325,1
AnjumNafees110,TejinderSsodhi,1
AnjumNafees110,rainarajesh,1
Anuj_utkala,ArvindKejriwal,1
AnuradhaSowmyan,CindyAnnDSilva,1
AnuradhaSowmyan,nooranand,1
Arvind509082692,AamAadmiParty,1
Arvind509082692,Akali_Dal_,1
Arvind509082692,ArvindKejriwal,1
Arvind509082692,BJP4India,1
Arvind509082692,BhagwantMann,1
Arvind509082692,DGPPunjabPolice,1
Arvind509082692,INCIndia,1
Arvind509082692,jagwindrpatial,1
ArvindSaharan84,TheHarrisSultan,1
Ashish87890,narendramodi,1
Ashish__30,Aifaz_Sheikh_,1
Ashish__30,RVCJ_FB,1
AswaniTheACTOR,AllifKhanIYC,1
AswaniTheACTOR,HHShkMohd,1
AswaniTheACTOR,RahulGandhi,1
Avijit_NG,narendramodi,1
AyubDawood9,OBZ_dechen,1
AyushyaPundit,ShashiTharoor,1
AzminaM1,KenWinsor4,1
BDaddyIsBack,SuellaBraverman,1
BDaddyIsBack,SuhagAShukla,1
BJPmukthBharat,ZeeNews,1
BJPmukthBharat,narendramodi,1
BJPmukthBharat,nayanchandra,1
BJPmukthBharat,sudhirchaudhary,1
BabuMal35535743,CMO_Odisha,2
BabuMal35535743,Naveen_Odisha,2
Benny_Muppaneni,PawanKalyan,1
Benny_Muppaneni,narendramodi,1
Benny_Muppaneni,ncbn,1
Benny_Muppaneni,ysjagan,1
BernardDmello,ANI,1
BernardDmello,ANINewsUP,1
BernardDmello,JM_Scindia,1
BernardDmello,RahulGandhi,1
BernardDmello,RajivMessage,1
BernardDmello,SachinPilot,1
BernardDmello,ShashiTharoor,1
BernardDmello,ShefVaidya,1
BernardDmello,TVMohandasPai,1
BernardDmello,drajoykumar,1
BernardDmello,kiranshaw,1
BernardDmello,myogiadityanath,1
BernardDmello,narendramodi,1
BernardDmello,nitin_gadkari,1
BernardDmello,priyankac19,1
BernardDmello,sumit_ssy,1
BernardDmello,vivekagnihotri,1
BhagatCingh,AmitShah,1
BhagatCingh,KTRTRS,1
BhagatCingh,PMOIndia,1
BhagatCingh,RahulGandhi,1
BhagatCingh,narendramodi,1
BhagatCingh,narendramodi_in,1
BhagvanRakibe,ThePawanUpdates,1
Bharat_me2,Martina,1
Bharat_me2,ajitdatta,1
Bharat_me2,narendramodi,1
BhupiForNation,RahulGandhi,1
BohoBibliophile,CindyAnnDSilva,1
BohoBibliophile,nooranand,1
BrahmAstra801,JoeJackFitz,1
BramhaKamal,narendramodi,1
CA_AmishK,AmitShah,1
CA_AmishK,INCIndia,1
CA_AmishK,PiyushGoyal,1
CA_AmishK,arunjaitley,1
CA_AmishK,narendramodi,1
CA_AmishK,timea,1
CA_AmishK,timesofindia,1
CJBdingo25,SanksP,1
CJBdingo25,ainajkhan,1
CJBdingo25,dj_sky,1
CJBdingo25,guardian,1
CJBdingo25,thewire_in,1
CMargaronis,POTUS,1
CMargaronis,SenJeffMerkley,1
CMargaronis,logbas310,1
CRBinu1,PMOIndia,1
CRBinu1,mkstalin,1
CazmiSalman,narendramodi,1
Chamchagiri1,Sherkhanniazi,1
Chamchagiri1,narendramodi,1
Champion_khorne,zhukov45,1
Chandra99907552,BBCPolitics,1
Coldavesar,JPNadda,1
Coldavesar,TajinderBagga,1
Congrress,DrKumarVishwas,1
Congrress,INCIndia,1
Congrress,Nidhi,1
Congrress,PiyushGoyal,1
Congrress,RahulGandhi,1
Congrress,arunjaitley,1
Congrress,bainjal,1
Congrress,narendramodi,1
Congrress,rsprasad,1
Congrress,sakshijoshii,1
Congrress,smritiirani,1
ConradkBarwa,PoliticsEnthu,1
Conspiratorfeku,AIMPLB_Official,1
Conspiratorfeku,Adv_AarfaKhanam,1
Conspiratorfeku,Advsaifalam,1
Conspiratorfeku,AqueelAdvocate,1
Conspiratorfeku,BushraF98800817,1
Conspiratorfeku,GilaniTufail,1
Conspiratorfeku,IsmatAraa,1
Conspiratorfeku,MaulanaUmrain,1
Conspiratorfeku,MehmoodPracha,1
Conspiratorfeku,Millat_Times,1
Conspiratorfeku,MuslimSpaces,1
Conspiratorfeku,RUConline,1
Conspiratorfeku,RanaAyyub,1
Conspiratorfeku,Raza_AKhan,1
Conspiratorfeku,SanwarSpeaks,1
Conspiratorfeku,SattarFarooqui,1
Conspiratorfeku,SeemaSheikh_17,1
Conspiratorfeku,ThePrintIndia,2
Conspiratorfeku,Umm_e_Meeran,1
Conspiratorfeku,VC_NALSAR,1
Conspiratorfeku,Vishal_Jswl23,1
Conspiratorfeku,Yaba4U,1
Conspiratorfeku,advocate_sneh,1
Conspiratorfeku,ashoswai,1
Conspiratorfeku,ekmushtghubaar,1
Conspiratorfeku,farrukh_diwan,1
Conspiratorfeku,kaushikrj6,1
Conspiratorfeku,manzurali,1
Conspiratorfeku,milligazette,1
Conspiratorfeku,rakhitripathi,1
Conspiratorfeku,thewire_in,1
Conspiratorfeku,vairaagini,1
Conspiratorfeku,zoo_bear,1
D7349181464,narendramodi,1
D7349181464,nsitharaman,1
D7349181464,timesofindia,1
DINESHSAGARWAL,INCIndia,1
DINESHSAGARWAL,ShashiTharoor,1
DSSURESH10,BSYBJP,1
DSSURESH10,MohanSinghlad2,1
DSSURESH10,narendramodi,1
DSSURESH10,nsitharaman,1
DSSURESH10,rajnathsingh,1
Dakshin121972,Martina,1
Dakshin121972,ajitdatta,1
Dan_T129,ARYSabirShakir,1
Dan_T129,OfficialDGISPR,1
DaraBhupendra,HVSBanwait,1
DaraBhupendra,samarkohli,1
DarseyKohl,changelingchil1,1
DarseyKohl,philosophytweet,1
DeekPrasad,AmitShah,1
DeekPrasad,AmitShahOffice,1
DeekPrasad,BJP4Bengal,1
DeekPrasad,BJP4India,1
DeekPrasad,DipendraDipzo,1
DeekPrasad,DrJitendraSingh,1
DeekPrasad,HMOIndia,1
DeekPrasad,HRDMinistry,1
DeekPrasad,PMOIndia,1
DeekPrasad,PrakashJavdekar,1
DeekPrasad,SSAhluwaliaMP,1
DeekPrasad,amitmalviya,1
DeekPrasad,bisth,1
DeekPrasad,narendramodi,1
DeekPrasad,narendramodi_in,1
DeekPrasad,rajnathsingh,1
DeekPrasad,rammadhavbjp,1
DeekPrasad,smritiirani,1
Deepakjsingh8,narendramodi,1
DemoCrazyHai,CNNnews18,1
DemoCrazyHai,bhupendrachaube,1
DemoCrazyHai,ncbn,1
Devanna61519385,RSPraveenSwaero,1
Devyani_Parle,PiyushGoyal,1
Devyani_Parle,narendramodi,1
DhirubhaiDhiru,AdvaitaKala,1
DoctoredSpeech,RahulGandhi,1
DoctoredSpeech,narendramodi,1
DrManishKumar1,narendramodi,1
DragonSurgeon_,BJP4India,1
DragonSurgeon_,RSSorg,1
DragonSurgeon_,narendramodi,1
DragonSurgeon_,rahulroushan,1
EarthlingMonk,INCIndia,1
EarthlingMonk,narendramodi,1
ExRP2022,GeorgeTakei,1
FardeenRangrez4,KhadedaHobe,1
FellowcitizenEs,CTR_Nirmalkumar,1
FellowcitizenEs,RahulGandhi,1
FinancialBrdm,AmitShah,1
FinancialBrdm,AmitShahOffice,1
FinancialBrdm,OfficeOfRKSingh,1
FinancialBrdm,OfficeofSSC,1
FinancialBrdm,PMOIndia,1
FinancialBrdm,TajinderBagga,1
FinancialBrdm,narendramodi,1
FinancialBrdm,nsitharaman,1
Flaquine,CindyAnnDSilva,1
Flaquine,nooranand,1
Funchology,narendramodi,1
G_M_Lam,2closetocall,1
G_M_Lam,SyntheticPol,1
GaneshS91610612,ThePrintIndia,2
GarvSeSecular,dhampur_rahul,1
GatezMakan,BhuviOfficial,1
GatezMakan,DineshKarthik,1
GatezMakan,EyeOfWisdom1,1
GatezMakan,HoodaOnFire,1
GatezMakan,RishabhPant17,1
GatezMakan,Shoaib_Jatt,1
GatezMakan,ashwinravi99,1
GatezMakan,hardikpandya7,1
GatezMakan,klrahul,1
Gauravk67653326,AmitShah,1
Gauravk67653326,narendramodi,1
GayatriBGohain,Binita_Saikia,1
GayatriBGohain,narendramodi,1
GayatriBGohain,timesofindia,1
GayatriBGohain,toi_prabinK,1
GhaiManan,ImranKhanPTI,1
GhaiManan,MajorPoonia,1
GhaiManan,narendramodi,1
Girish9965,Abhysharma13,1
Girish9965,bhawnakohli5,1
GirishMundhara,bharatjodo,1
GoswamiASandee1,AmitShah,1
GoswamiASandee1,Swamy39,1
GoswamiASandee1,TimesNow,1
GoswamiASandee1,narendramodi,1
GoswamiASandee1,republic,1
GriffinBoyka,narendramodi,1
HarpinderSingh6,KapilMishra_IND,1
HarpinderSingh6,TajinderBagga,1
Harshad_Garud,BDUTT,1
Harshad_Garud,narendramodi,1
Harshad_Garud,priyankagandhi,1
HasnainYounas25,AjayMan60052261,1
HasnainYounas25,ZEUS_PSF,1
Hello_lonliness,narendramodi,1
HiKibria,RahulGandhi,1
HirenBh36011159,JeetuNahar11,1
HirenBh36011159,Radhika_Khera,1
HirenBh36011159,kalpesh97611832,1
Hope__2024,MahuaMoitra,1
IMA_Indian,Bhavyanmurthy,1
INCTharoorian,ShashiTharoor,1
IPrabhakarSP,narendramodi,1
I_R_TARAR,INCIndia,1
I_R_TARAR,RahulGandhi,1
I_R_TARAR,ShashiTharoor,1
IdlyVadaa,TOIIndiaNews,1
IdlyVadaa,TOIPlus,1
IdlyVadaa,chetan_bhagat,1
IdrisCalcuttaw1,PChidambaram_IN,1
IdrisCalcuttaw1,pawobi,1
India_on_move,DHGaikwad12,1
India_on_move,ShekharGupta,1
India_on_move,ZeeMohamed_,1
IndianActivist2,talk2anuradha,1
IntrospectingH,ashoswai,1
Introvertguy111,supersayan68200,1
InvisibleGuy95,narendramodi,1
Ishantsiingh,jansuraajonline,1
ItsAbhijit777,narendramodi,1
JAYDEVOJHA1,Sunil_Deodhar,1
JAYDEVOJHA1,narendramodi,1
JD78741001,ndtv,1
JD78741001,ndtvfeed,1
JaglanTarun,RahulGandhi,1
JaglanTarun,RiaRevealed,1
JaglanTarun,narendramodi,1
Jatinde98282098,Harcharan_Bains,1
Jeena_pk,AmitShah,1
Jeena_pk,BCCI,1
Jeena_pk,narendramodi,1
JeevanBhatia,BJP4India,1
JeevanBhatia,JM_Scindia,1
JeevanBhatia,rohini_sgh,1
JeevanBhatia,shukla_tarun,1
JitendraP08,INCIndia,1
JitendraP08,ShashiTharoor,1
JosephPravinP,RahulGandhi,1
JosephPravinP,ajaymaken,1
KalingaWiseman,RahulGandhi,1
KamalikaSengupt,AITCofficial,1
KamalikaSengupt,narendramodi,1
KirtiThorat5,RahulGandhi,1
KumarDharmesh10,NitishKumar,1
KumarReddyCH,BJP4India,1
KumarReddyCH,MamataOfficial,1
KumarReddyCH,narendramodi,2
LKDSolidariTea,LetsStopC9,1
LKDSolidariTea,SylviaPye,1
LaksshyaAdvani,AmitShah,2
LaksshyaAdvani,BJP4India,3
LaksshyaAdvani,CNNnews18,1
LaksshyaAdvani,KirenRijiju,1
LaksshyaAdvani,ManojTiwariMP,1
LaksshyaAdvani,PMOIndia,1
LaksshyaAdvani,Ra_THORe,1
LaksshyaAdvani,RahulGandhi,1
LaksshyaAdvani,SuPriyoBabul,1
LaksshyaAdvani,ianuragthakur,1
LaksshyaAdvani,jayantsinha,1
LaksshyaAdvani,narendramodi,3
LaksshyaAdvani,nitin_gadkari,1
LaksshyaAdvani,smritiirani,1
LinySajan,BJP4India,1
LinySajan,CNNnews18,1
LinySajan,ECISVEEP,1
LinySajan,SpokespersonECI,1
LinySajan,narendramodi,2
LinySajan,narendramodi_in,1
LinySajan,rkhuria,1
LinySajan,sambitswaraj,1
LinySajan,scribe_prashant,1
Little_Talkie,narendramodi,1
Little_Talkie,nitin_gadkari,1
LloydRodr28,BJP4India,1
LloydRodr28,GautamGambhir,1
LloydRodr28,TimesNow,1
LloydRodr28,aajtak,1
LloydRodr28,abpnewstv,1
LloydRodr28,htTweets,1
LloydRodr28,narendramodi,1
LloydRodr28,ndtv,1
LloydRodr28,nitin_gadkari,1
LloydRodr28,shaziailmi,1
LowCarbLyfStyle,TimesNow,1
LowCarbLyfStyle,narendramodi,1
LoyalSoul8,MajorPoonia,1
LoyalSoul8,rishibagree,1
MAGESHW57341284,RahulGandhi,1
MDSahilAliMolla,RVCJ_FB,1
MKG_II_0,Ashwani61691839,1
MKG_II_0,BJP4India,1
MKG_II_0,INCIndia,1
MKG_II_0,RahulGandhi,1
MKG_II_0,narendramodi,1
MServe2grow,Transctimes,1
MServe2grow,Voice_For_India,1
MVenkatarayappa,OpIndia_com,1
MVenkatarayappa,andymstone,1
MVenkatarayappa,srinivasaiims,1
MVenkatarayappa,thewire_in,1
MadhaviDivadkar,KapilMishra_IND,1
Mahesh26459949,POTUS,1
Mahesh26459949,majorgauravarya,1
MasroorMuhammad,FarhanKVirk,1
MattFis73273146,Shimographer,1
MattFis73273146,sancheet,1
MattFis73273146,spectatorindex,1
MayankDas2687,TajinderBagga,1
MoatasimSolkar,AIPCMaha,1
MoatasimSolkar,ProfCong,1
MoatasimSolkar,ShashiTharoor,1
MoatasimSolkar,aipcsouthmumbai,1
ModiKavin,narendramodi,1
MohdRaziullahkh,Swamy39,1
MrBeenBajao,Indian_Analyzer,1
MrBeenBajao,pranay10434268,1
Munavvar_4u,TimesNow,1
Munavvar_4u,narendramodi,1
NILESHVIRA4,PrashantKishor,1
NKtweetsyou,yadavtejashwi,1
NairobiRacina,JeffHorwitz,1
NairobiRacina,YearOfTheKraken,1
NairobiRacina,rose_k01,1
NairobiRacina,thewire_in,1
NarayanaKankana,VijayGoelOffice,1
NarayanaKankana,narendramodi,1
Neelkanth97,kamaalrkhan,1
Neerajojha121g1,narendramodi,1
NewsMobileIndia,mkstalin,1
NewsMobileIndia,narendramodi,1
NikitaJhanglani,CindyAnnDSilva,1
NikitaJhanglani,nooranand,1
NishantAvasthi1,laimacha,1
Nitendradd,narendramodi,1
No__negativtyxd,priyankac19,1
NrVinayakumar,amithShahBjp,1
Ozymandd,ANI,1
PARWEZA30169731,RahulGandhi,1
PRABHAKAR1641,ShefVaidya,1
PRABHAKAR1641,narendramodi,1
PTechtrader,indian_stockss,1
PTechtrader,pbhushan1,1
PVenkatGandhi,RSSorg,1
PVenkatGandhi,narendramodi,1
Pabitra18903472,narendramodi,1
PankajGupta0606,INCIndia,1
PankajGupta0606,ShashiTharoor,3
Pankaj_Singhani,narendramodi,1
Parmarj04665430,ArvindKejriwal,1
Parmarj04665430,SandeepPathak04,1
ParthaB34769052,EconomicTimes,1
ParthaB34769052,Pawankhera,1
ParthaB34769052,RahulGandhi,1
ParthaB34769052,SnghAP,1
ParthaB34769052,ibdutt,1
PavamanaCS,dna,1
PawanKu27422702,sambitswaraj,1
Pradeep848Singh,sureshkpujari,1
PrasantPSahoo,CMO_Odisha,1
PrasantPSahoo,Naveen_Odisha,1
PrasantPSahoo,narendramodi,1
PrateekJain28,narendramodi,1
ProfSRK,AjayPandey__,1
ProfSRK,AmitShah,1
ProfSRK,AmitShahOffice,1
ProfSRK,BetiBachaoBetiP,1
ProfSRK,DebashishHiTs,1
ProfSRK,DheerajGbc,1
ProfSRK,Gravim71,1
ProfSRK,HIMESH_SS,1
ProfSRK,HarishK04131926,1
ProfSRK,Harvansh_Batra,1
ProfSRK,LillyMaryPinto,1
ProfSRK,Lotusfeetns,1
ProfSRK,MahiHerambha,1
ProfSRK,Meenu_71,1
ProfSRK,ModiBihar,1
ProfSRK,Modiarmy,1
ProfSRK,NaMo_Ganesh,1
ProfSRK,Narendramodi_PM,1
ProfSRK,Narendrap86,1
ProfSRK,NazlinShaikh,1
ProfSRK,OnlineRajan__,1
ProfSRK,PatelOnTop,1
ProfSRK,RamsaBJYM,1
ProfSRK,Reema_bjp,1
ProfSRK,ShefVaidya,1
ProfSRK,SmithaDutt,1
ProfSRK,TigerNaMo,1
ProfSRK,VictoryForNamo,1
ProfSRK,YashpalBJP,1
ProfSRK,aarohi923,1
ProfSRK,ankitasood13,1
ProfSRK,aviappusingh,1
ProfSRK,bakoriya_kirti_,1
ProfSRK,draksbond,1
ProfSRK,hindu_blood,1
ProfSRK,hindustanse,1
ProfSRK,iNarendraModiG,1
ProfSRK,jadonpriyanka,1
ProfSRK,lacerci65,1
ProfSRK,mattarhegde,1
ProfSRK,meenakshisharan,1
ProfSRK,narendramodi,1
ProfSRK,narendramodi177,1
ProfSRK,pehadiya,1
ProfSRK,prasura123,1
ProfSRK,prema66437147,1
ProfSRK,samar97189157,1
ProfSRK,sanghavideepa,1
ProfSRK,sukanyaiyer2,1
ProfSRK,vanitajain21,1
QaisarWaqar,HRC,1
QaisarWaqar,IHRF,1
QaisarWaqar,UNHumanRights,1
QaisarWaqar,hrw,1
R14ap,1A2BFJJ,1
R14ap,ANI,1
R14ap,RoshanKrRaii,1
R14ap,TALWARVIVEKY,1
RPR_TRS,KTRTRS,1
RPR_TRS,ndtvindia,1
RaghuDasarathi,BJP4India,1
RaghuDasarathi,INCIndia,1
RaghuDasarathi,RahulGandhi,1
RaghuDasarathi,TimesNow,1
RaghuDasarathi,narendramodi,1
Raj2Day,ArvindKejriwal,1
Raj2Day,BJP4India,1
Raj2Day,INCIndia,1
Raj2Day,MamataOfficial,1
Raj2Day,RJDforIndia,1
Raj2Day,cpimspeak,1
Raj2Day,narendramodi,1
Rajashekharkoda,ArnabGoswamiRtv,1
Rajendr6988,sardesairajdeep,1
RangnekarMadhu,Martina,1
RangnekarMadhu,_antithesis_1,1
Ranjuudev,AmitShah,1
Ranjuudev,BJP4Bihar,1
Ranjuudev,BJP4India,1
Ranjuudev,KrpandeyKumar,1
Ranjuudev,amitmalviya,1
Ranjuudev,bjpraushanyadav,1
Ranjuudev,narendramodi,1
Ranjuudev,ramkripalmp,1
RaviGunaje,INCIndia,1
RaviGunaje,Tejasvi_Surya,1
RaviGunaje,narendramodi,1
Ravichandra1443,narendramodi,1
RaviiSo,AamAadmiParty,1
RaviiSo,ArvindKejriwal,1
RaviiSo,BhagwantMann,1
RaviiSo,Indian_Analyzer,1
Ravispeaking,BDUTT,1
Ravispeaking,NewsHtn,1
Ravispeaking,RahulGandhi,1
Ravispeaking,narendramodi,2
ReallGupta,narendramodi,1
ReallGupta,rajeevk1949,1
Reverend60,HLKodo,1
Reverend60,annamalai_k,1
Reverend60,kswamynathan3,1
RimaChaturvedi,narendramodi,1
Rishabh481,hvbhat,1
Rishabh481,insidebajwa,1
Rishabh481,puneet_sahani,1
Rishabh481,sipra_sher,1
Rohit270294,Indian_Analyzer,1
RohitMGaikwad,AmitShah,1
RohitMGaikwad,narendramodi,1
RudraBudhia,dpradhanbjp,1
RudraBudhia,narendramodi,1
RunVJRun1,Kimmelpalooza,1
SKodineya,narendramodi,1
SKodineya,smritiirani,1
Saffronwing1,sbabones,1
SamiirArya,narendramodi,1
SampathSharda,Naveen_Odisha,1
SampathSharda,PMOIndia,1
SampathSharda,bjd_odisha,1
Sanjay51644779,krithikasivasw,1
SanjaySubir,ZeeBiharNews,1
SanjaySubir,yadavtejashwi,1
Sanjeev0tiwari,dhruv_rathee,1
SashiSimhan,swaroops09,1
Sdg23456,Martina,1
Sdg23456,ajitdatta,1
ShaikAz56132996,KTRTRS,1
ShaikAz56132996,kcr,1
ShakiraJumani,GauravPandhi,1
ShakiraJumani,RahulGandhi,1
ShakiraJumani,sherryontopp,1
Shivam22101,Crazybakchod,1
Shivam22101,Fosterfox999,1
Shivam22101,monulko,1
Shubham23694630,PMOIndia,1
Shubham23694630,narendramodi,1
Shubhanshu_BJP,INCIndia,1
Shut_Up_GHOSH,UkraineCampaign,1
Simer_9141,anjanaomkashyap,1
Simer_9141,narendramodi,1
SimplyMayhemMad,BJP4India,1
SimplyMayhemMad,narendramodi,1
Sjactwin,INCIndia,1
Sjactwin,ShashiTharoor,1
SkylineProfess1,rajivchuni,1
SohiniB44218827,HMOIndia,1
SohiniB44218827,PMOIndia,1
SonikPR,IndianNationalC,1
SonikPR,Jairam_Ramesh,1
SreenivasbhatP,18Kishann,1
Srikantan1955,RahulGandhi,1
Sriman356,Indian_Analyzer,1
SubodhDas_BJYM,SinghShaktiBJP,1
Sukhbirdhanju,SurajtheSharmaa,1
TOIAhmedabad,narendramodi,2
TRadjie,AiyshwaryaM,1
TRadjie,RahulGandhi,1
TRadjie,narendramodi,1
TeamBharatiya,narendramodi,1
TheChakkar,KaranMadhok1,1
TheChakkar,aseemsundan,1
TheChakkar,writerly_life,1
TheFarkatLadka,narendramodi,1
TheForcesGuy,AamAadmiParty,1
TheForcesGuy,ArvindKejriwal,1
ThePollLady,Martina,1
ThePollLady,ajitdatta,1
ThePrintIndia,KiaInd,1
ThePrintIndia,ShekharGupta,1
TheeTruth291,Neurochauhan,1
Thepraneethrao,BJP4India,1
Thepraneethrao,narendramodi,1
TilakBm,Basu39Indrani,1
TilakBm,Enraged_Indian,1
TilakBm,MahapatPravat,1
TilakBm,PoMoGandhi,1
TilakBm,SanjuktaChoudh5,1
TilakBm,SofiaNalwaya,1
TilakBm,ThinkingGuy6,1
TilakBm,gonegirlisback,1
TilakBm,mkatju,1
TilakBm,samanwaya_sr,1
TilakBm,shubhangi_kaul,1
TilakBm,shuchitasrivast,1
Timmy27158617,TheLallantop,1
Trader_in_stock,ashoswai,1
TriptiRTiwari,narendramodi,1
TrivedParth,INCIndia,1
TrivedParth,KartiPC,1
TrivedParth,MD_Mistry,1
TrivedParth,ShashiTharoor,1
TrivedParth,Sriniva21678641,1
Tushar72402782,Dev_Fadnavis,1
Tushar72402782,mid_day,1
Tushar72402782,nomanssiddiqui,1
Tushar72402782,supriya_sule,1
VOAStevenson,NewYorker,1
VSK39692132,jgopikrishnan70,1
VelloreRaghuna1,INCIndia,1
VelloreRaghuna1,ShashiTharoor,1
Vijayhema87,INCIndia,1
Vijayhema87,drnigam15,1
Vijayhema87,thevaibhavag,1
VoiceofAssam2,DilipSaikia4Bjp,1
VoiceofAssam2,narendarmodi3,1
Voiceofodisha1,MoSarkar5T,1
Voiceofodisha1,Naveen_Odisha,1
Voiceofodisha1,manasrmangaraj,1
WebontheGo,manoharparrikar,1
WebontheGo,narendramodi,1
WebontheGo,ndtv,1
WebontheGo,nsitharaman,1
Weirdbard_Ric,BJP4India,1
Weirdbard_Ric,narendramodi,1
WestlandBooks,TheNewBJP,1
WestlandBooks,nalinmehta,1
Why_Why_Why_TX,DecrimSf,1
Why_Why_Why_TX,Twolfrecovery,1
WithIncLDweep,AkhterH007007,1
WithIncLDweep,NehalAhAnsari6,1
WithIncLDweep,RahulGandhi,1
WithIncLDweep,narendramodi,1
YogiRamen,Swamy39,1
_I_OPINE_,Nidhi,1
_PankaJKhajuria,AmitShah,1
_PankaJKhajuria,BJP4JnK,1
_PankaJKhajuria,ChLalSinghDSS,1
_PankaJKhajuria,narendramodi,1
____ADB_____,CMO_Odisha,1
____ADB_____,Naveen_Odisha,1
_vinrare_,PMOIndia,1
_vinrare_,narendramodi,1
a_man_T,RahulGandhi,1
aanunim,narendramodi,1
aavinashchaliha,ANI,1
aavinashchaliha,Ramki830,1
aavinashchaliha,akshaykumar,1
aavinashchaliha,i_griffinpeter,1
aavinashchaliha,itispalkova,1
aavinashchaliha,iyerthewarrior,1
aavinashchaliha,smitaprakash,1
aavinashchaliha,vimalattweets,1
aayush_mantry,narendramodi,1
abbaskh87,MaryamNSharif,1
abhimauyra1987,SirJadeja,1
adarsh_appa,BJP4India,1
adarsh_appa,narendramodi,1
aditya11085,RahulGandhi,1
aditya11085,akashbanerjee,1
aditya11085,narendramodi,1
aditya11085,newslaundry,1
aditya11085,shahidkapoor,1
aenaarchy,hasanminhaj,1
aenaarchy,patriotact,1
agnesian06,Martina,1
agnesian06,_antithesis_1,1
ajitshadangi123,MoSarkar5T,1
ajitshadangi123,Naveen_Odisha,1
ajitshadangi123,manasrmangaraj,1
alok_bhatt,GautamDesiraju,1
amitdimri15,PMOIndia,1
aml1472,BJP4India,1
aml1472,MamataOfficial,1
aml1472,Mayawati,1
aml1472,NCPspeaks,1
aml1472,PawarSpeaks,1
aml1472,narendramodi,1
amuchemicalengg,narendramodi,1
anees2003akhter,iKabirBedi,1
anees2003akhter,narendramodi,1
aniketvkhujneri,narendramodi,1
anilsin26507210,SupriyaShrinate,2
ankit57212351,PMOIndia,1
ankit57212351,narendramodi,1
ankit57212351,rajnathsingh,1
ankit_86,naomi2009,1
ankitmeswani,narendramodi,1
ankitshil,narendramodi,1
archit_haran,BJP4India,1
archit_haran,CPRBJP,1
archit_haran,narendramodi,1
arjunapartho,ArvindKejriwal,1
arjunapartho,NewsArenaIndia,1
arjunapartho,ShraddhaSethi1,1
arsalaqureishi,RanaAyyub,1
arsalaqureishi,narendramodi,1
arun_sherkhane,RavinderKapur2,1
arunjitmanna,narendramodi,1
arunjitmanna,thewire_in,1
ashraf_wani,INCIndia,1
ashraf_wani,narendramodi,1
asimkamal03,Jairam_Ramesh,1
attitudeboy183,PawanKalyan,1
avoir1511,ErikGustafsson_,1
baboolal1,gganeshhh,1
balramshinde,PTI_News,1
bassu_mahajan,KanchanGupta,1
believer_oic,GautamGambhir,1
believer_oic,narendramodi,1
bh6642,ThePrintIndia,1
bhagabat77,Naveen_Odisha,1
bhagabat77,narendramodi,1
bharat_sms,ANI,1
bharat_sms,BDUTT,1
bharat_sms,IndiaToday,1
bharat_sms,TimesNow,1
bharat_sms,aajtak,1
bharat_sms,narendramodi,1
bharat_sms,rajyasabhatv,1
bharat_sms,republic,1
bigheera_inc,nitinagarwalINC,1
bikrammihir267,kanak_news,1
binnydassi,AmitShah,1
binnydassi,PMOIndia,1
binnydassi,narendramodi,1
blackspark555,KTRTRS,1
blackspark555,Manireddytrs,1
blackspark555,RaoKavitha,1
bnallappa,MUSIFY_ALWAYS,1
bnavvjottt,narendramodi,1
browngirlO1,narendramodi,1
brskcr2023,KTRTRS,1
brskcr2023,ndtvindia,1
chayasutra,ANI,1
commentatorpost,commentatorpost,1
commentatorpost,narendramodi,1
commentatorpost,priyankagandhi,1
conscious0004,Himansh69002447,1
conscious0004,JaihoBalaiyya,1
conscious0004,Localgu34356762,1
conscious0004,RajivMessage,1
conscious0004,Swamy39,1
crc8,MattWadeSMH,1
da_kale,FinMinIndia,1
da_kale,narendramodi,1
debiduttadas,BJP4India,1
debiduttadas,narendramodi,1
deepak_s_2000,PMOIndia,1
deepak_s_2000,narendramodi,1
deepakk2210,ImranKhanPTI,1
deepakk2210,hd_kumaraswamy,1
deepakk2210,narendramodi,1
dhampur_rahul,GarvSeSecular,1
dilllu,MilanV,1
dilllu,narendramodi,1
dilllu,nktpnd,1
divya_news24,AmitShah,1
divya_news24,RahulGandhi,1
divya_news24,narendramodi,1
djrajassam,kalyanchaubey,1
docmaulek,Helth_z_Wealth,1
docmaulek,JugTheDestroyer,1
dodlapati_reddy,Martina,1
dodlapati_reddy,ajitdatta,1
dr_triggered,MeerraChopra,1
dr_triggered,narendramodi,1
drsanjaymayukh,BJP4India,1
dswainbsnl,ibmindia20,1
eferns67,nitinagarwalINC,1
elayavalli,OpinionCovid,1
elayavalli,Peston,1
elayavalli,RebelMC6,1
elayavalli,emekaiweka,1
elayavalli,rosepoet,1
eswarpr,tunkuv,1
firebladebabe,AlertRedcar,1
firebladebabe,RealistJacques,1
gabjumz,iamwhatiam300,1
gagansaxena_030,BJP4India,1
gagansaxena_030,RahulGandhi,1
gagansaxena_030,aksh,1
gagansaxena_030,narendramodi,1
gauagg,sardesairajdeep,1
gauravban85,Martina,1
gauravban85,ajitdatta,1
gmjecks,BJP4India,1
gmjecks,RahulGandhi,1
gmjecks,narendramodi,1
gopimaliwal,dubash,1
gpr90662b,RShivshankar,1
gpr90662b,satishacharya,1
gsec_hbti,TimesNow,1
gsec_hbti,republic,1
gurvirgureh,BJP4India,1
gurvirgureh,narendramodi,1
hammerito,jaredlholt,1
heeraman98,Martina,1
hiteshbechra89,narendramodi,1
hoorsheikh_fiza,Adil_INC_,1
hoorsheikh_fiza,Erdhanwik,1
hoorsheikh_fiza,KrisNair1,1
hoorsheikh_fiza,KulrajanWadhwa,1
hoorsheikh_fiza,PavanMeena07,1
hoorsheikh_fiza,Raja_Babu_143,1
hoorsheikh_fiza,Vipin_Singh0009,1
hoorsheikh_fiza,asitmitt,1
hoorsheikh_fiza,jsbisht555,1
hoorsheikh_fiza,mohdriy43871551,1
humourbeeing,narendramodi,1
iAmitDubey_,narendramodi,1
i_awesomepanda,ipsvijrk,1
i_jatinattri,Allavaru,1
i_jatinattri,INCIndia,1
i_jatinattri,IYC,1
i_jatinattri,RahulGandhi,1
i_jatinattri,aman_upadhyay_,1
i_jatinattri,narendramodi,1
i_jatinattri,priyankagandhi,1
i_jatinattri,sherryontopp,1
iam_truth1,BJP4India,1
iam_truth1,narendramodi,1
iam_truth1,netanyahu,1
iamayushjain_,Ayush_mani,1
iamayushjain_,MaxBupa,1
iamayushjain_,narendramodi,1
iamkaranbachani,AmitShah,1
iamkaranbachani,BJP4India,1
iamkaranbachani,INCIndia,1
iamkaranbachani,ImranKhanPTI,1
iamkaranbachani,MehboobaMufti,1
iamkaranbachani,RahulGandhi,1
iamkaranbachani,TOIIndiaNews,1
iamkaranbachani,abhitripaati,1
iamkaranbachani,amitmalviya,1
iamkaranbachani,anil_baluni,1
iamkaranbachani,ianuragthakur,1
iamkaranbachani,narendramodi,1
iamkaranbachani,smritiirani,1
iamkrunal90,narendramodi,1
iamranamukherji,INCIndia,1
iamranamukherji,RahulGandhi,1
iamranamukherji,ShashiTharoor,1
iamranamukherji,SoniaGandhi_FC,1
ideasingh,narendramodi,1
imDesiRedDevil,Martina,1
imDesiRedDevil,_antithesis_1,1
imVenomIAS,RahulGandhi,1
imanandshukla,Aamitabh2,1
imanandshukla,Naveen_Odisha,1
imastermindian,BJP4India,1
imastermindian,narendramodi,1
imridul2k,ANI,1
imsumit4nation,jansuraajonline,1
indian_ireland,meaindia1,1
infoanujgurjar,ChetanChauhanCr,1
infoanujgurjar,girishtyagi0,1
infoanujgurjar,kstanwarmp,1
infoanujgurjar,narendramodi,1
iquadri51,KTRTRS,1
iquadri51,trspartyonline,1
itsRRD,narendramodi,1
itsindianhere,PChidambaram_IN,1
itsindianhere,PMOIndia,1
itsindianhere,mkstalin,1
itsvenkyblog,narendramodi,1
iyer_nihar,MandarSawant184,1
iyer_nihar,RBAssam1996,1
jaankiii_,BJP4Himachal,1
jaankiii_,BJP4India,1
jaankiii_,namomerchandise,1
jaankiii_,narendramodi,1
jaankiii_,narendramodi_in,1
jasvinderkoharh,BJP4India,1
jasvinderkoharh,PMOIndia,1
jasvinderkoharh,narendramodi,1
jaydevvpatel,BJP4India,1
jaydevvpatel,RahulGandhi,1
jaydevvpatel,shilpasunil_rao,1
jbsaswini,ExSecular,1
joinPKclub,IYC,1
joinPKclub,RahulGandhi,1
joinPKclub,SushilModi,1
joinPKclub,digvijaya_28,1
jpjeste,CEO_Maharashtra,1
jpjeste,PMOIndia,1
jpjeste,SpokespersonECI,1
jpjeste,narendramodi,1
kabirmuzmil2,ShwetaKukreja_,1
kabirmuzmil2,tanyarajhans7,1
kaverichhetri,CindyAnnDSilva,1
kaverichhetri,nooranand,1
kedari_sanket,narendramodi,1
keyurnakum,RahulGandhi,1
keyurnakum,ZeeNews,1
keyurnakum,aajtak,1
keyurnakum,narendramodi,1
keyurnakum,republic,1
khaganadh,IndianExpress,1
krraj_stylo,RahulGandhi,1
krraj_stylo,narendramodi,1
krraj_stylo,timesofindia,1
kshatriye03,Martina,1
kshatriye03,_antithesis_1,1
kumardurgesh262,narendramodi,2
kunal88sharma88,BJP4India,1
lazarus4917,SpeakingTigers,1
learn_64,ShashiTharoor,1
learn_64,minicnair,1
learn_64,t_d_h_nair,1
lmukundtwit,Indian_Analyzer,1
lockdownga,Abdulla_Alamadi,1
logiccool,gyanjarahatke,1
lokipalauri,Naveen_Odisha,1
lvngsoul,INCIndia,1
lvngsoul,ShashiTharoor,1
lwperkinsart,BladeoftheS,1
lwperkinsart,Stephen_Writer,1
m_libin,BJP4India,1
m_libin,SrBachchan,1
madscookhouse,CindyAnnDSilva,1
madscookhouse,nooranand,1
mamaasahu,Politics_2022_,1
manis_kumar,BJP4India,1
manis_kumar,narendramodi,1
manishnehal,narendramodi,1
mankuthegreat,MDVengas,1
mankuthegreat,ndtv,1
manoj_udupa,narendramodi,1
markcarolissen,camerondugmore,1
meetumashankar,BJP4India,1
meetumashankar,BJP4TamilNadu,1
meetumashankar,DrTamilisaiBJP,1
meetumashankar,NamoApp,1
meetumashankar,PMOIndia,1
meetumashankar,PMuralidharRao,1
meetumashankar,PiyushGoyal,1
meetumashankar,RKRadhakrishn,1
meetumashankar,RahulGandhi,1
meetumashankar,SriramMadras,1
meetumashankar,VidyaKrishnan,1
meetumashankar,narendramodi,1
megh4347,Jairam_Ramesh,1
mehmoodfs,IMA_Indian,3
mehmoodfs,aayeff1,3
modi4sanatan,sardesairajdeep,1
mohakanari,bridrizzle95,1
mohanh20,ANI,1
mohanh20,BJP4India,1
mohanh20,INCIndia,1
mohanh20,RahulGandhi,1
mohanh20,Swamy39,1
mohanh20,narendramodi,1
mohanh20,priyankagandhi,1
mrinalcheruvoor,Vennilaa_,1
mrinalcheruvoor,seekingsrishti,1
muralihr,Swamy39,1
mysticsrishti,IndianExpress,1
nageshmishra1,AmitShah,1
nageshmishra1,BJP4India,1
nageshmishra1,SushmaSwaraj,1
nageshmishra1,arunjaitley,1
nageshmishra1,narendramodi,1
nageshmishra1,nitin_gadkari,1
nageshmishra1,rajnathsingh,1
nageshmishra1,sherryontopp,1
naineni9999,KTRTRS,1
naineni9999,ndtvindia,1
nair_shajith,narendramodi,1
nallaganesh,Ethirajans,1
nallaganesh,YRDeshmukh,1
nareshtanwar_,RahulGandhi,1
nareshtanwar_,Tomar72India,1
nareshtanwar_,narendramodi,1
neelsonawane,RahulGandhi,1
neelsonawane,narendramodi,1
nenawat_kishore,DrPreethi19,1
nenawat_kishore,smritiirani,1
neo_neil007,BJP4TN,1
neo_neil007,KapilMishra_IND,1
neo_neil007,PMuralidharRao,1
neo_neil007,TajinderBagga,1
neo_neil007,ThameemMeem,1
neo_neil007,narendramodi,1
neurodoctor4,Aayushi10749147,1
neurodoctor4,AlishaAkhani,1
neurodoctor4,ChouhanShivraj,1
neurodoctor4,Chulbulpanda420,1
neurodoctor4,DrManjeet05,1
neurodoctor4,DrShubhiJain1,1
neurodoctor4,Indian__doctor,1
neurodoctor4,NewlyBornDoctor,1
neurodoctor4,PMOIndia,1
neurodoctor4,Sarkaridoctor12,1
neurodoctor4,aashumed,1
neurodoctor4,citybrr,1
neurodoctor4,shubham_a_jha,1
nijadhav,Mamoni_Ghosh20,1
nijadhav,SupriyaShrinate,1
nijadhav,jitupatwari,1
nirajjournalist,DrAMSinghvi,1
nirajjournalist,KapilSibal,1
nirajjournalist,rssurjewala,1
nitish_nky003,DeeptiSachdeva_,1
nitish_nky003,narendramodi,1
officeofprincu,asadowaisi,1
omnama_shivaya,asaravanan21,1
omprakash_0611,MajorPoonia,1
onegreatperson,narendramodi,1
pandeyvikash100,Srinjoy_C,1
pandeyvikash100,TimesNow,1
parasindore,AmitShah,1
parasindore,BJP4India,1
parasindore,PiyushGoyal,1
parasindore,narendramodi,1
parulmittal18,narendramodi,1
pathan_sumaya,sanjayuvacha,1
pdonde2,nirwamehta,1
pdonde2,ssamani,1
peter_lenoz,Pawankhera,1
pkpitre19,InsightGL,1
politics_socio,APPOLICE100,2
politics_socio,AmitShah,1
politics_socio,HMOIndia,1
politics_socio,PMOIndia,1
politics_socio,narendramodi,1
politics_socio,ysjagan,1
pprasanaa,SamirKagalkar,1
pprasanaa,SpiritOfCongres,1
pradeepkunche,AmitShah,2
pradeepkunche,BJP4India,2
pradeepkunche,CNNnews18,1
pradeepkunche,IndiaToday,1
pradeepkunche,ikamalhaasan,1
pradeepkunche,myogiadityanath,1
pradeepkunche,narendramodi,2
pradeepkunche,pranshumisraa,1
pradeepkunche,shalinilobo93,1
pradeepkunche,vivekoberoi,1
prafful_sarda,AshishSinghLIVE,1
prafful_sarda,aashish81us,1
prafful_sarda,narendramodi,1
prafful_sarda,narendramodi_in,1
prafful_sarda,vinay1011,1
prangshudeb,BJP4India,1
prangshudeb,MaheshNBhatt,1
prangshudeb,aditiraohydari,1
prangshudeb,kabirkhankk,1
prangshudeb,nanditadas,1
prangshudeb,narendramodi,1
premlovebank,narendramodi,1
prettypadmaja,kaushikcbasu,1
princess31kup,To_The_Point555,1
pushpendra777,narendramodi,1
r_dhariwal,TimesNow,1
raghuvagle,ShashiTharoor,1
rajatshams,DilipGhoshBJP,1
rajatshams,narendramodi,1
rakeshk01026743,rishibagree,1
ranachandail,RShahzaddk,1
ravi3549,TV9Bharatvarsh,1
ravi3549,yadavtejashwi,1
ravikantagaur,Jairam_Ramesh,1
ravikantagaur,asimkamal03,1
ravipolara,AacharyaSahiiL,1
ravipolara,AadeshRawal,1
ravipolara,BJP4India,1
ravipolara,BhootSantosh,1
ravipolara,HardikPatel_,1
ravipolara,Hiren_Banker,1
ravipolara,INCIndia,1
ravipolara,I_am_Anil_Tyagi,1
ravipolara,JaiTDP,1
ravipolara,KRaval20,1
ravipolara,MamataOfficial,1
ravipolara,Mereshivashakti,1
ravipolara,RAW_Haryanvi,1
ravipolara,RTforINC,1
ravipolara,abhisar_sharma,1
ravipolara,drsinghshalini,1
ravipolara,jainymoney,1
ravipolara,pkm370,1
ravipolara,ppbajpai,1
ravipolara,priyankac19,1
ravipolara,priyavitch21,1
ravipolara,purvinpatel_,1
ravipolara,ravishndtv,1
ravipolara,romanaisarkhan,1
ravipolara,sakshijoshii,1
ravipolara,yadavakhilesh,1
rd2806,RahulGandhi,1
rd2806,narendramodi,1
re1patil,AmitShah,1
re1patil,PMOIndia,1
re1patil,PiyushGoyal,1
re1patil,SushmaSwaraj,1
re1patil,arunjaitley,1
re1patil,myogiadityanath,1
re1patil,narendramodi,1
re1patil,nitin_gadkari,1
real_pavan,INCIndia,1
real_pavan,ShashiTharoor,1
real_pavan,amitmalviya,1
rishurajneesh25,msisodia,1
rithereritnow,InvesysCapital,1
rituparnasarm10,AssamViews,1
rituparnasarm10,DJayantaKumar,1
rituparnasarm10,JPNadda,1
rituparnasarm10,KirenRijiju,1
rituparnasarm10,LokSabhaSectt,1
rituparnasarm10,Parveenmazidja1,1
rituparnasarm10,PoliticsIndians,1
rituparnasarm10,PradipBeda,1
rituparnasarm10,RijijuOffice,1
rituparnasarm10,RonBikashGaurav,1
rituparnasarm10,baruahrana123,1
rituparnasarm10,mehta24772485,1
rituparnasarm10,narendramodi_in,1
rituparnasarm10,sarat65neog,1
rupesh_acharya,narendramodi,1
sammuthu2006,AmitShah,1
sammuthu2006,RahulGandhi,1
sammuthu2006,mkstalin,1
sammuthu2006,narendramodi,1
sammuthu2006,siddaramaiah,1
sandipahire,BJP4India,1
sandipahire,narendramodi,1
sandipahire,nishantchat,1
sandipd19832469,ErosNow,1
sanjayku_mar,INCIndia,1
sanjayku_mar,ShashiTharoor,1
sanjeevvyas,Naveen_Odisha,1
santosh_mumbai,MahuaMoitra,1
santosh_mumbai,MamataOfficial,1
santosh_mumbai,nsitharaman,1
saying_as_it_is,K_T_L,1
saying_as_it_is,RahulGandhi,1
saying_as_it_is,ShashiTharoor,1
saying_as_it_is,TN_PYC,1
saying_as_it_is,adarsharaga,1
saying_as_it_is,kapa_iyc,1
saying_as_it_is,khushsundar,1
saying_as_it_is,sanjairam,1
saying_as_it_is,srinivasiyc,1
sdeora601,SwetaSinghAT,1
sdeora601,aajtak,1
sdeora601,narendramodi,1
sdeora601,supriyapd,1
seasummer_,subhajit_n,1
sgufran090,Actor_Siddharth,1
shailendrasaroj,TV9Bharatvarsh,1
shailendrasaroj,abpnewshindi,1
sharmars003,BJP4India,1
sharmars003,NAGPUR_tweets,1
sharmars003,Nagpur_Live,1
sharmars003,ankitjalan01,1
sharmars003,narendramodi,1
sharmars003,nitin_gadkari,1
sharmars003,vrNagpur,1
sharon304,mohandastg,1
sheikhgr88,bandaydaputtar,1
shivashan_,Schandillia,1
shubh0110,ArvindKejriwal,1
shubh_7,republic,1
shubhamr528,AamAadmiParty,1
shubhamr528,AtishiAAP,1
shubhamr528,BJP4India,1
shubhamr528,GautamGambhir,1
shubhamr528,narendramodi,1
siddarthpaim,narendramodi,1
silverscreenin,OmungKumar,1
silverscreenin,narendramodi,1
silverscreenin,vivekoberoi,1
sirfruchi,AmitShah,1
sirfruchi,BJP4India,1
sirfruchi,RSSorg,1
sirfruchi,myogiadityanath,1
sirfruchi,narendramodi,1
sirfruchi,vikasdu09765502,1
sm_pf,DrSJaishankar,1
sm_pf,PTI_News,1
sm_pf,ndtv,1
sm_pf,timesofindia,1
socialmatter2,AmitShah,1
socialmatter2,narendramodi,1
socialmatter2,nsitharaman,1
socialmatter2,shyamjaju,1
soniakh64294579,GuideforAll,1
spkathirvel1,AIADMKITWINGOFL,2
spkathirvel1,AIADMKOfficial,2
spkathirvel1,AiadmkTrends,1
spkathirvel1,DMKITwing,1
spkathirvel1,EPSTamilNadu,6
spkathirvel1,Jananisathishk1,1
spkathirvel1,Karuppusaravan3,1
spkathirvel1,KovaiSathyan,1
spkathirvel1,Krishnavijay152,1
spkathirvel1,MalathiA16,1
spkathirvel1,Manikan15819323,1
spkathirvel1,NEWSAIADMK,1
spkathirvel1,Nareshh070391,1
spkathirvel1,PoobalanNataraj,1
spkathirvel1,RJK51434103,1
spkathirvel1,RamaAIADMK,1
spkathirvel1,ThanthiTV,1
spkathirvel1,VELMURUGAN_SRMU,1
spkathirvel1,edapadiyaar,1
spkathirvel1,imprasath,1
spkathirvel1,ncspeaks13,1
spkathirvel1,satyenaiadmk,2
spkathirvel1,shqTX44g3w0jh3c,1
spkathirvel1,sriram1202,4
spkathirvel1,sv_jackiechan,3
srakesh563,ArvindKejriwal,1
sreejith_un,AIPCMaha,1
sreejith_un,MoatasimSolkar,1
sreejith_un,ProfCong,1
sreejith_un,ShashiTharoor,1
srivats616,Kshatriya_khand,1
srivats616,SuryahSG,1
srivats616,arivalayam,1
srivats616,mkstalin,1
sunilka1,AudaciousQuest_,1
sunilka1,INCIndia,1
sunilka1,JhaSanjay,1
sunilka1,RahulGandhi,1
sunilka1,TimesNow,1
sunilka1,narendramodi,1
sunilka1,priyankagandhi,1
sunnydayinbeach,Adam_dot_P,1
sunnydayinbeach,kevlondon4,1
sunnydayinbeach,pariwaar,1
swarupkdc,narendramodi,1
swatimathur1701,CindyAnnDSilva,1
swatimathur1701,nooranand,1
syedssgks,INCIndia,1
syedssgks,INCMP,1
syedssgks,narendramodi,1
thebritishhindu,CityMayorLeic,1
thebritishhindu,UKLabour,1
thetribunechd,rajeshramand,1
theunspokenind1,narendramodi,1
timesofindia,narendramodi,1
timesofindia,rssurjewala,1
trabaajo,AmitShah,1
trabaajo,BJP4India,1
trabaajo,INCIndia,1
trabaajo,PMOIndia,1
trabaajo,RahulGandhi,1
trabaajo,narendramodi,1
trabaajo,sureshpprabhu,1
trabaajo,trabaajo,1
tyrannosauroues,ShashiTharoor,1
udayavani_web,narendramodi,1
ugramveeram123,KasthuriShankar,1
ugramveeram123,Reverend60,1
ugramveeram123,rishabsfilms,1
ugramveeram123,shetty_rishab,1
uikeparag,Martina,1
uikeparag,_antithesis_1,1
unhealthyobsess,KirronKherBJP,1
unhealthyobsess,RahulGandhi,1
unhealthyobsess,narendramodi,1
urvashipantela,JugendarT,1
urvashipantela,RAHULRJ007,1
urvashipantela,fahmed_75950,1
urvashipantela,pakistan_untold,1
urvashipantela,sinnnnnnnnnnner,1
us5angle,AskAnshul,1
us5angle,DrGPradhan,1
us5angle,MajorPoonia,1
us5angle,SirPareshRawal,1
us5angle,TajinderBagga,1
us5angle,narendramodi,1
us5angle,vivekagnihotri,1
utpal2323,narendramodi,1
vaib2805,KirenRijiju,1
vaib2805,Naveen_Odisha,1
vaib2805,SupriyaShrinate,1
vaib2805,narendramodi,1
vaib2805,priyankagandhi,1
varshabagadia,CindyAnnDSilva,1
varshabagadia,nooranand,1
venkatguru,AamAadmiParty,1
venkatguru,ArvindKejriwal,1
venkatguru,BJP4India,1
venkatguru,msisodia,1
vikasm_,odysseuslahori,1
vikasm_,omarali50,1
vikkichoudhry,ECofIndia,1
vikkichoudhry,PMOIndia,1
vikkichoudhry,narendramodi,1
vikram140gulati,narendramodi,1
vinod_gnair,SitaramYechury,1
vinod_gnair,cpimspeak,1
vinoims,kaushikcbasu,1
vishal_biyani,ManiSudhanshu58,1
vishalishere,PMOIndia,1
vishalmakani,AmitShah,1
vishalmakani,BJP4India,1
vishalmakani,DrRutvij,1
vishalmakani,MayurRangani,1
vishalmakani,narendramodi,1
vishalmakani,narendramodi_in,1
vishalmakani,sudhirchaudhary,1
vishalparab16,AGSawant,1
vishalparab16,AUThackeray,1
vishalparab16,GajananKirtikar,1
vishalparab16,MPShivajirao,1
vishalparab16,MPShrirangBarne,1
vishalparab16,ShivSena,1
vishalparab16,mieknathshinde,1
vishalparab16,mphemantgodse,1
vishalparab16,narendramodi,1
vishalparab16,rajanvichare,1
vishalparab16,shewale_rahul,1
vishalrocks10,UmarKhalidJNU,1
viveksolanki30,Gen_VKSingh,1
viveksolanki30,dr_maheshsharma,1
viveksolanki30,narendramodi,1
vj760,Aditi_Yaduvansh,1
vj760,panditvishalD,1
vraj_biker03,Election2019,1
vraj_biker03,narendramodi,1
vvenkataramu,LavanyaBallal,1
vvenkataramu,RahulGandhi,1
vyasanand,naomi2009,1
waseemshaikh4u,the_hindu,1
wazimpakoz,Faizankhaan91,1
webjournalismcg,ANI,1
webjournalismcg,LalitKModi,1
webjournalismcg,PTI_News,1
webjournalismcg,RahulGandhi,1
webjournalismcg,ndtv,1
xpsv,ANI,1
xpsv,deepak1subedi,1
xpsv,hrithik_singh03,1
xpsv,nishantO5O3,1
ymediagroup,AmitShah,1
ymediagroup,BJP4India,1
ymediagroup,YudhvirJaswal,1
ymediagroup,narendramodi,1
yokobharat,Martina,1
yokobharat,_antithesis_1,1
zias93,BJP4India,1
zias93,PMOIndia,1
zias93,Payal_Rohatgi,1
zias93,RSSorg,1
zias93,narendramodi,1
