neg_seed_share,-1.0,-0.75,-0.5,-0.25,0.0,0.25,0.5,0.75,1.0
0.1,-0.8749889351247034,-0.8657441526857186,-0.8487649516777953,-0.8356813057007113,-0.8099300737184126,-0.7709546834599059,-0.7331043008417624,-0.6669206120890323,-0.5463305755924771
0.2,-0.7729180425829649,-0.7301016470334306,-0.7007405807586019,-0.6516782465249257,-0.612354962623998,-0.5416539406541422,-0.5044321967176255,-0.4249326557567711,-0.25256037774641077
0.30000000000000004,-0.6256165489227741,-0.5892506013730548,-0.5205167315125068,-0.4714114794385994,-0.4055092979187648,-0.34666559722811446,-0.22430565466679084,-0.18889844903556657,-0.05215138939776774
0.4,-0.4778889177644422,-0.4264644018512861,-0.33709786766593963,-0.2814295956979337,-0.18102433406633117,-0.14344920812453588,-0.02775058522087618,0.05215402279300443,0.13592106178864977
0.5,-0.28712087734962377,-0.25885086942451985,-0.13917380568618637,-0.056583780740996605,0.01491809904499665,0.08606962976747105,0.15189022798713656,0.2080323329012476,0.2792607160564077
0.6,-0.09574893723896444,-0.012509118403539955,0.020240004330547318,0.127898534713523,0.2169300853978994,0.30636206440706387,0.3681475224396867,0.4388323340409528,0.47068850046723154
0.7000000000000001,0.09576316854877465,0.1624043860882879,0.26946358205152765,0.3689243733308123,0.37958441401053744,0.4773805989981553,0.5428694173156547,0.5692358955099838,0.6490163952520782
0.8,0.3369265423360347,0.4347535157009547,0.4756498691257708,0.5297617625443981,0.626314276561109,0.6644568614459926,0.7111427117738344,0.7439920510757355,0.7727335270036845
0.9,0.5997809616552824,0.6828651810918251,0.7483542374382746,0.7572767369520957,0.7855246385916048,0.8312193235459759,0.8472820762494297,0.8638434908565664,0.8847266852977456
