direction,run,final_size
Source-to-Target assumption,0,283
Reversed-edge control,0,417
Source-to-Target assumption,1,426
Reversed-edge control,1,365
Source-to-Target assumption,2,295
Reversed-edge control,2,234
Source-to-Target assumption,3,313
Reversed-edge control,3,269
Source-to-Target assumption,4,369
Reversed-edge control,4,296
Source-to-Target assumption,5,275
Reversed-edge control,5,226
Source-to-Target assumption,6,345
Reversed-edge control,6,333
Source-to-Target assumption,7,302
Reversed-edge control,7,494
Source-to-Target assumption,8,359
Reversed-edge control,8,313
Source-to-Target assumption,9,318
Reversed-edge control,9,287
Source-to-Target assumption,10,296
Reversed-edge control,10,339
Source-to-Target assumption,11,284
Reversed-edge control,11,849
Source-to-Target assumption,12,306
Reversed-edge control,12,641
Source-to-Target assumption,13,287
Reversed-edge control,13,214
Source-to-Target assumption,14,378
Reversed-edge control,14,660
Source-to-Target assumption,15,257
Reversed-edge control,15,292
Source-to-Target assumption,16,371
Reversed-edge control,16,398
Source-to-Target assumption,17,306
Reversed-edge control,17,280
Source-to-Target assumption,18,279
Reversed-edge control,18,373
Source-to-Target assumption,19,304
Reversed-edge control,19,441
Source-to-Target assumption,20,312
Reversed-edge control,20,211
Source-to-Target assumption,21,330
Reversed-edge control,21,299
Source-to-Target assumption,22,377
Reversed-edge control,22,274
Source-to-Target assumption,23,309
Reversed-edge control,23,373
Source-to-Target assumption,24,286
Reversed-edge control,24,2165
Source-to-Target assumption,25,284
Reversed-edge control,25,215
Source-to-Target assumption,26,314
Reversed-edge control,26,234
Source-to-Target assumption,27,353
Reversed-edge control,27,205
Source-to-Target assumption,28,317
Reversed-edge control,28,196
Source-to-Target assumption,29,277
Reversed-edge control,29,324
Source-to-Target assumption,30,302
Reversed-edge control,30,275
Source-to-Target assumption,31,300
Reversed-edge control,31,216
Source-to-Target assumption,32,337
Reversed-edge control,32,234
Source-to-Target assumption,33,283
Reversed-edge control,33,299
Source-to-Target assumption,34,396
Reversed-edge control,34,285
Source-to-Target assumption,35,419
Reversed-edge control,35,265
Source-to-Target assumption,36,277
Reversed-edge control,36,256
Source-to-Target assumption,37,323
Reversed-edge control,37,217
Source-to-Target assumption,38,334
Reversed-edge control,38,465
Source-to-Target assumption,39,298
Reversed-edge control,39,212
