type,beta_ratio,beta,run,final_size,secondary,duration,peak
neg,0.2,0.054569789164986615,0,181,5,18,176
neg,0.2,0.054569789164986615,1,190,14,25,176
neg,0.2,0.054569789164986615,2,184,8,15,176
neg,0.2,0.054569789164986615,3,178,2,26,176
neg,0.2,0.054569789164986615,4,181,5,28,176
neg,0.2,0.054569789164986615,5,183,7,20,176
neg,0.2,0.054569789164986615,6,180,4,17,176
neg,0.2,0.054569789164986615,7,186,10,27,176
neg,0.2,0.054569789164986615,8,183,7,23,176
neg,0.2,0.054569789164986615,9,183,7,25,176
neg,0.2,0.054569789164986615,10,185,9,16,176
neg,0.2,0.054569789164986615,11,186,10,22,176
neg,0.2,0.054569789164986615,12,185,9,21,176
neg,0.2,0.054569789164986615,13,182,6,17,176
neg,0.2,0.054569789164986615,14,183,7,20,176
neg,0.2,0.054569789164986615,15,182,6,22,176
neg,0.2,0.054569789164986615,16,184,8,19,176
neg,0.2,0.054569789164986615,17,182,6,18,176
neg,0.2,0.054569789164986615,18,182,6,32,176
neg,0.2,0.054569789164986615,19,187,11,16,176
neg,0.2,0.054569789164986615,20,185,9,26,176
neg,0.2,0.054569789164986615,21,192,16,28,176
neg,0.2,0.054569789164986615,22,183,7,22,176
neg,0.2,0.054569789164986615,23,187,11,17,176
neg,0.2,0.054569789164986615,24,187,11,28,176
neg,0.2,0.054569789164986615,25,185,9,17,176
neg,0.2,0.054569789164986615,26,181,5,25,176
neg,0.2,0.054569789164986615,27,182,6,19,176
neg,0.2,0.054569789164986615,28,185,9,23,176
neg,0.2,0.054569789164986615,29,185,9,22,176
neg,0.2,0.054569789164986615,30,181,5,19,176
neg,0.2,0.054569789164986615,31,183,7,23,176
neg,0.2,0.054569789164986615,32,180,4,23,176
neg,0.2,0.054569789164986615,33,184,8,22,176
neg,0.2,0.054569789164986615,34,184,8,31,176
neg,0.2,0.054569789164986615,35,186,10,19,176
neg,0.2,0.054569789164986615,36,188,12,16,176
neg,0.2,0.054569789164986615,37,188,12,25,176
neg,0.2,0.054569789164986615,38,187,11,39,176
neg,0.2,0.054569789164986615,39,186,10,20,176
neg,0.35,0.09549713103872658,0,190,14,25,176
neg,0.35,0.09549713103872658,1,187,11,22,176
neg,0.35,0.09549713103872658,2,186,10,29,176
neg,0.35,0.09549713103872658,3,185,9,16,176
neg,0.35,0.09549713103872658,4,191,15,18,176
neg,0.35,0.09549713103872658,5,189,13,15,176
neg,0.35,0.09549713103872658,6,189,13,24,176
neg,0.35,0.09549713103872658,7,189,13,21,176
neg,0.35,0.09549713103872658,8,192,16,19,176
neg,0.35,0.09549713103872658,9,192,16,37,176
neg,0.35,0.09549713103872658,10,189,13,21,176
neg,0.35,0.09549713103872658,11,189,13,31,176
neg,0.35,0.09549713103872658,12,184,8,26,176
neg,0.35,0.09549713103872658,13,192,16,23,176
neg,0.35,0.09549713103872658,14,183,7,16,176
neg,0.35,0.09549713103872658,15,187,11,29,176
neg,0.35,0.09549713103872658,16,184,8,16,176
neg,0.35,0.09549713103872658,17,192,16,24,176
neg,0.35,0.09549713103872658,18,188,12,21,176
neg,0.35,0.09549713103872658,19,195,19,20,176
neg,0.35,0.09549713103872658,20,192,16,23,176
neg,0.35,0.09549713103872658,21,191,15,17,176
neg,0.35,0.09549713103872658,22,188,12,20,176
neg,0.35,0.09549713103872658,23,181,5,24,176
neg,0.35,0.09549713103872658,24,195,19,24,176
neg,0.35,0.09549713103872658,25,185,9,19,176
neg,0.35,0.09549713103872658,26,195,19,24,176
neg,0.35,0.09549713103872658,27,186,10,24,176
neg,0.35,0.09549713103872658,28,185,9,18,176
neg,0.35,0.09549713103872658,29,190,14,29,176
neg,0.35,0.09549713103872658,30,187,11,21,176
neg,0.35,0.09549713103872658,31,188,12,19,176
neg,0.35,0.09549713103872658,32,185,9,19,176
neg,0.35,0.09549713103872658,33,191,15,17,176
neg,0.35,0.09549713103872658,34,191,15,17,176
neg,0.35,0.09549713103872658,35,185,9,17,176
neg,0.35,0.09549713103872658,36,195,19,20,176
neg,0.35,0.09549713103872658,37,186,10,21,176
neg,0.35,0.09549713103872658,38,194,18,16,176
neg,0.35,0.09549713103872658,39,192,16,24,176
neg,0.5,0.13642447291246654,0,194,18,23,176
neg,0.5,0.13642447291246654,1,195,19,21,176
neg,0.5,0.13642447291246654,2,195,19,19,176
neg,0.5,0.13642447291246654,3,197,21,19,176
neg,0.5,0.13642447291246654,4,186,10,20,176
neg,0.5,0.13642447291246654,5,194,18,20,176
neg,0.5,0.13642447291246654,6,191,15,21,176
neg,0.5,0.13642447291246654,7,196,20,17,176
neg,0.5,0.13642447291246654,8,199,23,23,176
neg,0.5,0.13642447291246654,9,193,17,19,176
neg,0.5,0.13642447291246654,10,191,15,20,176
neg,0.5,0.13642447291246654,11,195,19,28,176
neg,0.5,0.13642447291246654,12,190,14,17,176
neg,0.5,0.13642447291246654,13,194,18,18,176
neg,0.5,0.13642447291246654,14,230,54,24,176
neg,0.5,0.13642447291246654,15,198,22,28,176
neg,0.5,0.13642447291246654,16,199,23,19,176
neg,0.5,0.13642447291246654,17,200,24,26,176
neg,0.5,0.13642447291246654,18,197,21,21,176
neg,0.5,0.13642447291246654,19,182,6,22,176
neg,0.5,0.13642447291246654,20,195,19,19,176
neg,0.5,0.13642447291246654,21,217,41,21,176
neg,0.5,0.13642447291246654,22,190,14,20,176
neg,0.5,0.13642447291246654,23,208,32,21,176
neg,0.5,0.13642447291246654,24,185,9,23,176
neg,0.5,0.13642447291246654,25,193,17,29,176
neg,0.5,0.13642447291246654,26,200,24,18,176
neg,0.5,0.13642447291246654,27,195,19,19,176
neg,0.5,0.13642447291246654,28,191,15,16,176
neg,0.5,0.13642447291246654,29,192,16,28,176
neg,0.5,0.13642447291246654,30,199,23,16,176
neg,0.5,0.13642447291246654,31,200,24,21,176
neg,0.5,0.13642447291246654,32,203,27,25,176
neg,0.5,0.13642447291246654,33,190,14,26,176
neg,0.5,0.13642447291246654,34,190,14,18,176
neg,0.5,0.13642447291246654,35,194,18,16,176
neg,0.5,0.13642447291246654,36,195,19,23,176
neg,0.5,0.13642447291246654,37,189,13,24,176
neg,0.5,0.13642447291246654,38,186,10,22,176
neg,0.5,0.13642447291246654,39,190,14,15,176
neg,0.7,0.19099426207745315,0,207,31,21,176
neg,0.7,0.19099426207745315,1,211,35,32,176
neg,0.7,0.19099426207745315,2,199,23,19,176
neg,0.7,0.19099426207745315,3,202,26,35,176
neg,0.7,0.19099426207745315,4,195,19,20,176
neg,0.7,0.19099426207745315,5,200,24,20,176
neg,0.7,0.19099426207745315,6,196,20,27,176
neg,0.7,0.19099426207745315,7,205,29,25,176
neg,0.7,0.19099426207745315,8,191,15,22,176
neg,0.7,0.19099426207745315,9,204,28,17,176
neg,0.7,0.19099426207745315,10,207,31,20,176
neg,0.7,0.19099426207745315,11,193,17,30,176
neg,0.7,0.19099426207745315,12,238,62,23,176
neg,0.7,0.19099426207745315,13,197,21,21,176
neg,0.7,0.19099426207745315,14,192,16,19,176
neg,0.7,0.19099426207745315,15,202,26,28,176
neg,0.7,0.19099426207745315,16,204,28,21,176
neg,0.7,0.19099426207745315,17,196,20,20,176
neg,0.7,0.19099426207745315,18,197,21,16,176
neg,0.7,0.19099426207745315,19,194,18,21,176
neg,0.7,0.19099426207745315,20,201,25,21,176
neg,0.7,0.19099426207745315,21,209,33,19,176
neg,0.7,0.19099426207745315,22,194,18,24,176
neg,0.7,0.19099426207745315,23,205,29,20,176
neg,0.7,0.19099426207745315,24,202,26,23,176
neg,0.7,0.19099426207745315,25,210,34,18,176
neg,0.7,0.19099426207745315,26,208,32,23,176
neg,0.7,0.19099426207745315,27,210,34,29,176
neg,0.7,0.19099426207745315,28,204,28,25,176
neg,0.7,0.19099426207745315,29,200,24,29,176
neg,0.7,0.19099426207745315,30,206,30,19,176
neg,0.7,0.19099426207745315,31,202,26,20,176
neg,0.7,0.19099426207745315,32,191,15,23,176
neg,0.7,0.19099426207745315,33,221,45,39,176
neg,0.7,0.19099426207745315,34,205,29,17,176
neg,0.7,0.19099426207745315,35,201,25,25,176
neg,0.7,0.19099426207745315,36,204,28,24,176
neg,0.7,0.19099426207745315,37,199,23,28,176
neg,0.7,0.19099426207745315,38,197,21,17,176
neg,0.7,0.19099426207745315,39,201,25,22,176
neg,0.85,0.2319216039511931,0,211,35,19,176
neg,0.85,0.2319216039511931,1,203,27,25,176
neg,0.85,0.2319216039511931,2,201,25,20,176
neg,0.85,0.2319216039511931,3,215,39,22,176
neg,0.85,0.2319216039511931,4,205,29,21,176
neg,0.85,0.2319216039511931,5,219,43,30,176
neg,0.85,0.2319216039511931,6,215,39,19,176
neg,0.85,0.2319216039511931,7,216,40,28,176
neg,0.85,0.2319216039511931,8,196,20,20,176
neg,0.85,0.2319216039511931,9,216,40,18,176
neg,0.85,0.2319216039511931,10,232,56,20,176
neg,0.85,0.2319216039511931,11,206,30,19,176
neg,0.85,0.2319216039511931,12,209,33,22,176
neg,0.85,0.2319216039511931,13,211,35,27,176
neg,0.85,0.2319216039511931,14,202,26,28,176
neg,0.85,0.2319216039511931,15,207,31,27,176
neg,0.85,0.2319216039511931,16,193,17,28,176
neg,0.85,0.2319216039511931,17,197,21,17,176
neg,0.85,0.2319216039511931,18,199,23,24,176
neg,0.85,0.2319216039511931,19,205,29,27,176
neg,0.85,0.2319216039511931,20,206,30,20,176
neg,0.85,0.2319216039511931,21,206,30,20,176
neg,0.85,0.2319216039511931,22,206,30,17,176
neg,0.85,0.2319216039511931,23,208,32,23,176
neg,0.85,0.2319216039511931,24,196,20,25,176
neg,0.85,0.2319216039511931,25,201,25,20,176
neg,0.85,0.2319216039511931,26,203,27,18,176
neg,0.85,0.2319216039511931,27,212,36,22,176
neg,0.85,0.2319216039511931,28,207,31,18,176
neg,0.85,0.2319216039511931,29,203,27,27,176
neg,0.85,0.2319216039511931,30,203,27,19,176
neg,0.85,0.2319216039511931,31,190,14,17,176
neg,0.85,0.2319216039511931,32,198,22,24,176
neg,0.85,0.2319216039511931,33,215,39,27,176
neg,0.85,0.2319216039511931,34,196,20,23,176
neg,0.85,0.2319216039511931,35,192,16,26,176
neg,0.85,0.2319216039511931,36,219,43,33,176
neg,0.85,0.2319216039511931,37,212,36,19,176
neg,0.85,0.2319216039511931,38,207,31,21,176
neg,0.85,0.2319216039511931,39,204,28,22,176
neg,1.0,0.2728489458249331,0,216,40,25,176
neg,1.0,0.2728489458249331,1,201,25,24,176
neg,1.0,0.2728489458249331,2,205,29,19,176
neg,1.0,0.2728489458249331,3,225,49,35,176
neg,1.0,0.2728489458249331,4,212,36,19,176
neg,1.0,0.2728489458249331,5,211,35,18,176
neg,1.0,0.2728489458249331,6,218,42,27,176
neg,1.0,0.2728489458249331,7,217,41,15,176
neg,1.0,0.2728489458249331,8,206,30,32,176
neg,1.0,0.2728489458249331,9,203,27,24,176
neg,1.0,0.2728489458249331,10,215,39,21,176
neg,1.0,0.2728489458249331,11,210,34,19,176
neg,1.0,0.2728489458249331,12,213,37,33,176
neg,1.0,0.2728489458249331,13,203,27,26,176
neg,1.0,0.2728489458249331,14,223,47,18,176
neg,1.0,0.2728489458249331,15,210,34,21,176
neg,1.0,0.2728489458249331,16,197,21,21,176
neg,1.0,0.2728489458249331,17,215,39,22,176
neg,1.0,0.2728489458249331,18,209,33,19,176
neg,1.0,0.2728489458249331,19,217,41,21,176
neg,1.0,0.2728489458249331,20,225,49,28,176
neg,1.0,0.2728489458249331,21,208,32,21,176
neg,1.0,0.2728489458249331,22,198,22,25,176
neg,1.0,0.2728489458249331,23,204,28,29,176
neg,1.0,0.2728489458249331,24,221,45,23,176
neg,1.0,0.2728489458249331,25,203,27,20,176
neg,1.0,0.2728489458249331,26,202,26,18,176
neg,1.0,0.2728489458249331,27,204,28,22,176
neg,1.0,0.2728489458249331,28,207,31,15,176
neg,1.0,0.2728489458249331,29,225,49,27,176
neg,1.0,0.2728489458249331,30,207,31,25,176
neg,1.0,0.2728489458249331,31,217,41,27,176
neg,1.0,0.2728489458249331,32,228,52,26,176
neg,1.0,0.2728489458249331,33,206,30,20,176
neg,1.0,0.2728489458249331,34,196,20,18,176
neg,1.0,0.2728489458249331,35,204,28,33,176
neg,1.0,0.2728489458249331,36,224,48,27,176
neg,1.0,0.2728489458249331,37,203,27,26,176
neg,1.0,0.2728489458249331,38,202,26,15,176
neg,1.0,0.2728489458249331,39,217,41,28,176
neg,1.2,0.3274187349899197,0,206,30,25,176
neg,1.2,0.3274187349899197,1,200,24,19,176
neg,1.2,0.3274187349899197,2,218,42,21,176
neg,1.2,0.3274187349899197,3,230,54,27,176
neg,1.2,0.3274187349899197,4,221,45,37,176
neg,1.2,0.3274187349899197,5,217,41,22,176
neg,1.2,0.3274187349899197,6,214,38,25,176
neg,1.2,0.3274187349899197,7,209,33,16,176
neg,1.2,0.3274187349899197,8,222,46,38,176
neg,1.2,0.3274187349899197,9,217,41,28,176
neg,1.2,0.3274187349899197,10,209,33,21,176
neg,1.2,0.3274187349899197,11,215,39,27,176
neg,1.2,0.3274187349899197,12,211,35,22,176
neg,1.2,0.3274187349899197,13,209,33,17,176
neg,1.2,0.3274187349899197,14,214,38,22,176
neg,1.2,0.3274187349899197,15,197,21,23,176
neg,1.2,0.3274187349899197,16,206,30,28,176
neg,1.2,0.3274187349899197,17,224,48,26,176
neg,1.2,0.3274187349899197,18,219,43,22,176
neg,1.2,0.3274187349899197,19,224,48,35,176
neg,1.2,0.3274187349899197,20,217,41,24,176
neg,1.2,0.3274187349899197,21,210,34,24,176
neg,1.2,0.3274187349899197,22,222,46,23,176
neg,1.2,0.3274187349899197,23,214,38,22,176
neg,1.2,0.3274187349899197,24,208,32,27,176
neg,1.2,0.3274187349899197,25,218,42,24,176
neg,1.2,0.3274187349899197,26,216,40,24,176
neg,1.2,0.3274187349899197,27,224,48,15,176
neg,1.2,0.3274187349899197,28,216,40,32,176
neg,1.2,0.3274187349899197,29,204,28,18,176
neg,1.2,0.3274187349899197,30,217,41,20,176
neg,1.2,0.3274187349899197,31,202,26,18,176
neg,1.2,0.3274187349899197,32,218,42,19,176
neg,1.2,0.3274187349899197,33,237,61,22,176
neg,1.2,0.3274187349899197,34,216,40,20,176
neg,1.2,0.3274187349899197,35,214,38,27,176
neg,1.2,0.3274187349899197,36,221,45,20,176
neg,1.2,0.3274187349899197,37,207,31,23,176
neg,1.2,0.3274187349899197,38,214,38,27,176
neg,1.2,0.3274187349899197,39,218,42,21,176
neg,1.5,0.40927341873739964,0,213,37,26,176
neg,1.5,0.40927341873739964,1,210,34,35,176
neg,1.5,0.40927341873739964,2,215,39,23,176
neg,1.5,0.40927341873739964,3,207,31,17,176
neg,1.5,0.40927341873739964,4,219,43,24,176
neg,1.5,0.40927341873739964,5,224,48,28,176
neg,1.5,0.40927341873739964,6,255,79,24,176
neg,1.5,0.40927341873739964,7,218,42,21,176
neg,1.5,0.40927341873739964,8,241,65,23,176
neg,1.5,0.40927341873739964,9,220,44,31,176
neg,1.5,0.40927341873739964,10,217,41,26,176
neg,1.5,0.40927341873739964,11,221,45,18,176
neg,1.5,0.40927341873739964,12,221,45,24,176
neg,1.5,0.40927341873739964,13,213,37,25,176
neg,1.5,0.40927341873739964,14,230,54,21,176
neg,1.5,0.40927341873739964,15,215,39,27,176
neg,1.5,0.40927341873739964,16,213,37,22,176
neg,1.5,0.40927341873739964,17,214,38,25,176
neg,1.5,0.40927341873739964,18,230,54,18,176
neg,1.5,0.40927341873739964,19,216,40,30,176
neg,1.5,0.40927341873739964,20,230,54,28,176
neg,1.5,0.40927341873739964,21,230,54,24,176
neg,1.5,0.40927341873739964,22,227,51,25,176
neg,1.5,0.40927341873739964,23,216,40,20,176
neg,1.5,0.40927341873739964,24,232,56,33,176
neg,1.5,0.40927341873739964,25,220,44,19,176
neg,1.5,0.40927341873739964,26,203,27,24,176
neg,1.5,0.40927341873739964,27,226,50,13,176
neg,1.5,0.40927341873739964,28,206,30,24,176
neg,1.5,0.40927341873739964,29,229,53,17,176
neg,1.5,0.40927341873739964,30,219,43,26,176
neg,1.5,0.40927341873739964,31,223,47,20,176
neg,1.5,0.40927341873739964,32,245,69,18,176
neg,1.5,0.40927341873739964,33,212,36,27,176
neg,1.5,0.40927341873739964,34,214,38,25,176
neg,1.5,0.40927341873739964,35,233,57,28,176
neg,1.5,0.40927341873739964,36,210,34,15,176
neg,1.5,0.40927341873739964,37,236,60,32,176
neg,1.5,0.40927341873739964,38,234,58,30,176
neg,1.5,0.40927341873739964,39,227,51,24,176
neg,2.0,0.5456978916498662,0,236,60,32,176
neg,2.0,0.5456978916498662,1,266,90,27,176
neg,2.0,0.5456978916498662,2,257,81,19,176
neg,2.0,0.5456978916498662,3,238,62,26,176
neg,2.0,0.5456978916498662,4,266,90,24,176
neg,2.0,0.5456978916498662,5,280,104,28,176
neg,2.0,0.5456978916498662,6,265,89,32,176
neg,2.0,0.5456978916498662,7,226,50,29,176
neg,2.0,0.5456978916498662,8,236,60,21,176
neg,2.0,0.5456978916498662,9,226,50,19,176
neg,2.0,0.5456978916498662,10,261,85,23,176
neg,2.0,0.5456978916498662,11,247,71,21,176
neg,2.0,0.5456978916498662,12,235,59,23,176
neg,2.0,0.5456978916498662,13,239,63,17,176
neg,2.0,0.5456978916498662,14,229,53,25,176
neg,2.0,0.5456978916498662,15,229,53,22,176
neg,2.0,0.5456978916498662,16,237,61,28,176
neg,2.0,0.5456978916498662,17,267,91,30,176
neg,2.0,0.5456978916498662,18,243,67,25,176
neg,2.0,0.5456978916498662,19,260,84,26,176
neg,2.0,0.5456978916498662,20,233,57,33,176
neg,2.0,0.5456978916498662,21,248,72,28,176
neg,2.0,0.5456978916498662,22,218,42,21,176
neg,2.0,0.5456978916498662,23,217,41,29,176
neg,2.0,0.5456978916498662,24,228,52,23,176
neg,2.0,0.5456978916498662,25,223,47,18,176
neg,2.0,0.5456978916498662,26,260,84,26,176
neg,2.0,0.5456978916498662,27,227,51,25,176
neg,2.0,0.5456978916498662,28,275,99,38,176
neg,2.0,0.5456978916498662,29,240,64,29,176
neg,2.0,0.5456978916498662,30,235,59,25,176
neg,2.0,0.5456978916498662,31,263,87,23,176
neg,2.0,0.5456978916498662,32,282,106,29,176
neg,2.0,0.5456978916498662,33,238,62,31,176
neg,2.0,0.5456978916498662,34,238,62,15,176
neg,2.0,0.5456978916498662,35,249,73,29,176
neg,2.0,0.5456978916498662,36,237,61,33,176
neg,2.0,0.5456978916498662,37,302,126,27,176
neg,2.0,0.5456978916498662,38,220,44,25,176
neg,2.0,0.5456978916498662,39,237,61,28,176
neg,3.0,0.8185468374747993,0,257,81,24,176
neg,3.0,0.8185468374747993,1,277,101,34,176
neg,3.0,0.8185468374747993,2,248,72,22,176
neg,3.0,0.8185468374747993,3,274,98,27,176
neg,3.0,0.8185468374747993,4,268,92,28,176
neg,3.0,0.8185468374747993,5,233,57,30,176
neg,3.0,0.8185468374747993,6,242,66,31,176
neg,3.0,0.8185468374747993,7,339,163,23,176
neg,3.0,0.8185468374747993,8,244,68,23,176
neg,3.0,0.8185468374747993,9,261,85,23,176
neg,3.0,0.8185468374747993,10,258,82,26,176
neg,3.0,0.8185468374747993,11,270,94,25,176
neg,3.0,0.8185468374747993,12,281,105,20,176
neg,3.0,0.8185468374747993,13,263,87,34,176
neg,3.0,0.8185468374747993,14,254,78,19,176
neg,3.0,0.8185468374747993,15,279,103,31,176
neg,3.0,0.8185468374747993,16,250,74,22,176
neg,3.0,0.8185468374747993,17,254,78,30,176
neg,3.0,0.8185468374747993,18,257,81,34,176
neg,3.0,0.8185468374747993,19,260,84,23,176
neg,3.0,0.8185468374747993,20,256,80,25,176
neg,3.0,0.8185468374747993,21,271,95,26,176
neg,3.0,0.8185468374747993,22,237,61,30,176
neg,3.0,0.8185468374747993,23,283,107,21,176
neg,3.0,0.8185468374747993,24,235,59,23,176
neg,3.0,0.8185468374747993,25,234,58,25,176
neg,3.0,0.8185468374747993,26,238,62,26,176
neg,3.0,0.8185468374747993,27,240,64,26,176
neg,3.0,0.8185468374747993,28,302,126,23,176
neg,3.0,0.8185468374747993,29,246,70,22,176
neg,3.0,0.8185468374747993,30,292,116,22,176
neg,3.0,0.8185468374747993,31,250,74,31,176
neg,3.0,0.8185468374747993,32,254,78,21,176
neg,3.0,0.8185468374747993,33,292,116,29,176
neg,3.0,0.8185468374747993,34,279,103,22,176
neg,3.0,0.8185468374747993,35,249,73,24,176
neg,3.0,0.8185468374747993,36,237,61,31,176
neg,3.0,0.8185468374747993,37,258,82,26,176
neg,3.0,0.8185468374747993,38,272,96,25,176
neg,3.0,0.8185468374747993,39,254,78,32,176
neg,5.0,1.3642447291246653,0,320,144,24,176
neg,5.0,1.3642447291246653,1,324,148,27,186
neg,5.0,1.3642447291246653,2,288,112,29,176
neg,5.0,1.3642447291246653,3,279,103,26,176
neg,5.0,1.3642447291246653,4,345,169,21,176
neg,5.0,1.3642447291246653,5,327,151,36,176
neg,5.0,1.3642447291246653,6,321,145,27,176
neg,5.0,1.3642447291246653,7,340,164,44,176
neg,5.0,1.3642447291246653,8,276,100,19,176
neg,5.0,1.3642447291246653,9,299,123,31,176
neg,5.0,1.3642447291246653,10,391,215,33,176
neg,5.0,1.3642447291246653,11,314,138,25,183
neg,5.0,1.3642447291246653,12,309,133,19,180
neg,5.0,1.3642447291246653,13,388,212,32,176
neg,5.0,1.3642447291246653,14,286,110,34,184
neg,5.0,1.3642447291246653,15,268,92,31,176
neg,5.0,1.3642447291246653,16,302,126,29,183
neg,5.0,1.3642447291246653,17,290,114,29,176
neg,5.0,1.3642447291246653,18,314,138,18,176
neg,5.0,1.3642447291246653,19,301,125,25,176
neg,5.0,1.3642447291246653,20,265,89,20,176
neg,5.0,1.3642447291246653,21,299,123,25,176
neg,5.0,1.3642447291246653,22,346,170,27,176
neg,5.0,1.3642447291246653,23,287,111,28,176
neg,5.0,1.3642447291246653,24,380,204,29,176
neg,5.0,1.3642447291246653,25,289,113,25,176
neg,5.0,1.3642447291246653,26,277,101,21,176
neg,5.0,1.3642447291246653,27,324,148,19,180
neg,5.0,1.3642447291246653,28,402,226,35,182
neg,5.0,1.3642447291246653,29,371,195,22,190
neg,5.0,1.3642447291246653,30,269,93,26,176
neg,5.0,1.3642447291246653,31,277,101,25,176
neg,5.0,1.3642447291246653,32,284,108,28,176
neg,5.0,1.3642447291246653,33,296,120,22,176
neg,5.0,1.3642447291246653,34,379,203,29,176
neg,5.0,1.3642447291246653,35,298,122,21,176
neg,5.0,1.3642447291246653,36,282,106,22,177
neg,5.0,1.3642447291246653,37,256,80,31,176
neg,5.0,1.3642447291246653,38,249,73,28,176
neg,5.0,1.3642447291246653,39,287,111,26,176
pos,0.2,0.06345272377441187,0,179,3,26,176
pos,0.2,0.06345272377441187,1,183,7,17,176
pos,0.2,0.06345272377441187,2,186,10,14,176
pos,0.2,0.06345272377441187,3,190,14,27,176
pos,0.2,0.06345272377441187,4,191,15,19,176
pos,0.2,0.06345272377441187,5,185,9,22,176
pos,0.2,0.06345272377441187,6,190,14,30,176
pos,0.2,0.06345272377441187,7,185,9,20,176
pos,0.2,0.06345272377441187,8,183,7,20,176
pos,0.2,0.06345272377441187,9,184,8,24,176
pos,0.2,0.06345272377441187,10,183,7,23,176
pos,0.2,0.06345272377441187,11,184,8,14,176
pos,0.2,0.06345272377441187,12,181,5,16,176
pos,0.2,0.06345272377441187,13,190,14,17,176
pos,0.2,0.06345272377441187,14,184,8,17,176
pos,0.2,0.06345272377441187,15,181,5,28,176
pos,0.2,0.06345272377441187,16,184,8,26,176
pos,0.2,0.06345272377441187,17,189,13,20,176
pos,0.2,0.06345272377441187,18,186,10,21,176
pos,0.2,0.06345272377441187,19,182,6,16,176
pos,0.2,0.06345272377441187,20,189,13,20,176
pos,0.2,0.06345272377441187,21,188,12,30,176
pos,0.2,0.06345272377441187,22,186,10,30,176
pos,0.2,0.06345272377441187,23,183,7,20,176
pos,0.2,0.06345272377441187,24,184,8,18,176
pos,0.2,0.06345272377441187,25,187,11,34,176
pos,0.2,0.06345272377441187,26,189,13,23,176
pos,0.2,0.06345272377441187,27,184,8,14,176
pos,0.2,0.06345272377441187,28,188,12,20,176
pos,0.2,0.06345272377441187,29,184,8,17,176
pos,0.2,0.06345272377441187,30,189,13,16,176
pos,0.2,0.06345272377441187,31,182,6,25,176
pos,0.2,0.06345272377441187,32,183,7,29,176
pos,0.2,0.06345272377441187,33,186,10,22,176
pos,0.2,0.06345272377441187,34,191,15,25,176
pos,0.2,0.06345272377441187,35,191,15,26,176
pos,0.2,0.06345272377441187,36,192,16,26,176
pos,0.2,0.06345272377441187,37,183,7,21,176
pos,0.2,0.06345272377441187,38,180,4,23,176
pos,0.2,0.06345272377441187,39,182,6,17,176
pos,0.35,0.11104226660522076,0,185,9,24,176
pos,0.35,0.11104226660522076,1,189,13,20,176
pos,0.35,0.11104226660522076,2,199,23,23,176
pos,0.35,0.11104226660522076,3,193,17,21,176
pos,0.35,0.11104226660522076,4,196,20,16,176
pos,0.35,0.11104226660522076,5,194,18,21,176
pos,0.35,0.11104226660522076,6,189,13,30,176
pos,0.35,0.11104226660522076,7,192,16,25,176
pos,0.35,0.11104226660522076,8,199,23,19,176
pos,0.35,0.11104226660522076,9,194,18,30,176
pos,0.35,0.11104226660522076,10,191,15,16,176
pos,0.35,0.11104226660522076,11,193,17,23,176
pos,0.35,0.11104226660522076,12,197,21,20,176
pos,0.35,0.11104226660522076,13,189,13,17,176
pos,0.35,0.11104226660522076,14,184,8,15,176
pos,0.35,0.11104226660522076,15,190,14,21,176
pos,0.35,0.11104226660522076,16,186,10,21,176
pos,0.35,0.11104226660522076,17,202,26,26,176
pos,0.35,0.11104226660522076,18,192,16,13,176
pos,0.35,0.11104226660522076,19,192,16,21,176
pos,0.35,0.11104226660522076,20,194,18,19,176
pos,0.35,0.11104226660522076,21,193,17,22,176
pos,0.35,0.11104226660522076,22,194,18,22,176
pos,0.35,0.11104226660522076,23,196,20,23,176
pos,0.35,0.11104226660522076,24,190,14,19,176
pos,0.35,0.11104226660522076,25,191,15,16,176
pos,0.35,0.11104226660522076,26,192,16,25,176
pos,0.35,0.11104226660522076,27,185,9,20,176
pos,0.35,0.11104226660522076,28,193,17,17,176
pos,0.35,0.11104226660522076,29,194,18,18,176
pos,0.35,0.11104226660522076,30,186,10,19,176
pos,0.35,0.11104226660522076,31,191,15,26,176
pos,0.35,0.11104226660522076,32,190,14,22,176
pos,0.35,0.11104226660522076,33,199,23,24,176
pos,0.35,0.11104226660522076,34,194,18,20,176
pos,0.35,0.11104226660522076,35,191,15,22,176
pos,0.35,0.11104226660522076,36,187,11,16,176
pos,0.35,0.11104226660522076,37,193,17,17,176
pos,0.35,0.11104226660522076,38,189,13,20,176
pos,0.35,0.11104226660522076,39,190,14,25,176
pos,0.5,0.15863180943602967,0,189,13,28,176
pos,0.5,0.15863180943602967,1,200,24,21,176
pos,0.5,0.15863180943602967,2,189,13,21,176
pos,0.5,0.15863180943602967,3,189,13,20,176
pos,0.5,0.15863180943602967,4,196,20,24,176
pos,0.5,0.15863180943602967,5,211,35,27,176
pos,0.5,0.15863180943602967,6,225,49,21,176
pos,0.5,0.15863180943602967,7,195,19,21,176
pos,0.5,0.15863180943602967,8,195,19,23,176
pos,0.5,0.15863180943602967,9,194,18,18,176
pos,0.5,0.15863180943602967,10,197,21,18,176
pos,0.5,0.15863180943602967,11,193,17,19,176
pos,0.5,0.15863180943602967,12,193,17,20,176
pos,0.5,0.15863180943602967,13,186,10,24,176
pos,0.5,0.15863180943602967,14,200,24,19,176
pos,0.5,0.15863180943602967,15,196,20,15,176
pos,0.5,0.15863180943602967,16,193,17,17,176
pos,0.5,0.15863180943602967,17,185,9,29,176
pos,0.5,0.15863180943602967,18,198,22,15,176
pos,0.5,0.15863180943602967,19,201,25,21,176
pos,0.5,0.15863180943602967,20,196,20,24,176
pos,0.5,0.15863180943602967,21,202,26,28,176
pos,0.5,0.15863180943602967,22,202,26,18,176
pos,0.5,0.15863180943602967,23,197,21,18,176
pos,0.5,0.15863180943602967,24,192,16,21,176
pos,0.5,0.15863180943602967,25,202,26,29,176
pos,0.5,0.15863180943602967,26,187,11,23,176
pos,0.5,0.15863180943602967,27,202,26,17,176
pos,0.5,0.15863180943602967,28,195,19,28,176
pos,0.5,0.15863180943602967,29,199,23,20,176
pos,0.5,0.15863180943602967,30,199,23,17,176
pos,0.5,0.15863180943602967,31,196,20,26,176
pos,0.5,0.15863180943602967,32,198,22,24,176
pos,0.5,0.15863180943602967,33,202,26,19,176
pos,0.5,0.15863180943602967,34,191,15,22,176
pos,0.5,0.15863180943602967,35,201,25,24,176
pos,0.5,0.15863180943602967,36,194,18,23,176
pos,0.5,0.15863180943602967,37,207,31,24,176
pos,0.5,0.15863180943602967,38,200,24,21,176
pos,0.5,0.15863180943602967,39,188,12,17,176
pos,0.7,0.22208453321044153,0,207,31,19,176
pos,0.7,0.22208453321044153,1,199,23,17,176
pos,0.7,0.22208453321044153,2,192,16,21,176
pos,0.7,0.22208453321044153,3,202,26,17,176
pos,0.7,0.22208453321044153,4,205,29,20,176
pos,0.7,0.22208453321044153,5,201,25,21,176
pos,0.7,0.22208453321044153,6,193,17,20,176
pos,0.7,0.22208453321044153,7,192,16,21,176
pos,0.7,0.22208453321044153,8,199,23,29,176
pos,0.7,0.22208453321044153,9,206,30,19,176
pos,0.7,0.22208453321044153,10,209,33,26,176
pos,0.7,0.22208453321044153,11,202,26,22,176
pos,0.7,0.22208453321044153,12,200,24,18,176
pos,0.7,0.22208453321044153,13,198,22,18,176
pos,0.7,0.22208453321044153,14,202,26,23,176
pos,0.7,0.22208453321044153,15,204,28,20,176
pos,0.7,0.22208453321044153,16,206,30,16,176
pos,0.7,0.22208453321044153,17,202,26,19,176
pos,0.7,0.22208453321044153,18,204,28,20,176
pos,0.7,0.22208453321044153,19,221,45,29,176
pos,0.7,0.22208453321044153,20,205,29,22,176
pos,0.7,0.22208453321044153,21,204,28,35,176
pos,0.7,0.22208453321044153,22,198,22,22,176
pos,0.7,0.22208453321044153,23,194,18,31,176
pos,0.7,0.22208453321044153,24,210,34,25,176
pos,0.7,0.22208453321044153,25,206,30,24,176
pos,0.7,0.22208453321044153,26,200,24,16,176
pos,0.7,0.22208453321044153,27,208,32,20,176
pos,0.7,0.22208453321044153,28,210,34,25,176
pos,0.7,0.22208453321044153,29,218,42,22,176
pos,0.7,0.22208453321044153,30,197,21,16,176
pos,0.7,0.22208453321044153,31,199,23,26,176
pos,0.7,0.22208453321044153,32,202,26,22,176
pos,0.7,0.22208453321044153,33,201,25,21,176
pos,0.7,0.22208453321044153,34,202,26,16,176
pos,0.7,0.22208453321044153,35,199,23,22,176
pos,0.7,0.22208453321044153,36,204,28,28,176
pos,0.7,0.22208453321044153,37,209,33,20,176
pos,0.7,0.22208453321044153,38,210,34,24,176
pos,0.7,0.22208453321044153,39,200,24,19,176
pos,0.85,0.26967407604125043,0,206,30,25,176
pos,0.85,0.26967407604125043,1,192,16,20,176
pos,0.85,0.26967407604125043,2,215,39,19,176
pos,0.85,0.26967407604125043,3,207,31,27,176
pos,0.85,0.26967407604125043,4,205,29,26,176
pos,0.85,0.26967407604125043,5,211,35,30,176
pos,0.85,0.26967407604125043,6,202,26,25,176
pos,0.85,0.26967407604125043,7,209,33,20,176
pos,0.85,0.26967407604125043,8,207,31,21,176
pos,0.85,0.26967407604125043,9,209,33,23,176
pos,0.85,0.26967407604125043,10,192,16,22,176
pos,0.85,0.26967407604125043,11,207,31,22,176
pos,0.85,0.26967407604125043,12,202,26,20,176
pos,0.85,0.26967407604125043,13,201,25,17,176
pos,0.85,0.26967407604125043,14,212,36,20,176
pos,0.85,0.26967407604125043,15,209,33,18,176
pos,0.85,0.26967407604125043,16,196,20,19,176
pos,0.85,0.26967407604125043,17,210,34,17,176
pos,0.85,0.26967407604125043,18,200,24,22,176
pos,0.85,0.26967407604125043,19,202,26,16,176
pos,0.85,0.26967407604125043,20,214,38,17,176
pos,0.85,0.26967407604125043,21,219,43,21,176
pos,0.85,0.26967407604125043,22,201,25,28,176
pos,0.85,0.26967407604125043,23,228,52,26,176
pos,0.85,0.26967407604125043,24,197,21,37,176
pos,0.85,0.26967407604125043,25,219,43,26,176
pos,0.85,0.26967407604125043,26,213,37,19,176
pos,0.85,0.26967407604125043,27,215,39,18,176
pos,0.85,0.26967407604125043,28,214,38,28,176
pos,0.85,0.26967407604125043,29,212,36,23,176
pos,0.85,0.26967407604125043,30,206,30,18,176
pos,0.85,0.26967407604125043,31,208,32,20,176
pos,0.85,0.26967407604125043,32,200,24,20,176
pos,0.85,0.26967407604125043,33,203,27,23,176
pos,0.85,0.26967407604125043,34,214,38,23,176
pos,0.85,0.26967407604125043,35,205,29,16,176
pos,0.85,0.26967407604125043,36,208,32,33,176
pos,0.85,0.26967407604125043,37,215,39,20,176
pos,0.85,0.26967407604125043,38,198,22,19,176
pos,0.85,0.26967407604125043,39,221,45,17,176
pos,1.0,0.31726361887205934,0,208,32,22,176
pos,1.0,0.31726361887205934,1,221,45,28,176
pos,1.0,0.31726361887205934,2,229,53,18,176
pos,1.0,0.31726361887205934,3,216,40,18,176
pos,1.0,0.31726361887205934,4,221,45,24,176
pos,1.0,0.31726361887205934,5,219,43,32,176
pos,1.0,0.31726361887205934,6,239,63,20,176
pos,1.0,0.31726361887205934,7,208,32,24,176
pos,1.0,0.31726361887205934,8,212,36,24,176
pos,1.0,0.31726361887205934,9,208,32,21,176
pos,1.0,0.31726361887205934,10,217,41,18,176
pos,1.0,0.31726361887205934,11,228,52,19,176
pos,1.0,0.31726361887205934,12,218,42,23,176
pos,1.0,0.31726361887205934,13,215,39,19,176
pos,1.0,0.31726361887205934,14,207,31,20,176
pos,1.0,0.31726361887205934,15,211,35,29,176
pos,1.0,0.31726361887205934,16,216,40,29,176
pos,1.0,0.31726361887205934,17,217,41,33,176
pos,1.0,0.31726361887205934,18,220,44,28,176
pos,1.0,0.31726361887205934,19,217,41,21,176
pos,1.0,0.31726361887205934,20,219,43,27,176
pos,1.0,0.31726361887205934,21,224,48,25,176
pos,1.0,0.31726361887205934,22,217,41,21,176
pos,1.0,0.31726361887205934,23,200,24,23,176
pos,1.0,0.31726361887205934,24,214,38,28,176
pos,1.0,0.31726361887205934,25,202,26,18,176
pos,1.0,0.31726361887205934,26,241,65,24,176
pos,1.0,0.31726361887205934,27,207,31,24,176
pos,1.0,0.31726361887205934,28,254,78,28,176
pos,1.0,0.31726361887205934,29,210,34,21,176
pos,1.0,0.31726361887205934,30,206,30,24,176
pos,1.0,0.31726361887205934,31,234,58,22,176
pos,1.0,0.31726361887205934,32,205,29,27,176
pos,1.0,0.31726361887205934,33,220,44,25,176
pos,1.0,0.31726361887205934,34,211,35,16,176
pos,1.0,0.31726361887205934,35,202,26,17,176
pos,1.0,0.31726361887205934,36,206,30,32,176
pos,1.0,0.31726361887205934,37,225,49,26,176
pos,1.0,0.31726361887205934,38,204,28,22,176
pos,1.0,0.31726361887205934,39,211,35,26,176
pos,1.2,0.3807163426464712,0,213,37,15,176
pos,1.2,0.3807163426464712,1,219,43,31,176
pos,1.2,0.3807163426464712,2,219,43,19,176
pos,1.2,0.3807163426464712,3,208,32,18,176
pos,1.2,0.3807163426464712,4,216,40,23,176
pos,1.2,0.3807163426464712,5,222,46,23,176
pos,1.2,0.3807163426464712,6,245,69,26,176
pos,1.2,0.3807163426464712,7,223,47,19,176
pos,1.2,0.3807163426464712,8,208,32,22,176
pos,1.2,0.3807163426464712,9,215,39,21,176
pos,1.2,0.3807163426464712,10,223,47,21,176
pos,1.2,0.3807163426464712,11,222,46,23,176
pos,1.2,0.3807163426464712,12,200,24,20,176
pos,1.2,0.3807163426464712,13,211,35,31,176
pos,1.2,0.3807163426464712,14,225,49,21,176
pos,1.2,0.3807163426464712,15,221,45,29,176
pos,1.2,0.3807163426464712,16,228,52,25,176
pos,1.2,0.3807163426464712,17,215,39,19,176
pos,1.2,0.3807163426464712,18,224,48,19,176
pos,1.2,0.3807163426464712,19,219,43,28,176
pos,1.2,0.3807163426464712,20,205,29,21,176
pos,1.2,0.3807163426464712,21,210,34,17,176
pos,1.2,0.3807163426464712,22,209,33,20,176
pos,1.2,0.3807163426464712,23,241,65,23,176
pos,1.2,0.3807163426464712,24,200,24,18,176
pos,1.2,0.3807163426464712,25,221,45,20,176
pos,1.2,0.3807163426464712,26,212,36,21,176
pos,1.2,0.3807163426464712,27,231,55,28,176
pos,1.2,0.3807163426464712,28,212,36,27,176
pos,1.2,0.3807163426464712,29,236,60,29,176
pos,1.2,0.3807163426464712,30,219,43,20,176
pos,1.2,0.3807163426464712,31,214,38,19,176
pos,1.2,0.3807163426464712,32,218,42,24,176
pos,1.2,0.3807163426464712,33,240,64,23,176
pos,1.2,0.3807163426464712,34,208,32,22,176
pos,1.2,0.3807163426464712,35,206,30,20,176
pos,1.2,0.3807163426464712,36,207,31,24,176
pos,1.2,0.3807163426464712,37,216,40,33,176
pos,1.2,0.3807163426464712,38,215,39,20,176
pos,1.2,0.3807163426464712,39,219,43,22,176
pos,1.5,0.475895428308089,0,232,56,30,176
pos,1.5,0.475895428308089,1,231,55,22,176
pos,1.5,0.475895428308089,2,231,55,24,176
pos,1.5,0.475895428308089,3,218,42,19,176
pos,1.5,0.475895428308089,4,218,42,19,176
pos,1.5,0.475895428308089,5,233,57,29,176
pos,1.5,0.475895428308089,6,230,54,25,176
pos,1.5,0.475895428308089,7,224,48,15,176
pos,1.5,0.475895428308089,8,217,41,17,176
pos,1.5,0.475895428308089,9,221,45,22,176
pos,1.5,0.475895428308089,10,232,56,19,176
pos,1.5,0.475895428308089,11,223,47,24,176
pos,1.5,0.475895428308089,12,213,37,21,176
pos,1.5,0.475895428308089,13,236,60,25,176
pos,1.5,0.475895428308089,14,231,55,21,176
pos,1.5,0.475895428308089,15,224,48,23,176
pos,1.5,0.475895428308089,16,214,38,22,176
pos,1.5,0.475895428308089,17,249,73,26,176
pos,1.5,0.475895428308089,18,288,112,21,176
pos,1.5,0.475895428308089,19,235,59,18,176
pos,1.5,0.475895428308089,20,238,62,16,176
pos,1.5,0.475895428308089,21,266,90,36,176
pos,1.5,0.475895428308089,22,237,61,19,176
pos,1.5,0.475895428308089,23,223,47,25,176
pos,1.5,0.475895428308089,24,223,47,16,176
pos,1.5,0.475895428308089,25,213,37,26,176
pos,1.5,0.475895428308089,26,222,46,14,176
pos,1.5,0.475895428308089,27,231,55,22,176
pos,1.5,0.475895428308089,28,224,48,20,176
pos,1.5,0.475895428308089,29,254,78,31,176
pos,1.5,0.475895428308089,30,236,60,16,176
pos,1.5,0.475895428308089,31,224,48,21,176
pos,1.5,0.475895428308089,32,239,63,28,176
pos,1.5,0.475895428308089,33,241,65,23,176
pos,1.5,0.475895428308089,34,240,64,24,176
pos,1.5,0.475895428308089,35,234,58,24,176
pos,1.5,0.475895428308089,36,220,44,24,176
pos,1.5,0.475895428308089,37,237,61,23,176
pos,1.5,0.475895428308089,38,236,60,22,176
pos,1.5,0.475895428308089,39,230,54,29,176
pos,2.0,0.6345272377441187,0,259,83,22,176
pos,2.0,0.6345272377441187,1,271,95,28,176
pos,2.0,0.6345272377441187,2,251,75,36,176
pos,2.0,0.6345272377441187,3,243,67,21,176
pos,2.0,0.6345272377441187,4,227,51,22,176
pos,2.0,0.6345272377441187,5,219,43,23,176
pos,2.0,0.6345272377441187,6,225,49,36,176
pos,2.0,0.6345272377441187,7,251,75,29,176
pos,2.0,0.6345272377441187,8,260,84,25,176
pos,2.0,0.6345272377441187,9,263,87,22,176
pos,2.0,0.6345272377441187,10,252,76,25,176
pos,2.0,0.6345272377441187,11,270,94,23,176
pos,2.0,0.6345272377441187,12,244,68,23,176
pos,2.0,0.6345272377441187,13,246,70,31,176
pos,2.0,0.6345272377441187,14,264,88,32,176
pos,2.0,0.6345272377441187,15,242,66,21,176
pos,2.0,0.6345272377441187,16,252,76,28,176
pos,2.0,0.6345272377441187,17,227,51,24,176
pos,2.0,0.6345272377441187,18,236,60,22,176
pos,2.0,0.6345272377441187,19,247,71,30,176
pos,2.0,0.6345272377441187,20,243,67,24,176
pos,2.0,0.6345272377441187,21,255,79,23,176
pos,2.0,0.6345272377441187,22,228,52,27,176
pos,2.0,0.6345272377441187,23,224,48,17,176
pos,2.0,0.6345272377441187,24,227,51,31,176
pos,2.0,0.6345272377441187,25,227,51,20,176
pos,2.0,0.6345272377441187,26,231,55,24,176
pos,2.0,0.6345272377441187,27,238,62,18,176
pos,2.0,0.6345272377441187,28,261,85,23,176
pos,2.0,0.6345272377441187,29,226,50,20,176
pos,2.0,0.6345272377441187,30,246,70,21,176
pos,2.0,0.6345272377441187,31,228,52,32,176
pos,2.0,0.6345272377441187,32,239,63,30,176
pos,2.0,0.6345272377441187,33,276,100,31,176
pos,2.0,0.6345272377441187,34,239,63,29,176
pos,2.0,0.6345272377441187,35,233,57,21,176
pos,2.0,0.6345272377441187,36,221,45,21,176
pos,2.0,0.6345272377441187,37,257,81,22,176
pos,2.0,0.6345272377441187,38,262,86,22,176
pos,2.0,0.6345272377441187,39,221,45,25,176
pos,3.0,0.951790856616178,0,280,104,26,176
pos,3.0,0.951790856616178,1,353,177,20,176
pos,3.0,0.951790856616178,2,235,59,14,176
pos,3.0,0.951790856616178,3,267,91,25,176
pos,3.0,0.951790856616178,4,262,86,24,176
pos,3.0,0.951790856616178,5,259,83,26,176
pos,3.0,0.951790856616178,6,294,118,23,176
pos,3.0,0.951790856616178,7,268,92,21,176
pos,3.0,0.951790856616178,8,276,100,26,176
pos,3.0,0.951790856616178,9,244,68,26,176
pos,3.0,0.951790856616178,10,291,115,40,176
pos,3.0,0.951790856616178,11,277,101,28,176
pos,3.0,0.951790856616178,12,263,87,35,176
pos,3.0,0.951790856616178,13,274,98,22,176
pos,3.0,0.951790856616178,14,251,75,35,176
pos,3.0,0.951790856616178,15,282,106,28,176
pos,3.0,0.951790856616178,16,257,81,28,176
pos,3.0,0.951790856616178,17,269,93,24,176
pos,3.0,0.951790856616178,18,248,72,27,176
pos,3.0,0.951790856616178,19,249,73,28,176
pos,3.0,0.951790856616178,20,243,67,19,176
pos,3.0,0.951790856616178,21,244,68,28,176
pos,3.0,0.951790856616178,22,249,73,26,176
pos,3.0,0.951790856616178,23,297,121,26,176
pos,3.0,0.951790856616178,24,274,98,26,176
pos,3.0,0.951790856616178,25,272,96,24,176
pos,3.0,0.951790856616178,26,262,86,24,176
pos,3.0,0.951790856616178,27,313,137,39,176
pos,3.0,0.951790856616178,28,256,80,31,176
pos,3.0,0.951790856616178,29,282,106,24,176
pos,3.0,0.951790856616178,30,260,84,27,176
pos,3.0,0.951790856616178,31,287,111,29,176
pos,3.0,0.951790856616178,32,249,73,20,176
pos,3.0,0.951790856616178,33,261,85,22,176
pos,3.0,0.951790856616178,34,244,68,17,176
pos,3.0,0.951790856616178,35,261,85,22,176
pos,3.0,0.951790856616178,36,267,91,24,176
pos,3.0,0.951790856616178,37,265,89,30,176
pos,3.0,0.951790856616178,38,298,122,31,176
pos,3.0,0.951790856616178,39,276,100,27,176
pos,5.0,1.5863180943602968,0,297,121,35,176
pos,5.0,1.5863180943602968,1,331,155,27,176
pos,5.0,1.5863180943602968,2,304,128,28,187
pos,5.0,1.5863180943602968,3,396,220,32,181
pos,5.0,1.5863180943602968,4,451,275,26,213
pos,5.0,1.5863180943602968,5,296,120,24,189
pos,5.0,1.5863180943602968,6,314,138,23,176
pos,5.0,1.5863180943602968,7,302,126,27,183
pos,5.0,1.5863180943602968,8,339,163,25,198
pos,5.0,1.5863180943602968,9,300,124,19,179
pos,5.0,1.5863180943602968,10,302,126,30,181
pos,5.0,1.5863180943602968,11,288,112,21,181
pos,5.0,1.5863180943602968,12,339,163,24,176
pos,5.0,1.5863180943602968,13,310,134,23,176
pos,5.0,1.5863180943602968,14,319,143,32,181
pos,5.0,1.5863180943602968,15,341,165,27,182
pos,5.0,1.5863180943602968,16,339,163,22,179
pos,5.0,1.5863180943602968,17,324,148,30,176
pos,5.0,1.5863180943602968,18,274,98,22,176
pos,5.0,1.5863180943602968,19,330,154,25,185
pos,5.0,1.5863180943602968,20,305,129,62,176
pos,5.0,1.5863180943602968,21,258,82,29,176
pos,5.0,1.5863180943602968,22,297,121,25,190
pos,5.0,1.5863180943602968,23,377,201,27,204
pos,5.0,1.5863180943602968,24,308,132,29,182
pos,5.0,1.5863180943602968,25,304,128,25,176
pos,5.0,1.5863180943602968,26,302,126,27,179
pos,5.0,1.5863180943602968,27,332,156,27,176
pos,5.0,1.5863180943602968,28,388,212,36,186
pos,5.0,1.5863180943602968,29,344,168,25,177
pos,5.0,1.5863180943602968,30,281,105,19,176
pos,5.0,1.5863180943602968,31,314,138,30,179
pos,5.0,1.5863180943602968,32,297,121,25,193
pos,5.0,1.5863180943602968,33,337,161,31,176
pos,5.0,1.5863180943602968,34,329,153,23,184
pos,5.0,1.5863180943602968,35,356,180,24,198
pos,5.0,1.5863180943602968,36,308,132,37,176
pos,5.0,1.5863180943602968,37,449,273,28,208
pos,5.0,1.5863180943602968,38,333,157,26,176
pos,5.0,1.5863180943602968,39,289,113,33,178
