type,beta_ratio,mean,std,count,frac,ci95,ci95_frac
neg,0.2,184.15,2.8604285137110694,40,0.010464257301966132,0.8864559803668812,5.0372541218711284e-05
neg,0.35,188.875,3.6246131535407367,40,0.010732753722013865,1.1232792538150445,6.382993827793183e-05
neg,0.5,195.45,8.375636217702038,40,0.011106375724514148,2.595636555491761,0.0001474961106655166
neg,0.7,202.5,8.51243434403687,40,0.011506989430617115,2.638030734060191,0.00014990514456530236
neg,0.85,206.05,8.500226241333003,40,0.011708716899647687,2.6342474038357495,0.00014969015819046196
neg,1.0,210.675,8.665840690423224,40,0.011971530855779067,2.6855718533465414,0.0001526066515141801
neg,1.2,214.875,7.942703473096451,40,0.01221019434026594,2.4614693079228407,0.00013987210523484718
neg,1.5,222.1,11.042574950547607,40,0.012620752358222525,3.4221294315314608,0.00019446127011771
neg,2.0,245.325,19.668258301521888,40,0.013940504602795771,6.095256396449745,0.0003463607453375239
neg,3.0,261.2,21.489651653880486,40,0.01484259574951699,6.659712044286938,0.0003784357338496953
neg,5.0,309.975,39.35211687525976,40,0.017614217524718718,12.195347367346963,0.0006929962136235346
pos,0.2,185.525,3.441731079052056,40,0.010542391180816003,1.0666035117521655,6.06093596858828e-05
pos,0.35,191.95,4.075882789386923,40,0.010907489487441755,1.2631291628536183,7.177685889610287e-05
pos,0.5,196.875,7.257842795988491,40,0.011187350835322196,2.2492287852073045,0.00012781161411565544
pos,0.7,203.0,6.122677476985013,40,0.011535401750198886,1.8974374081768086,0.0001078211960550522
pos,0.85,207.6,7.840722101753324,40,0.011796795090351177,2.4298649535123737,0.00013807619919947573
pos,1.0,216.475,11.410718083428717,40,0.012301113762927605,3.536218170407186,0.00020094432153694658
pos,1.2,217.875,10.43708255729025,40,0.012380668257756564,3.234485394808697,0.00018379846543974866
pos,1.5,231.7,14.270644065748465,40,0.01316626889419252,4.42251841468242,0.00025130801310844526
pos,2.0,243.275,15.752879264699683,40,0.013824014092510512,4.8818678618447695,0.000277410379693418
pos,3.0,268.975,22.178168406028338,40,0.015284407319013526,6.873085596395884,0.0003905606089553293
pos,5.0,325.1,40.801457993054306,40,0.018473690192067283,12.64450283314595,0.0007185193108958944
